lemma,frequency
isik,2989
plikatartu,2447
amet,2239
rahvus,1622
sugu,1349
eestlane,1277
metall,1160
aasta,954
klaas,878
puu,841
puit,793
ameeriklane,712
keskerakondlane,711
naissugu,656
reformierakondlane,642
meessugu,607
soomlane,606
riik,548
venelane,489
sakslane,475
sein,463
vangla,454
vabariiklane,416
kivi,414
demokraat,402
materjal,399
hollandlane,398
plastmass,391
kodu,388
isamaaliitlane,386
esmaspäev,371
kool,354
leedulane,349
rootslane,345
töö,344
nahk,337
papp,329
mai,322
aeg,320
reede,314
enamik,311
andmine,310
teras,310
kuld,298
pronks,296
itaallane,294
eraisik,290
pensionär,279
treener,275
raud,270
riigieelarve,269
tulumaks,266
prantslane,265
olukord,264
elukoht,263
kolmapäev,259
inglane,259
norralane,257
välismaalane,254
kumm,253
teenistus,253
betoon,250
eraldistart,250
päev,249
õhtu,244
lätlane,239
sotsiaaldemokraat,238
haigla,230
plast,225
plastik,225
kodanik,224
elu,219
suitsetamine,212
paekivi,212
koht,206
hõbe,200
menetlus,196
internet,196
jaanuar,186
teisipäev,183
paber,182
serblane,177
külg,176
sotsialist,175
liha,174
maja,173
register,171
kommunist,171
asi,171
tootmine,169
jumal,169
juuli,169
hommik,168
riie,167
aprill,166
ladu,163
plekk,162
ühisstart,162
eestlanna,162
ots,160
linn,159
alumiinium,159
brasiillane,156
tonn,156
auto,155
kriis,155
raha,154
resident,153
ärimees,153
hispaanlane,152
pealinn,151
keel,148
minuaru,148
kodakondsus,147
taanlane,145
soe,145
juuni,144
valitsus,144
rahvaliitlane,143
korter,137
koonderakondlane,137
klass,134
graniit,134
venelanna,131
kroon,130
poolakas,130
miljonär,127
erakond,124
pea,124
poliitika,123
vara,121
märts,121
palestiinlane,121
mäng,120
neljapäev,117
pood,116
vesi,114
maa,113
elanikkond,113
üksikisik,113
leping,112
näitleja,112
pank,110
tippsport,109
karistus,109
konservatiiv,108
miljardär,107
väliseestlane,106
laps,106
sport,105
invaliid,105
islandlane,105
maailm,105
reklaam,105
luu,104
mägi,103
liit,103
marmor,102
kevad,101
muusikal,100
ukrainlane,100
pühapäev,100
auk,99
kesklinn,99
vineer,99
lumi,98
sadam,98
põlv,98
algus,96
tammepuu,96
uks,96
liige,96
september,96
kirjanik,96
vask,96
jää,95
raudbetoon,95
savi,95
narkomaan,94
elevandiluu,94
oktoober,94
eelarve,94
joodik,93
riigikogu,93
keeld,93
asukoht,91
muusika,91
ühiskond,91
sõjavägi,90
austraallane,89
nimekiri,89
sügis,89
tasumine,88
argentiinlane,88
mets,88
haigus,87
arst,87
ülikool,86
serv,85
sõna,85
iraaklane,84
seks,84
kunstnik,83
kangas,82
täispuit,82
kunstnahk,82
august,81
partei,80
maks,80
net,80
teler,79
kanadalane,79
konkurss,79
juut,79
teater,78
tosin,78
kilo,78
pealagi,77
kuritegu,77
detsember,77
villa,77
koalitsioon,77
tšehh,76
paaritund,76
tänapäev,76
ajaloolane,76
november,75
palk,75
kaasmaalane,75
austerlane,74
õnnetus,74
piir,74
tulekahju,74
kunst,73
tehas,73
ida,73
jurist,73
jaapanlane,73
iirlane,72
silm,72
põhikool,72
traat,72
belglane,72
albaanlane,71
alkohoolik,71
tund,71
klubi,70
hiinlane,70
poliitik,70
horvaat,70
ema,69
vastutus,69
aken,69
surm,69
nägu,69
portselan,68
paar,68
reservfond,68
nõukogu,68
alagrupp,68
seadus,68
politsei,67
kreeklane,67
jugoslaavlane,66
suu,66
rivi,66
jordaanlane,66
kile,65
vigastus,65
inimene,65
vastassugu,65
hind,65
tartlane,65
ameeriklanna,64
araablane,63
punkt,63
respublikaan,63
võistlus,63
õhk,62
vald,62
tulevane,62
minumeel,61
pere,61
idee,61
keha,61
advokaat,61
kips,61
käsi,61
edu,60
ajakirjanik,60
seisukoht,60
isa,60
firma,60
vang,59
põlevkivi,59
naine,59
maksmine,59
õpetaja,59
konverents,58
volikogu,58
süda,58
toit,58
ungarlane,58
suvi,57
koondis,57
võim,57
president,57
summa,57
muusik,57
käibemaks,56
film,55
tudeng,55
iga,55
üritus,55
trepp,55
saarlane,55
türklane,54
loodus,54
pool,54
juudisugu,54
konkurents,54
tekst,54
kaitseliitlane,54
eelmüük,53
seminar,53
malm,53
sarn,53
meri,53
eebenipuu,52
keskkonnaala,52
kaal,52
kristlane,52
veebruar,51
teema,51
kaitsevägi,51
nälg,51
prantslanna,51
raadio,51
lääs,51
mitte-eestlane,51
dolomiit,50
mass,50
tulu,50
sari,50
tagatis,50
armeenlane,50
ajateenistus,50
energia,49
ettevõte,49
küla,49
töökoht,49
veerandtund,49
esitamine,48
oodatu,48
vastuvõtmine,48
tähtaeg,48
kodanlane,48
taevas,48
kaunitar,48
soomlanna,47
leiborist,47
sõda,47
šotlane,47
laager,47
abielu,47
mitteresident,47
stress,47
,47
rasedus,46
terror,46
nädal,46
põhi,46
hotell,46
kirik,46
lennujaam,46
ühendus,46
otsus,45
gramm,45
rand,45
ilm,45
tööjõud,45
täitmine,45
lapsepõlv,45
päevakord,45
egiptlane,44
peo,44
karv,44
samet,44
fraktsioon,44
meeskond,44
ajalugu,44
neeger,43
piim,43
asjaarmastaja,43
ekskommunist,43
uustulnuk,43
lastekodu,43
elanik,43
eurooplane,43
sajand,43
ring,43
norm,43
merepõhi,43
pöör,43
politseinik,42
parkla,42
troon,42
olümpiavõitja,42
kord,42
tsiviilisik,42
erakonnakaaslane,42
mõnitei,42
registreerimine,42
eripära,42
šveitslane,42
väeosa,41
väljaandmine,41
portugallane,41
tubakas,41
enesetapja,41
start,41
alkohol,41
vaim,41
käik,40
müük,40
lennuk,40
tallinlane,40
britt,40
selg,40
tagasimaksmine,40
sõjaväelane,40
rootslanna,40
sõiduk,40
veteran,39
nafta-toidu-esi,39
pudel,39
reis,39
raamat,39
suveaeg,39
laulja,39
seisus,39
hoone,39
isamaalane,39
vana,39
itaallanna,39
aine,38
osa,38
kuuepäev,38
saal,38
kogus,38
sakslanna,38
vabadussõda,38
saade,38
demokraatia,38
liiga,38
kuu,37
õhupüss,37
katoliiklane,37
ruum,37
majanduskriis,37
süsteem,37
rass,37
tollimaks,37
filipiinlane,37
kristall,37
lamp,37
projekt,36
jõgi,36
politseiteenistus,36
jänki,36
koosolek,36
võrk,36
parteikaaslane,36
veri,36
tallinn,36
tekstiil,36
vägivald,36
organisatsioon,36
teemakoht,36
sünd,35
perekond,35
kontor,35
reserv,35
buss,35
grusiin,35
riigikogulane,35
lagi,35
tegemine,35
liik,35
pinge,35
liberaal,34
riigilõiv,34
klaasplast,34
linnaeelarve,34
hindu,34
operatsioon,34
armee,34
bulgaarlane,34
vari,34
kindral,34
minevik,34
norralanna,34
mees,34
parlament,33
piirkond,33
arestimaja,33
õigusala,33
näitlejanna,33
arhitekt,33
äärmus,33
maamaks,33
esimees,33
presidendiamet,33
yhe,33
menüü,33
sena,33
finaal,33
karusnahk,33
kultuur,33
esiuks,32
korvpall,32
katastroof,32
peaminister,32
valdus,32
patt,32
pult,32
hagi,32
äriregister,32
titaan,32
apteek,32
tegevteenistus,32
ajalehepoiss,32
telliskivi,31
püstol,31
nailon,31
dollar,31
rool,31
diplomaat,31
bänd,31
põhimõte,31
ajateenija,31
vastane,31
vaesus,31
maakivi,31
kirjandus,31
viisa,31
p2ra,31
rumeenlane,31
varahommik,30
martsipan,30
multimiljonär,30
lõpp,30
võtmine,30
süsinikkiud,30
veidrik,30
kogu,30
pärand,30
tamm,30
pankur,30
sügavus,30
tänav,30
toetus,30
paik,30
sots,30
hääletamine,30
jõupaber,30
häll,30
vokaal,30
kõri,30
tegevus,29
kunstmaterjal,29
probleem,29
seis,29
liiklusõnnetus,29
vilt,29
tükk,29
tellis,29
idioot,29
kuupäev,29
automaat,29
diktaator,28
afgaan,28
jalg,28
kandmine,28
kampaania,28
merevaik,28
hasartmängumaks,28
vanus,28
kontekst,28
pähklipuu,28
mink,28
fond,28
inglanna,28
turg,28
kassa,28
ravi,28
tsoon,27
filoloog,27
tasku,27
professor,27
vaatevinkel,27
erastamine,27
miljoniline,27
lise,27
sõjaväeteenistus,27
pakkumine,27
festival,27
helilooja,27
kaas,27
arvuti,27
sõber,27
indialane,27
õnn,27
mälu,27
telekas,27
töötaja,27
kõnealune,27
higi,26
advokatuur,26
tsinkplekk,26
kallas,26
tuba,26
vrakk,26
kael,26
nimi,26
äri,26
tee,26
plastiliin,26
viha,26
pits,26
kartong,26
armastus,26
sisu,26
moslem,26
mürk,26
aktsiaselts,26
mänedžer,26
õhta,26
karjäär,25
ettevõtja,25
omand,25
tuhk,25
hiinlanna,25
ministriamet,25
lambanahk,25
õu,25
tegu,25
rida,25
suits,25
šokolaad,25
kõrgem,25
ringlus,25
litsents,25
vangistus,25
tööaeg,25
laev,25
majandusala,25
staatus,25
lisaeelarve,25
paksus,25
koonderakond,25
valu,25
muulane,25
liikmesriik,25
austus,25
väljastamine,24
mõiste,24
võsa,24
keskus,24
siitilm,24
füüsik,24
vihm,24
kaitseväeteenistus,24
vaskplekk,24
graafik,24
kasetoht,24
jutt,24
lätlanna,24
rong,24
keskkond,24
eksport,24
torm,24
päikesetõus,24
pension,24
psühhopaat,24
väärismetall,24
valgevenelane,24
väsimus,24
vahtplast,24
pleksiklaas,24
silikoon,23
juhtunu,23
poeg,23
eha,23
toodang,23
kasepuu,23
kriminaalasi,23
kõrgus,23
lõuna,23
polka,23
roll,23
abikaasa,23
tasakaal,23
vastus,23
elekter,23
maikuu,23
reformist,23
udu,23
voodi,23
kaitse,23
häda,23
õppetöö,23
keemik,23
teadlane,23
euroliit,23
poolatar,23
minister,23
homo,23
pakk,23
ommiku,23
nöör,23
linnavalitsus,23
reaalsus,23
eelnõu,23
päike,23
turniir,22
kapp,22
kasutamine,22
lõng,22
hektar,22
eraettevõtja,22
ilu,22
jõud,22
grupp,22
ettevõtlus,22
kapten,22
kuubalane,22
võlg,22
marokolane,22
nimekaim,22
lõpetamine,22
jaam,22
park,22
kooliõpetaja,22
pedofiil,22
paraad,22
kõnepult,22
värav,22
liiklus,22
messing,22
kriitika,22
koolipink,22
koostöö,22
peegelklaas,22
laupäev,22
ühispank,22
uni,22
dissident,22
ühendriiklane,22
kiosk,22
kohus,22
üliõpilane,22
psühholoog,22
juhatus,21
turuhind,21
kogutoodang,21
sild,21
kelder,21
trepikoda,21
järv,21
äär,21
okupatsioon,21
sulg,21
usk,21
alustamine,21
programm,21
narkosõltlane,21
vaha,21
aafriklane,21
seemisnahk,21
ummik,21
elukaaslane,21
kvaliteet,21
tervis,21
jalgpall,21
lepe,21
baar,21
insener,21
keskkool,21
riigiametnik,21
maapind,21
sadul,21
kirikuõpetaja,20
kraav,20
tuul,20
ikkag,20
streik,20
kari,20
küsitlus,20
muld,20
šiiit,20
kant,20
tuumaenergia,20
tolm,20
fotograaf,20
tööparteilane,20
lauljatar,20
lubjakivi,20
bambus,20
käive,20
turismiala,20
kauplus,20
kilomeeter,20
boheemlane,20
maakond,20
haridus,20
mast,20
kooselu,20
viitstart,20
hiidlane,20
hetk,20
madalseis,20
koer,20
maailmameister,20
tegelikkus,20
shveitslane,20
jalgpallur,20
maraton,20
olemine,20
mandaat,20
trahv,20
võit,20
kuuetund,20
majandus,20
konflikt,20
eakaaslane,20
algupära,20
klassika,20
liiter,20
partii,20
kokkulepe,19
tankla,19
algatamine,19
pahe,19
pärisorjus,19
igavus,19
lauljanna,19
mitteväärismetall,19
sportlane,19
ohvitser,19
keskpära,19
aed,19
kaotusseis,19
võimalikkus,19
ekspeaminister,19
laen,19
tehing,19
autorool,19
toll,19
kooma,19
opositsioon,19
sõltuvus,19
protsent,19
tolliladu,19
loetelu,19
kontsert,19
õppeaasta,19
kütus,19
aktsiis,19
mõrv,19
kiri,19
rühm,19
ruutmeeter,19
lambavill,19
etapp,19
jaapanlanna,19
puuvill,19
rahvahääletus,19
kaup,19
prügikast,19
eeter,19
bioloog,19
tulevik,19
kolmveerandtund,19
vanalinn,19
segu,19
paradiis,19
kapital,18
päikeseloojang,18
kasutus,18
lennureis,18
kahjum,18
olümpia,18
seotus,18
omanik,18
põleng,18
promill,18
sajakonn,18
hing,18
ahi,18
osalus,18
fänn,18
fail,18
nafta,18
põhiseadus,18
tõus,18
kanep,18
leht,18
rutiin,18
tiitel,18
tshehh,18
korruptsioon,18
pankrot,18
männipuu,18
ahv,18
peategelane,18
import,18
sort,18
pantvang,18
söök,18
uusmeremaalane,18
süü,18
greate,18
etendus,18
talunik,18
tüll,18
takistus,18
kala,18
kinnipidamiskoht,18
kurv,18
kraad,18
äriala,18
laud,18
välisriik,18
shotlane,18
esiliiga,17
ööpäev,17
sotsialism,17
koduperenaine,17
liiv,17
plaatina,17
vähk,17
öö,17
liibanonlane,17
omaaru,17
tooraine,17
lõuna-aafriklane,17
taimetoitlane,17
nupp,17
bilanss,17
pianist,17
tüdruk,17
kuningas,17
tahe,17
võru,17
relv,17
trükk,17
vaatepunkt,17
lood,17
meesoo,17
gho,17
tele,17
piibel,17
koond,17
kalev,17
makedoonlane,17
suhkur,17
veeb,17
jummala,17
põlvkond,17
klient,17
viiest-kuub,17
paariaasta,17
pensionieelik,17
raamatupidaja,17
sotsiaalmaks,17
liivakivi,17
trenn,17
juhiluba,17
pedagoog,17
vend,17
poroloon,17
leedulanna,17
magnituud,17
midag,17
kataloog,17
allakirjutamine,17
noot,16
pede,16
minek,16
kõne,16
maksumaksja,16
protestant,16
müüja,16
kohustus,16
roolijoodik,16
viirus,16
ühinemine,16
ettevaatamatus,16
ukrainlanna,16
wahe,16
tammepuit,16
haare,16
kiud,16
valim,16
kriminaalvastutus,16
pankrotivara,16
hääl,16
ühiselamu,16
võitja,16
kaitsja,16
täisnahk,16
agronoom,16
ekspertiis,16
arm,16
tšetšeen,16
saba,16
slovakk,16
nõupidamine,16
luuletaja,16
suvila,16
tina,16
hirm,16
suusataja,16
kõrgkool,16
kandideerimine,16
firmajuht,16
imik,16
komisjon,16
kongress,16
sõit,16
stiil,16
valitsusliit,16
naisterahvas,16
erukindral,16
mittekodanik,16
mõis,16
esi,16
immigrant,16
keskpäev,16
foorum,16
vanatüdruk,16
transvestiit,16
list,16
publik,16
rahu,16
tööelu,16
lapseiga,16
laut,16
isikupära,16
meremees,15
õppimine,15
pettur,15
kabinet,15
kemikaal,15
kasum,15
särk,15
häbi,15
oht,15
jooks,15
sõlmimine,15
reklaamimüük,15
nigeerlane,15
saam,15
tütarettevõtja,15
kalur,15
paas,15
hooaeg,15
muda,15
prügi,15
talu,15
orjus,15
ametnik,15
ajakava,15
vahtkumm,15
aktsiisimaks,15
tai,15
kangelane,15
rock,15
ansambel,15
arhiiv,15
ahelsuitsetaja,15
ost,15
silmanurk,15
vargus,15
moekunstnik,15
korrus,15
kõnetool,15
tasu,15
koolipoiss,15
ametikoht,15
grusiinlane,15
tööpäev,15
preester,15
kutse,15
hinnaklass,15
jamaikalane,15
viiuldaja,15
hukk,15
rokkar,15
ekstsentrik,15
pilt,15
ühendusesine,15
saun,15
ajakirjandus,15
orav,15
kohtumine,15
provints,15
meistriliiga,15
ajastu,15
talupidaja,15
suurus,15
hääletus,15
autojuht,15
sloveen,15
reamees,15
mure,15
juht,15
kurd,15
visioon,14
poiss,14
hooletus,14
valimisliit,14
mängija,14
rõõm,14
sihtkoht,14
taak,14
õppus,14
sõjapüss,14
läbimurre,14
era,14
ummikseis,14
jama,14
bosnialas,14
masin,14
hädaolukord,14
koolieelik,14
nurk,14
vahetus,14
vaatenurk,14
vise,14
aru,14
laip,14
piirkiirus,14
ühistu,14
eurosari,14
kaamera,14
haisukott,14
holocau,14
kurss,14
aspekt,14
labor,14
muna,14
kadriorg,14
iisraellane,14
lasteaed,14
pragu,14
raffa,14
sekkumisvaru,14
standardsort,14
vanaema,14
ehitusala,14
kunstiala,14
aadlisoo,14
lavastaja,14
saepuru,14
avarii,14
liiklusala,14
koosseis,14
esindaja,14
üleminek,14
mustlane,14
populist,14
uuring,14
tehnikaülikool,14
elamisluba,14
rahvuslane,14
mehhiklane,14
televisioon,14
tsement,14
olemasolu,14
kork,14
virts,14
hispaanlanna,14
haldjas,14
neitsi,14
ministeerium,13
kell,13
täisterajahu,13
saak,13
mõte,13
kommunism,13
pinnas,13
eluruum,13
koondislane,13
spetsialist,13
finantskriis,13
poisike,13
tehislumi,13
paigaltstart,13
pikkus,13
riigikaitseala,13
šokk,13
seeme,13
enampakkumine,13
aser,13
töönarkomaan,13
garaaž,13
mark,13
talveuni,13
oja,13
teksariie,13
restoran,13
printsiip,13
periood,13
kitarrist,13
minut,13
suurärimees,13
trummar,13
köis,13
toru,13
vajalikkus,13
sidemängija,13
miski,13
õpilane,13
juurdepääs,13
euroskeptik,13
tragöödia,13
liibüalane,13
ungarlanna,13
tõde,13
luba,13
piimatootmine,13
püsitasu,13
praht,13
kindlustus,13
religioon,13
kava,13
present,13
lesbi,13
plaat,13
sitsiillane,13
seisund,13
sunniit,13
kümnekonn,13
jahu,13
rämpspost,13
stuudio,13
malaislane,13
mattklaas,13
sündmus,13
psühhiaater,13
abiturient,13
maa-alune,13
popp,13
meeleavaldus,13
nooruk,13
imporditollimaks,13
korealane,13
bussijaam,13
võimuliit,13
kunstkarusnahk,13
tsivilisatsioon,13
romaan,13
kuur,13
needus,13
eesmärk,13
shokk,13
tüvi,12
eesõigus,12
nohik,12
info,12
agentuur,12
eakoht,12
televiisor,12
liider,12
ortodontili,12
poolfinaal,12
iseseisvus,12
trauma,12
sits,12
kontroll,12
tavakodanik,12
kuulsus,12
rahuleping,12
jõhv,12
kuninganna,12
retk,12
seeee,12
pikendamine,12
situatsioon,12
haud,12
planeeritu,12
arv,12
varjusurm,12
hullumaja,12
südalinn,12
meeter,12
rahvaerakondlane,12
pakistanlas,12
algaja,12
punkar,12
tass,12
kõrv,12
pangaautomaat,12
rallisõitja,12
väherasv,12
koristaja,12
maailmasõda,12
meedia,12
kinnisvara,12
tõu,12
kahekuul,12
kuul,12
istung,12
aseesimees,12
õppemaks,12
liitrine,12
direktiiv,12
kanadalanna,12
kaev,12
okastraat,12
vanapoiss,12
prostituut,12
vanur,12
kõrgliiga,12
austraallanna,12
kaos,12
pensionifond,12
pesa,12
kultuuriala,12
jaht,12
politseiprefektuur,12
kaitseteenistus,12
amatöör,12
teenus,12
terminal,12
tehnoloogia,12
rood,12
keskkonnakaitseala,12
rike,12
täht,12
paat,12
sõprus,12
relvarahu,12
kursus,12
tiitlikaitsja,12
kasv,12
maksuamet,12
kask,12
teadmatus,12
objekt,12
olemus,12
kadedus,12
server,12
külm,12
uudishimu,12
põllumajandus,12
romantik,12
lavastus,12
näitus,11
taimetark,11
autoaken,11
korvpallur,11
medal,11
igaaasta,11
välisministeerium,11
kvalifikatsioon,11
Oscari-võitja,11
koka,11
mobilisatsioon,11
eestimaalane,11
monoliitbetoon,11
tshetsheen,11
eestisoo,11
vann,11
tütar,11
kaitseliit,11
tulirelv,11
poti,11
poissmees,11
suuline,11
tervishoiuala,11
pastor,11
narkomaania,11
viietund,11
identiteet,11
usbekk,11
fiiberklaas,11
rada,11
kaotus,11
impregneerriie,11
reklaamiala,11
viisakus,11
toimunu,11
linnaosa,11
veiseliha,11
telefonikõne,11
tuhatkond,11
austerlanna,11
konventsioon,11
seeria,11
ehitaja,11
töötasu,11
kasiino,11
kitsenahk,11
turvamees,11
rahakott,11
vanametall,11
tatarlane,11
matemaatikaõpetaja,11
pakend,11
kodusõda,11
nõusolek,11
budist,11
abipolitseinik,11
hunnik,11
kassikuld,11
hõbepaber,11
ajakiri,11
kreml,11
poorbetoon,11
ümarlaud,11
keenlane,11
dirigent,11
mootor,11
putka,11
vorm,11
mängujoonis,11
000-lise,11
süüdistus,11
kogemus,11
raps,11
mitteitaallane,11
ekspankur,11
erikool,11
pühapäevahommik,11
ateist,11
matemaatik,11
ekspresident,11
viisakohustus,11
ohver,11
mänguaeg,11
satelliidiala,11
seade,11
maine,11
kurjategija,11
elektrik,11
barokk,11
poolemeeter,11
peegel,11
pär,11
osakond,11
meditsiiniõde,11
iraanlane,11
juhtum,11
peatus,11
hää,11
jaanipäev,11
andmebaas,11
kotiriie,11
eeskiri,11
suhe,11
laureaat,11
vabadus,11
isamaaliit,11
õde,11
kokkupuude,11
tuli,11
kadakapuu,11
äriühing,11
õlekõrs,10
rasv,10
kohtusaal,10
eelkäija,10
sõidugraafik,10
nõudeõigus,10
põrgu,10
polüuretaan,10
kolmik,10
latiino,10
lakknahk,10
filosoof,10
talupoeg,10
ekspolitseinik,10
põhjanaaber,10
küünik,10
koit,10
muuseum,10
belglanna,10
gurmaan,10
pori,10
raudtee,10
saatan,10
kuuemeeter,10
investeering,10
teenistusrelv,10
nõiaring,10
dokument,10
klooster,10
tunnistaja,10
nool,10
väärispuit,10
talvesõda,10
büroo,10
sissetulek,10
homoseksuaal,10
kuupmeeter,10
juuditar,10
ekspress,10
vabariik,10
ullike,10
keskaeg,10
sarnasus,10
hüvitamine,10
fort,10
hooldekodu,10
jõhkard,10
terrorist,10
taanlanna,10
ühing,10
direktor,10
sünnitusmaja,10
alumiiniumsulam,10
mess,10
feminist,10
neljatund,10
nõlv,10
ühissõiduk,10
abielupaar,10
olek,10
koolitus,10
rahandusminister,10
kasvatamine,10
kümnepäev,10
esikolmik,10
fakt,10
linnateater,10
müür,10
habemik,10
lastearst,10
kaugus,10
superstaar,10
kompensatsioon,10
kesköö,10
patiseis,10
jahimees,10
laba,10
esirida,10
loss,10
moraal,10
till,10
meister,10
linnapea,10
teadus,10
looming,10
lõikus,10
salong,10
nurgalöök,10
riigikassa,10
treening,10
pärastlõuna,10
jalgrattur,10
sitt,10
männipuit,10
kraan,10
asotsiaal,10
senaator,10
kanal,10
pats,10
uriin,10
pilliroog,10
tagastamine,10
surmasuu,10
sõiduauto,10
kaubamaja,10
kirjastaja,10
pumppüss,10
sealiha,10
võlausaldaja,10
tagumik,10
silikaat,10
inerts,10
polüetüleen,10
poplaulja,10
seif,10
bitt,10
krokodillinahk,10
iirlanna,10
ike,10
liberaaldemokraat,10
ajagraafik,10
tööline,10
niit,10
edastamine,10
ekskursioon,10
abi,10
väeteenistus,10
heaolu,10
koobas,10
džuut,10
etteaste,10
vereülekanne,10
vaimulik,10
terasplekk,10
tegevsport,10
jahipüss,10
luterlane,10
dopingukontroll,10
majaomanik,10
organism,10
suveräänsus,10
kolleeg,10
esikümme,9
kott,9
slaavlane,9
liimpuit,9
huvi,9
solidaarsus,9
tsentrist,9
sekretär,9
matk,9
ärinaine,9
toime,9
loe,9
kandidaat,9
ehitus,9
telk,9
hiiglane,9
kohvik,9
meistritiitel,9
roosa,9
varrukas,9
indiaanlane,9
jesuiit,9
voor,9
tütarlaps,9
valdkond,9
väljak,9
sõjandusala,9
noormees,9
lahkumine,9
eetika,9
bussijuht,9
aprillikuu,9
võhik,9
karp,9
kära,9
brasiillanna,9
poolepäev,9
avalikustamine,9
võõramaalane,9
mile,9
kodukoht,9
enamus,9
rasestumine,9
rootsieestlane,9
esindus,9
vakstu,9
kitsikus,9
valuutakomitee,9
varakevad,9
rahvaliit,9
seltskond,9
tarkus,9
uraan,9
koll,9
natuur,9
kvoot,9
mode,9
koormus,9
kõrts,9
postkast,9
emissioon,9
elupõletaja,9
leib,9
möödunudnädal,9
vangilaager,9
meel,9
piirivalve,9
välismaailm,9
litt,9
häbelikkus,9
illegaal,9
nali,9
fašism,9
kuulitõukaja,9
uss,9
lasteaiakasvataja,9
muusikaõpetaja,9
supilusikatäis,9
käekott,9
peahoone,9
pervert,9
pärismaalane,9
eraelu,9
number,9
maamees,9
filosoofia,9
mulatitar,9
mööbel,9
marurahvuslane,9
asiaat,9
paine,9
kellakeeramine,9
lambaliha,9
sinuaru,9
vastamine,9
võlglane,9
fliis,9
moderaat,9
ehitusettevõtja,9
laienemisring,9
tagauks,9
vooluvõrk,9
vili,9
vibratsioon,9
andmekogu,9
filminäitleja,9
pealinlane,9
kitarr,9
kannatus,9
kroonu,9
vanaproua,9
tüübikinnitus,9
viiepäev,9
bürokraatia,9
taksojuht,9
isemõtleja,9
kohtunik,9
telefon,9
brutopalk,9
harjumus,9
maasoo,9
tsensuur,9
aruanne,9
bass,9
parteilane,9
artikkel,9
estofiil,9
tähendus,9
koolimaja,9
osavõtt,9
kantsel,9
vanasõna,9
kergmetall,9
kummisegu,9
pääs,9
tiikpuu,9
ajaleht,9
linnakassa,9
luule,9
euro,9
nõudmine,9
leer,9
kunstlumi,9
eelvoor,9
kirurg,9
tõbi,9
rämps,9
maailmarändur,9
ohutusala,9
uelslane,9
rahvuskaaslane,9
lendur,9
agent,9
kabiin,9
abilinnapea,9
rahvas,9
saadikukoht,9
loomaarst,9
kaebus,9
torn,9
tagatisfond,9
meediamagnaat,9
allikas,8
põllumajanduspoliitika,8
misaja,8
joomar,8
naaber,8
lina,8
vormikoht,8
kana,8
galerii,8
aadlik,8
laevahukk,8
tuletõrjuja,8
laulupidu,8
tallinlanna,8
nimistu,8
intsident,8
ideekonkurss,8
vinüül,8
kingsepp,8
tava,8
tipp,8
krahh,8
tõstmine,8
seanahk,8
nda,8
ehitusinsener,8
argipäev,8
statistika,8
mood,8
väikekodanlane,8
pärnakas,8
küsimus,8
saabumine,8
narkoala,8
narkoos,8
rahvastik,8
uruguailane,8
professionaal,8
valmisolek,8
koonduslaager,8
ämber,8
hoidla,8
palee,8
kokkuleppehind,8
hooneregister,8
bassein,8
bensiin,8
rauk,8
türann,8
muutumine,8
altkäemaks,8
ooper,8
külmik,8
põhitöö,8
algkoosseis,8
põgenik,8
eluaasta,8
vastne,8
kodumaa,8
pankrotipesa,8
post,8
pära,8
valgus,8
liikumine,8
pangandus,8
polüglott,8
traktorist,8
petis,8
hollandlanna,8
traditsioon,8
eurovisioon,8
keskvangla,8
tramm,8
kallim,8
hulkur,8
või,8
suund,8
impeerium,8
muslim,8
flanell,8
saar,8
söödu,8
tantsija,8
risk,8
latt,8
lasteasutus,8
distants,8
arutelu,8
juhtkond,8
peavalu,8
peasekretär,8
niiskus,8
naer,8
rahaliit,8
impordimaks,8
puur,8
sundvõõrandamine,8
püss,8
vanadus,8
reisija,8
seedripuu,8
liiklusohutusala,8
kast,8
poksija,8
emigrant,8
siid,8
aut,8
kolmemeeter,8
kadakas,8
valitsuskoalitsioon,8
palgapäev,8
depressioon,8
autoomanik,8
maksumus,8
kadalipp,8
antiik,8
keskpaik,8
standard,8
karikasari,8
lauluvõistlus,8
popstaar,8
sigaret,8
olümpiaküla,8
velvet,8
kutsumine,8
teos,8
tulekivi,8
kavandatu,8
asula,8
valitsuskriis,8
gümnaasium,8
akadeemia,8
allergik,8
rumeenlanna,8
viin,8
maalikunstnik,8
juhtimine,8
jalgpallitäht,8
finaalturniir,8
lukuauk,8
seriaal,8
reedeõhtu,8
prints,8
põud,8
edevus,8
element,8
shokolaad,8
rikkur,8
alluv,8
tupik,8
ballett,8
armulugu,8
mõrtsukas,8
luuser,8
sugulane,8
tippjuht,8
põhk,8
sikh,8
liikmestaatus,8
müügimaks,8
ooperilaulja,8
vatt,8
õlg,8
reostus,8
päritolu,8
narkar,8
erimaterjal,8
toimetus,8
garderoob,8
majandustegevus,8
algkool,8
kopranahk,8
korteriomanik,8
mulk,8
vetoõigus,8
mahl,8
meedik,8
teismeline,8
toomapäev,8
plahvatuskoht,8
vesinik,8
tosinkond,8
jänesenahk,8
kütuseaktsiis,8
olümpiaad,8
filipiinlanna,8
ookean,8
veok,8
arvutiala,8
kristlus,8
maal,8
kogudus,8
korsten,8
video,8
polümeer,8
õlu,8
langus,8
mereala,8
vandeadvokaat,8
surmanuhtlus,8
teooria,8
liitumine,8
põlvevigastus,8
koguprodukt,8
laevahüpoteek,8
turvas,8
blondiin,8
kesksugu,8
punaarmeelane,8
koolikohustus,8
julgeolek,8
asfalt,8
geograaf,8
elektrijaam,8
luureala,8
ostmine,8
osalemine,8
ehmatus,8
erusõjaväelane,8
allkiri,8
puudumine,8
kuritegevus,8
sularahaautomaat,8
koondamine,8
äärelinn,8
hambaarst,8
lennuõnnetus,8
lea,8
missioon,8
mänedzher,8
suvekool,8
tartlanna,8
teenindamine,7
tööandja,7
mässaja,7
töötamine,7
postkontor,7
olulisus,7
odaviskaja,7
laupäevaõhtu,7
taigen,7
täismetall,7
ettevõtlusala,7
tsenter,7
eraomanik,7
lõunakorealane,7
sotsiaalliberaal,7
kere,7
noorteklass,7
kuraditosin,7
volt,7
islamist,7
toimeaine,7
penalti,7
katus,7
krunt,7
ringhäälinguluba,7
sõiduplaan,7
õigusvastane,7
filiaal,7
kollanokk,7
ametiauto,7
patsient,7
stabiliseerimisreserv,7
suhtlemine,7
merevesi,7
menetlemine,7
sadist,7
filter,7
kultuuripoliitika,7
CIF-väärtus,7
saapapuhastaja,7
hiir,7
käputäis,7
alajaam,7
kuulipilduja,7
baas,7
majanduslangus,7
nina,7
merendusala,7
justiitsminister,7
palgafond,7
sammal,7
koolilaps,7
kuusepuu,7
loetu,7
laevakinnistusraamat,7
häving,7
lehm,7
kultuurilooline,7
ülejooksik,7
vallandamine,7
punk,7
õli,7
filmiprodutsent,7
koorem,7
rind,7
režiim,7
märk,7
viir,7
riigiettevõte,7
tekstiilmaterjal,7
soomerootslane,7
miinimumhind,7
ministrikoht,7
areng,7
abielumees,7
veojõud,7
laminaat,7
värdjas,7
sarimõrvar,7
kultuurkapital,7
eksmodell,7
igapäev,7
välisminister,7
ühisraha,7
koppel,7
hügieen,7
veerandfinaal,7
tulemus,7
korpus,7
töökoda,7
vägi,7
vallasasi,7
muinasaeg,7
tase,7
intervjuu,7
ettekandja,7
tuumaprogramm,7
punaarmee,7
kross,7
mõrvar,7
geniaalsus,7
näljasurm,7
jäär,7
narkosõltuvus,7
kipsplaat,7
maadleja,7
naturaalnahk,7
kaklus,7
hülgenahk,7
filmitäht,7
revolutsionäär,7
võistkond,7
verb,7
gümnasist,7
juhataja,7
veto,7
prostitutsioon,7
haav,7
armeeteenistus,7
maapank,7
sõdur,7
skisofreeniline,7
asend,7
näitlejatar,7
heitlus,7
partner,7
roomakatoliiklane,7
valik,7
kand,7
vastastikkus,7
kalanahk,7
marsruut,7
vanameister,7
liivlanna,7
antenn,7
jagu,7
moskvalane,7
bensiinijaam,7
rahapuudus,7
müümine,7
egiptlanna,7
arestikamber,7
mängujuht,7
valgevenelanna,7
keskfraktsioon,7
kohv,7
vanapaber,7
arutamine,7
plaanikoht,7
tiik,7
suli,7
tseremoonia,7
austaja,7
rüütel,7
üürnik,7
aktsiakapital,7
pärandus,7
eurotsoon,7
eestivenelane,7
neid,7
rokk,7
öhtu,7
löök,7
mahagon,7
laine,7
skisofreenik,7
õiguserikkuja,7
maiasmokk,7
tipptennis,7
juust,7
varas,7
isolatsioon,7
saamine,7
vastupanuliikumine,7
suitsetaja,7
kantsler,7
omapära,7
peet,7
ostueesõigus,7
maksuvõlglane,7
nutt,7
draamateater,7
ostuhind,7
aristokraat,7
merepind,7
atmosfäär,7
saast,7
fanaatik,7
trikotaazh,7
seikleja,7
alg,7
imestus,7
piiripunkt,7
hooldus,7
ralli,7
polüester,7
klaaskiud,7
plokk,7
valss,7
kaubamärk,7
armukadedus,7
väljamaksmine,7
kalli,7
raudkivi,7
maarahvas,7
defitsiit,7
ähm,7
saatja,7
mittesuitsetaja,7
etiooplane,7
põllumajandusülikool,7
aktsioon,7
juuksur,7
seaduserikkuja,7
räppar,7
pagas,7
kateeder,7
pikett,7
eksminister,7
rikkumine,7
pataljon,7
erastamisnimekiri,7
demonstratsioon,7
poolaeg,7
korv,7
tõrv,7
maniakk,7
hoov,7
lendstart,7
korruptant,7
teabepäev,7
linnavolinik,7
raamatukogu,7
menu,7
siseminister,7
kihlus,7
kont,7
keskklass,7
huviala,7
kasu,7
kruus,7
tuneeslane,7
penoplast,7
geoloog,7
mõõn,7
filmiala,7
teisitimõtleja,7
pind,7
õppur,7
nõunik,7
viljant,7
disainer,7
gaanalane,7
vundament,7
eterniit,7
ostja,7
kunstiajaloolane,7
väljund,7
ründaja,7
rajoon,7
üheksa-aasta,7
jazz,7
praktika,7
grusiinlanna,7
õhupüstol,7
testament,7
tüli,7
saepuruplaat,7
akadeemik,7
tuur,7
pera,7
elamuühistu,7
tegelane,7
debütant,7
loomaaed,7
tselluliit,7
marli,7
otsin-mesi,7
kalamees,6
konkurent,6
põhjasõda,6
kolonel,6
karsklane,6
väljend,6
paarimeeter,6
produtsent,6
bulgaarlanna,6
karjerist,6
saatus,6
hunt,6
kramp,6
bussiaken,6
ähvardus,6
sõltumatus,6
supermodell,6
tunnustamine,6
pabernöör,6
suitsiiditerrorist,6
karikas,6
pärisori,6
asfaltbetoon,6
häkker,6
hea,6
energiaala,6
sõnnik,6
pillimees,6
palat,6
voolik,6
välislätlane,6
kuberner,6
täisklaas,6
uimastisõltuvus,6
lapsevanem,6
jääauk,6
sekkumine,6
kass,6
kriisiolukord,6
peatoimetaja,6
sitavares,6
piirivalvur,6
päästeala,6
kohusetunne,6
auraha,6
filmistaar,6
kest,6
ülekoormus,6
kaamelinahk,6
säde,6
valuuta,6
aju,6
rongkäik,6
arhitektuur,6
vabastamine,6
rahvaparteilane,6
terrorism,6
staap,6
mustlanna,6
emaüsk,6
üksindus,6
paremäärmuslane,6
idasakslane,6
türm,6
olümpiakoondis,6
aktivist,6
kää,6
päevaleht,6
baltisakslane,6
põlisrahvus,6
oksjon,6
telestaar,6
laupäevahommik,6
kobakäpp,6
puurkaev,6
multimiljardär,6
mänd,6
loogika,6
inimsööja,6
õigus,6
lähiminevik,6
kevlar,6
folklorist,6
eksmaailmameister,6
koletis,6
seisukord,6
kahur,6
maagaas,6
kabel,6
edetabel,6
sarv,6
aafriklanna,6
hooldaja,6
müügisaal,6
sundüürnik,6
näitekirjanik,6
draama,6
proov,6
eelring,6
rannik,6
gaas,6
heli,6
reformaator,6
test,6
nõmm,6
turist,6
ebaedu,6
vallavanem,6
hulgiladu,6
kamerunlas,6
põder,6
iseõppija,6
filantroop,6
pakkuja,6
peastaap,6
esteet,6
planeet,6
viig,6
müra,6
hotellituba,6
kohtualune,6
meeleolu,6
mõtlemine,6
lift,6
ühisveevärk,6
suursaadik,6
automaatrelv,6
nisu,6
saaste,6
pruut,6
tehismaterjal,6
j2rje,6
sloveenlane,6
lõhkeaine,6
meeskonnakaaslane,6
meditsiiniala,6
maailmaklass,6
huumor,6
määramatus,6
tagatuba,6
põgus,6
alžeerlane,6
naturaalpuit,6
jalgratas,6
rühmaülem,6
viljelus,6
kunstiteadlane,6
vedur,6
kolumblane,6
sell,6
kehtestamine,6
arest,6
pisku,6
hetkeolukord,6
mittepoliitik,6
boks,6
valimine,6
tops,6
katlamaja,6
rahulolematu,6
nats,6
poliitel,6
õigusemõistmine,6
tailane,6
naisoo,6
operaator,6
linnaametnik,6
puhkus,6
käimine,6
piparkook,6
eduseis,6
kelmus,6
reovesi,6
hiphop,6
hüpoteek,6
rumalus,6
pesamuna,6
taksofon,6
koeranahk,6
erupolkovnik,6
industriaalühiskond,6
oblast,6
üldkoosolek,6
kelm,6
politseiametnik,6
maksustamine,6
õppelaen,6
erak,6
tuhkatriinu,6
laar,6
argpüks,6
vihmasadu,6
klaasfiiber,6
kurjus,6
kaotaja,6
nägija,6
satanist,6
katk,6
kontakt,6
piirmäär,6
pätt,6
keraamik,6
uimastisõltlane,6
maaomanik,6
mülgas,6
nisujahu,6
kalapüük,6
klientuur,6
igahommik,6
kirsipuu,6
kvaliteediala,6
määramine,6
kurat,6
troll,6
leitnant,6
pimedus,6
väärtus,6
minategelane,6
trikotaaž,6
tadžikk,6
riigiarhiiv,6
ebakindlus,6
teravili,6
jalakäija,6
koduarvuti,6
kasahh,6
saatejuht,6
nelik,6
hasartmäng,6
kosmos,6
külmkapp,6
karistuslöök,6
liikmeskond,6
sprint,6
kompenseerimine,6
kokkutulek,6
palve,6
nümfomaan,6
klaasvill,6
hädavares,6
pakt,6
rahapoliitika,6
täiskasvanu,6
nostalgia,6
suguvõsa,6
otlane,6
ruupor,6
riigiabi,6
eraldatus,6
drillprogramm,6
valimisõigus,6
loobumine,6
tervik,6
neljakuul,6
tainas,6
infarkt,6
kogusumma,6
kaevandus,6
peakorter,6
baptist,6
kaalujälgija,6
aborigeen,6
palgatõus,6
holokaust,6
kümnendik,6
allveelaev,6
luuraja,6
sensitiiv,6
füüsikaõpetaja,6
afroameeriklane,6
parlamendisaadik,6
hinnatõus,6
osaühing,6
naps,6
pingutus,6
farm,6
kandja,6
kaugvise,6
naissaar,6
ideoloogia,6
praega,6
jeemenlane,6
kandidatuur,6
mehhiklanna,6
tuvastamine,6
alghind,6
homoseksualist,6
võõrkeel,6
diislikütus,6
propaganda,6
muutmine,6
vats,6
kreeklanna,6
durum-jahu,6
kuningriik,6
male,6
sõjaveteran,6
sõidukiirus,6
vapustus,6
süsinikfiiber,6
mudel,6
rahvastikuregister,6
palavus,6
katsumus,6
mugavus,6
skulptor,6
maanõunik,6
välisuks,6
gei,6
hääleõigus,6
puhvet,6
standardpüstol,6
ülemkohus,6
ebaõnnestumine,6
rattur,6
kino,6
kasepuit,6
kopsupõletik,6
tippkohtumine,6
viljandlane,6
kongolane,6
keskjoon,6
protsess,6
raudteejaam,6
imelaps,6
järelevalve,6
residents,6
sudaanlane,6
tegevusluba,6
euroraha,6
lemmik,6
polikliinik,6
kehakaal,6
ehitamine,6
määrus,6
kõrvalhoone,6
autor,6
linlane,6
pää,5
lojaalsus,5
vaimel,5
juhtimisõigus,5
melomaan,5
õpik,5
suluseis,5
riigikaitse,5
arheoloog,5
põllumajandusminister,5
reid,5
vanematekodu,5
keemia,5
kübar,5
mentaliteet,5
esikuuik,5
vaateväli,5
poolteiseaasta,5
karunahk,5
kahtlus,5
prükkar,5
idealist,5
võlur,5
hang,5
alate,5
ülem,5
riigipiir,5
labürint,5
erastamisõigus,5
vaikus,5
tutvumine,5
kaksik,5
elamus,5
peakontor,5
intelligent,5
rätsep,5
sõnn,5
ühiskonnaelu,5
vaidlustamine,5
reporter,5
ettepanek,5
riietusruum,5
kolumbialane,5
referendum,5
aastatetagune,5
joon,5
veterinaar,5
lennuväli,5
plaadifirma,5
luik,5
tutvus,5
tuumaenergiaala,5
brokaat,5
kvartal,5
miiting,5
külv,5
politseijaoskond,5
ketas,5
lihast-luu,5
koalitsioonileping,5
osariik,5
vaherahu,5
peksmine,5
pekk,5
variant,5
matš,5
nakkus,5
uudis,5
merejalaväelane,5
viga,5
viisavabadus,5
ühetund,5
kinnistusraamat,5
nõid,5
tsütopaatili,5
CIF-hind,5
kapo,5
vaimuhaigla,5
tilk,5
karistusregister,5
graafika,5
liivlane,5
kallaletung,5
helisalvesti,5
intellektuaal,5
link,5
subjekt,5
kaitseminister,5
loomanahk,5
lakk,5
avaring,5
sisikond,5
kategooria,5
EÜSlane,5
astumine,5
elustiil,5
viiekuul,5
tööpõhimõte,5
märgistusmasin,5
kerjus,5
seksuaalsus,5
pangatöötaja,5
toode,5
varjupaik,5
metsavaras,5
küünarnukk,5
julgestuspolitsei,5
monopolist,5
jalatald,5
joobeekspertiis,5
elektrivõrk,5
distsipliin,5
polüamiid,5
väljasuremisoht,5
ohtlikkus,5
tants,5
põllumaa,5
õnnetuspaik,5
tšiillane,5
naistemees,5
antropoloog,5
täispiim,5
kapitalist,5
maantee,5
võõrustaja,5
paharet,5
varandus,5
teatriala,5
investor,5
süürlane,5
kroomnahk,5
perifeeria,5
kaardilugeja,5
tagarida,5
töökaitseala,5
kautsjon,5
meditsiin,5
muinsuskaitseala,5
eelarveaasta,5
piirileping,5
väärispuu,5
lõunaosariiklane,5
riigiamet,5
teekond,5
võimsus,5
segadus,5
puudujääk,5
katlakivi,5
süüdlane,5
keskmängija,5
taotlemine,5
pubi,5
välk,5
rahatrahv,5
müügihind,5
asepresident,5
kopter,5
naiivitar,5
võidusõit,5
maakera,5
karu,5
päevapoliitika,5
heinakuhi,5
võlanõue,5
kantselei,5
melu,5
elust-olu,5
riidekapp,5
välispoliitika,5
hingeõhk,5
baleriin,5
kinosaal,5
tõsidus,5
võrdsus,5
ülekaal,5
neljapäevaõhtu,5
pikselöök,5
edukus,5
politseiamet,5
rate,5
peatreener,5
roots,5
mahajäämus,5
offli,5
tähelepanu,5
keskparteilane,5
günekoloog,5
palgatöö,5
valge,5
uimastiala,5
sodi,5
ümbrikupalk,5
energeetikaala,5
k2e,5
humanitaar,5
literaat,5
natsionalist,5
ööklubi,5
avamine,5
punker,5
kõrb,5
muutus,5
eneseimetleja,5
embargo,5
maavõistlus,5
kättemaks,5
annelinn,5
hetkeseis,5
kriminaalkaristus,5
neljanädal,5
kaader,5
institutsioon,5
valija,5
alkoholiaktsiis,5
kinnisvaraärimees,5
maksuala,5
klaver,5
mongol,5
CIF-impordihind,5
abisaaja,5
vanapiiga,5
kaupmees,5
taim,5
põrge,5
üksmeel,5
argirutiin,5
piletimüük,5
monopol,5
muuseumikogu,5
sisearhitekt,5
hammustus,5
püütoninahk,5
lutt,5
erutus,5
tempel,5
eelarvepoliitika,5
proff,5
föderatsioon,5
köig,5
ringhääling,5
dopinguproov,5
tera,5
isamaa,5
kasarm,5
protest,5
surmahirm,5
kiirrünnak,5
supp,5
põllumajandussektor,5
süsi,5
kiusatus,5
vahtrapuu,5
kolhoosiesimees,5
autoraadio,5
pühapäevaõhtu,5
ettemaks,5
maksuvõlgnik,5
komöödia,5
kurk,5
jalavigastus,5
purjeriie,5
looder,5
jaemüüja,5
piletilevi,5
laul,5
üllate,5
küünal,5
õpe,5
lihasööja,5
telekava,5
raekoda,5
kultuuriinimene,5
pealik,5
suurtükk,5
nädalavahetus,5
köide,5
erafirma,5
preemia,5
riigiteenistuja,5
rohuküla,5
koloniaalvõim,5
naljahammas,5
kilogramm,5
aids,5
googel,5
roog,5
skandaal,5
klaasike,5
ori,5
kaitseväelane,5
presidendikandidaat,5
sõjamees,5
endoskoopili,5
gay,5
skeptik,5
säte,5
maapõu,5
naba,5
manalamees,5
filmirezhissöör,5
pohmell,5
hipi,5
piirang,5
kihutaja,5
ahelsilmus,5
vagun,5
pääva,5
kiht,5
võitlus,5
topeltmaksustamine,5
sapp,5
ilueedi,5
katel,5
sekund,5
garaazh,5
rohi,5
laht,5
esinemine,5
finiš,5
lüpsja,5
kaitsepolitseinik,5
keenialane,5
koolitüdruk,5
sääsk,5
erand,5
mänguplaan,5
keskliit,5
porgand,5
umbusaldus,5
nukk,5
komnoor,5
tiigrihüpe,5
deklaratsioon,5
lisatasu,5
toetusraha,5
populaarsus,5
vannituba,5
parteisõdur,5
alateadvus,5
mõistus,5
kantsleriamet,5
rannavesi,5
kergejõustik,5
tulek,5
majandusteadlane,5
tapmine,5
silmaarst,5
uim,5
tööerakondlane,5
orden,5
unustus,5
ihk,5
pagulane,5
sõbranna,5
välisleedulane,5
vajadus,5
õhusaaste,5
ostusoov,5
haavapuu,5
energeetika,5
sülelaps,5
allianss,5
tehnokraat,5
vaegnägija,5
seekordne,5
paak,5
palgatööline,5
ehitustööline,5
foolium,5
ametivend,5
vallasema,5
põhitöökoht,5
erudiit,5
purk,5
tõrvapapp,5
mahuti,5
rattaralli,5
regionaalpoliitika,5
klaasplastik,5
väikelinn,5
reegel,5
vürstisoo,5
uusrikas,5
ametipalk,5
dialoog,5
sool,5
tehnika,5
möödunudreede,5
stabiilsus,5
natuke,5
põlevkiviõli,5
tapatöö,5
teadusala,5
firmaomanik,5
vedel,5
kvarts,5
tiraaž,5
õppeasutus,5
teoloog,5
parkimiskord,5
sõnavõtt,5
kaitse-eelarve,5
repertuaar,5
bürokraat,5
tualett,5
valimiskampaania,5
psühholoogiaala,5
arvutifriik,5
põhjamuda,5
küngas,5
sätestatu,5
kosmopoliit,5
rekord,5
võsaklaas,5
kokkuhoid,5
kahe-aasta,5
reform,5
lõhe,5
humorist,5
visiit,5
sõrm,5
maareform,5
elutuba,5
stseen,5
kõht,5
ärimaa,5
avavile,5
klaasitäis,5
kohtuasi,5
kutsekool,5
kohtuistung,5
prominent,5
keskkaitsja,5
valimisvõitlus,5
funktsioon,5
perse,5
tarvitamine,5
tundmatus,5
riigimets,5
kirjastus,5
südaöö,5
äriplaan,5
poolestsaja,5
doping,5
põllukivi,5
isiksus,5
ekspert,5
lein,5
personal,5
võimalus,5
elektrienergia,5
krepp-paber,5
regatt,5
lukk,5
mina,5
kraam,5
talupojaseisus,5
romula,5
vabaagent,4
imbetsill,4
karjus,4
lits,4
pagan,4
grafiti,4
kostariikalane,4
mittekommunist,4
koolivägivald,4
raev,4
infotehnoloogiaala,4
elektrilühis,4
suvekodu,4
räpp,4
A-proov,4
võistlussport,4
komandeering,4
lihtmenetlus,4
välisinvestor,4
teenimine,4
kunstikool,4
panek,4
performance,4
enesekindlus,4
rivaliteet,4
käsikiri,4
raskus,4
visiiditasu,4
metallkonstruktsioon,4
panel,4
vanem,4
tervishoid,4
koduaed,4
ülesanne,4
metroojaam,4
põhirahvus,4
põnevus,4
pettumus,4
esseekonkurss,4
parlamendiliige,4
rahvamees,4
geotekstiil,4
jooksva,4
punumismaterjal,4
kollektsioon,4
üksiküritaja,4
teatridirektor,4
alge,4
tööhõiveala,4
karistamine,4
avang,4
kaubandus,4
sotsiaalabi,4
karistusala,4
peaministriamet,4
roostevabateras,4
eksmiss,4
kaheksatund,4
lõunasöök,4
kivivill,4
oktoobrikuu,4
paavst,4
rist,4
lihast-veri,4
viinanina,4
osutamine,4
eessõitja,4
ebaõnn,4
lennundusala,4
akt,4
poolteisetund,4
majandusmees,4
jaanuarikuu,4
sära,4
elektriala,4
pandiõigus,4
soov,4
turkmeen,4
rahuvalveala,4
põrand,4
põhjapolaarjoon,4
algharidus,4
peremees,4
termoplastik,4
ostusumma,4
koige,4
kiirusepiirang,4
trio,4
uriiniproov,4
toetamine,4
varustus,4
maksuametnik,4
rubriik,4
sedaan,4
linnakohus,4
sellep2ra,4
uhe,4
ERSPlane,4
vabadusvõitleja,4
raba,4
kinnisvarafirma,4
sõpruskond,4
kultuuriminister,4
põhikoosseis,4
kursusekaaslane,4
somaallane,4
astroloogia,4
rinnapiim,4
ajalooprofessor,4
MK-etapp,4
varitsus,4
elevant,4
pederast,4
delf,4
abi-elu,4
laparoskoopili,4
ärevus,4
dominiiklane,4
etikett,4
tolerants,4
toore,4
süsinik,4
šveitslanna,4
ristmik,4
prokuratuur,4
politseimaja,4
teenindusmaja,4
meeleheide,4
kolhoos,4
platvorm,4
flegmaatik,4
sööt,4
peenete,4
peauks,4
muinasjutt,4
geto,4
riiulifirma,4
moraalijünger,4
jaoskond,4
lateks,4
läinudreede,4
huligaan,4
mausoleum,4
sõjaväelendur,4
paralleel,4
rahahäda,4
graffiti,4
paigalstart,4
sex,4
selts,4
meestevihkaja,4
troonipärija,4
suguelu,4
kokkuvarisemine,4
IT-ala,4
tööhõiveamet,4
tähestik,4
pooleteisttund,4
inimnahk,4
bituumen,4
pilet,4
kunstkiud,4
ümbrik,4
põhjaiirlane,4
poolkaitsja,4
puitmaterjal,4
kanaliha,4
kõõm,4
päevakava,4
marss,4
toimetaja,4
rentnik,4
olevik,4
normaalsus,4
otseladustus,4
argielu,4
kasutaja,4
pukk,4
avaldamine,4
vähesool,4
postitus,4
käsumajandus,4
kompartei,4
presidendipalee,4
silt,4
artroskoopili,4
majandussurutis,4
astronoom,4
afroameeriklanna,4
automaks,4
kääbus,4
tiim,4
postiljon,4
nikkel,4
loode,4
ehitis,4
loomasõber,4
vangipõli,4
peruulane,4
pangandusala,4
katse,4
takso,4
vandel,4
tagasitulek,4
värv,4
ussinahk,4
kinnisasi,4
psühhiaatriahaigla,4
derivaat,4
jooksja,4
aspirant,4
isamaliitlane,4
tuuker,4
veekogu,4
müügiobjekt,4
ekraan,4
tootja,4
hüvitis,4
pulm,4
eraklient,4
munitsipaalpolitsei,4
hilisõhtu,4
keskosa,4
paha,4
üksikema,4
konteiner,4
ekspeditsioon,4
kann,4
talumees,4
talumaja,4
alev,4
õhupall,4
rivaal,4
telesari,4
kellaaeg,4
heroiinisõltlane,4
piraatlus,4
reservatsioon,4
viru,4
olümpiakuld,4
lapsepõlvekodu,4
asupaik,4
rattaretk,4
unistaja,4
lõige,4
suutlikkus,4
aktsia,4
kokaiin,4
google,4
massiivpuit,4
taust,4
maht,4
milleg,4
sõjategevus,4
seisak,4
remont,4
kliinik,4
paduvihm,4
värss,4
kauplemisluba,4
maitse,4
rukkijahu,4
hein,4
värk,4
mineraalvill,4
perearst,4
unistus,4
stalinist,4
tsükkel,4
telekanal,4
tsivilist,4
pleenum,4
mõttekaaslane,4
seelik,4
HI-viirus,4
väljasaatmislaager,4
laevavrakk,4
arendamine,4
vanamees,4
ensümaatili,4
reaktsioon,4
piraatkaup,4
mander,4
piip,4
polükarbonaad,4
laenujääk,4
rahulepe,4
tool,4
astmaatik,4
aserbaidzhaanlane,4
eurosport,4
bioplast,4
prefektuur,4
omanikering,4
plüüs,4
nulltolerants,4
vulcan,4
tarkvara,4
koidik,4
emakeel,4
õpitu,4
lõunanaaber,4
jõulurahu,4
näpuots,4
treeninglaager,4
metsik,4
kauss,4
kohtumaja,4
sponsorlus,4
administratsioon,4
ühekuul,4
kretiin,4
muusikaala,4
õhkrelv,4
sportpüss,4
tardumus,4
rapsiõli,4
loeng,4
jalgpallifänn,4
turumajandus,4
pesupulber,4
riigitöö,4
käekäik,4
eraldi-start,4
kogenematus,4
toksikomaan,4
kalmõkk,4
kriminaalpolitseinik,4
play-off,4
vastupanu,4
autosport,4
muster,4
perspektiiv,4
ravikindlustus,4
tuleohutusala,4
kinnisvaraarendaja,4
pädevus,4
riskipiirkond,4
pühakoda,4
omakasu,4
purpurpunane,4
mängur,4
saudiaraablane,4
vahend,4
favoriit,4
kroonprints,4
enesetapp,4
silmapilk,4
keskkonnaminister,4
hüvitus,4
floralane,4
inimsugu,4
elamine,4
lasteaednik,4
lutipudel,4
parteijuht,4
tulnuk,4
plüüš,4
seelikukütt,4
leid,4
pööning,4
eksjustiitsminister,4
kooliaeg,4
impotent,4
kasulikkus,4
hobi,4
maksegraafik,4
vähktõbi,4
autist,4
kasvuanum,4
morsakihv,4
pagulus,4
tibi,4
poeet,4
eelisostuõigus,4
kahetonn,4
maamaja,4
magustoit,4
teatesõit,4
puhver,4
tegelemine,4
draamanäitleja,4
kolle,4
marksist,4
and,4
kinnisvaraala,4
kosmonaut,4
gue,4
tarbija,4
kirjapilt,4
nikotiin,4
koduaken,4
tarnija,4
supermarket,4
revolutsioon,4
lõuend,4
üllataja,4
võistlemine,4
mustlasrahvus,4
bioloogia,4
sõrmus,4
pohmelus,4
despoot,4
komsomol,4
armeenlanna,4
koguimport,4
tippmark,4
ümbruskond,4
sünnipäevalaps,4
kaart,4
südametemurdja,4
organ,4
autsaider,4
mini,4
ilukirjandus,4
käsitööline,4
kagu,4
stabilisatsioonireserv,4
mehaanik,4
saatkond,4
kriitpaber,4
väljasõit,4
sadu,4
lahendamine,4
õppekogunemine,4
dzhäss,4
originaal,4
linnakodanik,4
tippkommunist,4
piloot,4
klubikaaslane,4
narkodiiler,4
sotsiaal-demokraat,4
elukutse,4
aktsiapakk,4
maalija,4
misjonär,4
edel,4
kaamelivill,4
janu,4
pühak,4
väin,4
köök,4
magneesiumsulam,4
autoregister,4
sel,4
valimisnimekiri,4
barrel,4
ülemus,4
tiigipuu,4
vöökoht,4
olümpiasangar,4
kuumus,4
plahvatus,4
sahver,4
tuumafüüsik,4
lapselaps,4
pronkssõdur,4
õiglus,4
hoiukassa,4
pooldaja,4
ametiühing,4
analüüs,4
võlgnik,4
raie,4
inimkond,4
eripension,4
finantseerimine,4
kavakoht,4
paadipõgenik,4
kütke,4
üleskutse,4
juhend,4
lähtejoon,4
lastejooks,4
vaenlane,4
suhtumine,4
mart,4
maastur,4
kõrkjas,4
haiglavoodi,4
koolijuhataja,4
vatiin,4
ristik,4
depoo,4
uppumissurm,4
ahnus,4
erastamiskava,4
pooleteiseaasta,4
naistelemmik,4
põllumees,4
lurjus,4
tippsportlane,4
inimõigusala,4
maijooks,4
tagasiastumine,4
sulane,4
rektor,4
matsh,4
tekstiilikunstnik,4
vabadusvõitlus,4
koor,4
süütunne,4
taara,4
klahvpillimängija,4
kergejõustiklane,4
sellei,4
kriminaal,4
müüt,4
söökla,4
naabrimees,4
kogumass,4
olümpiamedal,4
kuupalk,4
muhk,4
stabilisatsioonifond,4
õigussubjekt,4
ränidioksiid,4
panemine,4
eelarvamus,4
debatt,4
ennustusvõistlus,4
major,4
gollist,4
vanglateenistus,4
üksikmüük,4
wannabe,4
turuhoone,4
päritoluriik,4
paksmagu,4
metropol,4
ülemmäär,4
puutumatus,4
lima,4
rööv,4
vein,4
võõrleegionär,4
apellatsioonkaebus,4
atlas,4
põhjapõdranahk,4
visionäär,4
beebi,4
ekskorvpallur,4
kasukas,4
ballast,4
hämarus,4
vähemusrahvus,4
pikamaajooksja,4
orjapõli,4
lähtekoht,4
aserbaidžaanlane,4
ratifitseerimine,4
sundosa,4
seaduseelnõu,4
vägistaja,4
punapea,4
seakasvataja,4
ettevõtmine,4
sotsiaalfond,4
kirjandusteadlane,4
videokaamera,4
linnahall,4
loterii,4
sulepea,4
vimb,4
mikrokiud,4
täisalumiinium,4
kriminaalmenetlus,4
politseikool,4
logopeed,4
abiraha,4
stsenarist,4
sissenõudmine,4
rahastamine,4
privaatsus,4
komplekt,4
argentiinlanna,4
usaldus,4
doktor,4
anum,4
imago,4
asutamine,4
muusikateadlane,4
kasvatusasutus,4
liliput,4
pabermass,4
üksik-jalaväepataljon,4
šotlanna,4
sotsiaalosakond,4
kordne,4
vaktsineerimine,4
endaaru,4
foto,4
sentimeeter,4
mandumine,4
tapamaja,4
saadikupuutumatus,4
reisibüroo,4
mees-mesi,4
tööstus,4
vastuvõtt,4
tank,4
autokaupmees,4
peanäitejuht,4
konn,4
monitor,4
liikluseeskiri,4
koeraomanik,4
geel,4
pleks,4
nõbu,4
pujään,4
katkestus,4
lugem,4
haridusministeerium,4
alammäär,4
tehnoloogiafirma,4
aruandeaasta,4
õppejõud,4
puldan,4
pant,4
loovus,4
mõtteviis,4
alevik,4
lipp,4
asutus,4
inimluu,4
kuivik,4
salk,4
rassist,4
kinnipidamisasutus,4
ainus,4
tõsielusari,4
mererand,4
taskuvaras,4
kuurort,4
tartu,4
mütoloogia,4
ujumine,4
reisijatevedu,4
joogivesi,4
rahuvalvaja,4
rahvuskoondis,4
oranž,4
pugeja,4
mereväeohvitser,4
waleslane,4
hobune,4
kaevur,4
eramu,4
ettevõtteregister,4
veiniaasta,4
lehtmetall,4
maaelu,4
vitriin,4
kartus,4
tviid,4
treeneriamet,4
kilovatt-tund,4
parafiin,4
koolidirektor,4
programmeerija,4
kosmeetik,4
puhumine,4
analüütik,4
ego,4
röövel,4
uneaeg,4
demagoog,4
maavanem,4
riigikohus,4
klassik,4
unenägu,4
ääremaa,4
spordiala,4
baasmäär,4
ükskõiksus,4
positsioon,4
polüvinüülkloriid,4
reklaamiraha,4
lihtjahu,4
linnamees,4
rahandusministeerium,4
peatükk,4
neurokirurg,4
teflon,4
tunnel,4
metsaülem,4
disko,4
mäss,4
igihali,4
puudus,4
reformi-erakondlane,4
tõvevoodi,4
sissetoomine,4
klassiõde,4
kükk,4
peenvill,4
spordifanaatik,4
veoauto,4
lihtliige,4
viletsus,4
vanglakaristus,4
looja,4
transpordivahend,4
purjetaja,4
liigvesi,4
sobimatus,4
paisjärv,4
töötukassa,4
eksiil,4
patsifist,4
maksumaksmine,4
emadus,4
avaldus,4
modernism,4
vallasvara,4
toiming,4
leegionär,4
lõss,4
tuumarelv,4
põlvelõikus,4
isatalu,4
ostupakkumine,4
indoneeslane,4
tähtpäev,4
robot,4
juhikabiin,4
vabapüstol,4
rahvusvaluuta,4
vangimaja,4
ajalooala,4
contra,4
fekal,4
eesuks,4
koolitusala,4
ebastabiilsus,4
režissöör,4
tiir,4
talv,4
väikeettevõtja,4
puertoriikolane,4
sipelgas,4
vöör,4
jaan,4
eunuhh,4
loomine,4
juunikuu,4
talllinn,4
ühiskassa,4
õppepäev,4
mittetulundusühing,4
kiviaeg,4
mihklipäev,4
pakkumismenetlus,4
saksasoo,4
macho,4
bussipeatus,4
muu,4
rajaja,3
massiiv,3
2,3
tööpiirkond,3
natsism,3
alllinn,3
kadumine,3
linnakära,3
siidkangas,3
MM-sari,3
ajahammas,3
võõrrahvus,3
pesakond,3
polkovnik,3
neutraliteet,3
äärmuslane,3
asendusteenistus,3
arvutifanaatik,3
killustik,3
alzheerlane,3
ratsutaja,3
turism,3
eeljooks,3
surnu,3
miinimumpalk,3
anonüümsus,3
looduskivi,3
delegatsioon,3
avalöögikoht,3
integratsioon,3
ite,3
t6s,3
elumaja,3
klapp,3
kate-kate,3
täiuslikkus,3
väljaminek,3
veepeegel,3
ebaterve,3
irvhammas,3
üldreegel,3
valem,3
südamearst,3
anarhist,3
valetaja,3
turuliider,3
sperma,3
lahutus,3
lastekirjandus,3
maleolümpia,3
skorpion,3
neegrinaine,3
jaanalinnunahk,3
õhtujuht,3
tint,3
ignorant,3
puuriit,3
hasartmängusõltlane,3
kašmiir,3
pilvelõhkuja,3
tsiviilkäive,3
linnainimene,3
vahukoor,3
trükivalk,3
jutuajamine,3
reservohvitser,3
metroo,3
eriteras,3
allahindlus,3
solk,3
piinlikkus,3
kunstikoguja,3
dramaturg,3
mittejurist,3
EMElane,3
rongijaam,3
niin,3
tehnikaala,3
koorilaulja,3
urg,3
pesusamet,3
auhinnaraha,3
karuputk,3
morfiin,3
valimisjaoskond,3
halastus,3
shifoon,3
kipskrohv,3
igatsus,3
opositsionäär,3
kohting,3
inimkeha,3
raport,3
südamehaigus,3
viieminut,3
ratas,3
arsenal,3
helitehnik,3
kunstiteos,3
iludusvõistlus,3
mikrofon,3
vehkleja,3
pakutu,3
tänavalaps,3
transiidiala,3
tsisternvagun,3
ekskoondislane,3
pankrotiprotsess,3
patrioot,3
vanglaametnik,3
sektor,3
detsembrikuu,3
alune,3
ringkonnakohus,3
pidaja,3
selleee,3
järjepidevus,3
meediaala,3
tegevjuhtimine,3
džungel,3
rahvuskangelane,3
merehäda,3
juubilar,3
kiirabi,3
suupool,3
arve,3
antvärk,3
nepallane,3
suurkogu,3
poolehoid,3
eksluuraja,3
keskkoht,3
lummus,3
kanalisatsioon,3
lähiajalugu,3
yhi,3
eluase,3
sprinter,3
patriotism,3
hõbemedal,3
kahjur,3
latv,3
inspektsioon,3
homoseksualism,3
patenditaotlus,3
armulikkus,3
spordikott,3
intrigant,3
einelaud,3
baaslaager,3
ülejääk,3
külavanem,3
transport,3
nunn,3
tootjafirma,3
annetus,3
kaubik,3
tütarfirma,3
ebakoht,3
meede,3
lehis,3
ingel,3
trots,3
rändur,3
riigipea,3
oranzh,3
tulumaksuvabastus,3
vormistamine,3
mormoon,3
kalastusvöönd,3
müügimees,3
respekt,3
käibemaksukohuslane,3
härrasmees,3
ülestõus,3
arhivaar,3
tsink,3
plii,3
territoriaalmeri,3
ärkamisaeg,3
väikeaktsionär,3
kaitseväekohustus,3
võidusumm,3
taud,3
puuviljamahl,3
kamber,3
paradigma,3
savisaar,3
patent,3
miinus,3
kivisild,3
sõjakool,3
kingitus,3
mängukava,3
kontoriametnik,3
tenor,3
tagasitoom,3
tohter,3
tupikseis,3
kadett,3
takt,3
välisesindus,3
kriitik,3
puuvillariie,3
treeningukaaslane,3
lesknaine,3
jahindus,3
kompanii,3
garantii,3
feminism,3
läiknahk,3
saatesõna,3
kookoskiud,3
lõvikoobas,3
keskmik,3
õllekõht,3
äritegevus,3
tõelus,3
kondoom,3
jäähoki,3
gripp,3
rahvuskultuur,3
liidukantsler,3
kaaskond,3
parv,3
jõepõhi,3
missioonitunne,3
paragrahv,3
veen,3
kauglöök,3
siberlane,3
mõjusfäär,3
riigikontrolör,3
peavool,3
masendus,3
luhtumine,3
pühakiri,3
ekspordiala,3
kahju,3
alabaster,3
perfektsionist,3
haldusreform,3
liin,3
k6ig,3
teadvus,3
armeekindral,3
zone,3
spordiklubi,3
politseikroonika,3
ehh,3
heroiin,3
vabatsoon,3
tõrge,3
külmetus,3
tall,3
lisaraha,3
joogi,3
kuristik,3
vigane,3
sõjasulane,3
stepp,3
naistekütt,3
assamblee,3
lõiv,3
temaatika,3
muudatusettepanek,3
rotatsioon,3
islandlanna,3
termin,3
embus,3
tšellist,3
narvakas,3
Moskva-sõit,3
neegritar,3
esmapilk,3
spoon,3
majand,3
parun,3
diletant,3
totalitaarsus,3
kirjasõber,3
ülemaksmine,3
senat,3
valikgrupp,3
loodusloolane,3
püromaan,3
köögiaken,3
kaliiber,3
kolumnist,3
naabrus,3
dessert,3
debiilik,3
pigi,3
kesknädal,3
palgamõrtsukas,3
naftatransiit,3
pakett,3
suitsuklaas,3
prügila,3
vasikanahk,3
veetakistus,3
ühistransport,3
tööpartei,3
üürivõlg,3
pesu,3
lause,3
kops,3
tolliasutus,3
pangaröövel,3
kirjaneitsi,3
balletitantsija,3
sõitmine,3
baltlane,3
lihakombinaat,3
välimus,3
advokaadibüroo,3
samm,3
krossisõitja,3
lepp,3
magamine,3
lavakunstikool,3
kogumik,3
siht,3
frotee,3
seersant,3
all-star,3
heategevus,3
teke,3
ID-pilet,3
antroposoofili,3
haigekassa,3
kultuuripärand,3
etnofuturism,3
valuraud,3
laenuraha,3
vaalaluu,3
usalduskriis,3
iga-hinna-esi,3
vangivalvur,3
elupaik,3
töökord,3
õhtupoolik,3
lossimiskoha,3
vabadusparteilane,3
rent,3
jõuriie,3
tööstaaž,3
nälgimine,3
valitsemine,3
kaitsmine,3
varuratas,3
iste,3
ekvaator,3
piletiraha,3
administraator,3
vaimustus,3
põlevkivienergeetika,3
kalatööstus,3
lõunamaalane,3
neem,3
restoranipidaja,3
salv,3
putk,3
imetaja,3
kurg,3
vaal,3
väljapressimine,3
klomppaas,3
allakäik,3
reportaazh,3
hukkunu,3
emane,3
parlamendikoht,3
sümfooniaorkester,3
katsevariant,3
protestiaktsioon,3
hübriidlutsern,3
kisa,3
tehiskiud,3
sissekirjutus,3
peidik,3
aineala,3
lusikatäis,3
tuluallikas,3
kukk,3
võlakoorem,3
pull,3
põhikiri,3
omavalitsus,3
kliima,3
arengupartei,3
vihkamine,3
juga,3
infopunkt,3
päiksetõus,3
nimetamine,3
sammas,3
põgenikelaager,3
arvatu,3
tagaliin,3
politseiauto,3
abstraktsionist,3
lähikond,3
kold,3
erisoodustusmaks,3
leidlaps,3
eepos,3
diktaat,3
laekumine,3
barakk,3
psühhedeelili,3
konkurentsipiirang,3
võõrandamine,3
majandusprofessor,3
narkootikum,3
katlakütja,3
tassike,3
seksuaalelu,3
külaskäik,3
vanahärra,3
kroomkoobalt,3
ohutsoon,3
kultuurielu,3
potipõllumees,3
kelner,3
osak,3
mannekeen,3
rindkere,3
kirst,3
mootorikütus,3
dermatiin,3
lett,3
tuulik,3
pangahärra,3
pintsaklipslane,3
rinnatasku,3
algmaterjal,3
renessanss,3
tempo,3
mereröövel,3
kiusaja,3
netosaaja,3
vietnamlane,3
võrokene,3
lonks,3
raudvõre,3
kohmetus,3
teraviljasaak,3
küle,3
elumees,3
munitsipaalettevõte,3
žanr,3
blokaad,3
torupill,3
roosikasvataja,3
liiklusregister,3
kotitäis,3
katuseaken,3
kolledž,3
emapalk,3
nobelist,3
koalitsioonilepe,3
näpp,3
loomapidamisõigus,3
õhtusöök,3
singapurlas,3
tantsutreener,3
kuritöö,3
viisnurk,3
võipeitja,3
giid,3
pauer,3
m2ngu,3
infovahetus,3
allilmategelane,3
murelaps,3
pide,3
rott,3
gospel,3
libavalekott,3
mängimine,3
eboniit,3
istumajätmine,3
tankist,3
pealetung,3
dünastia,3
töötus,3
bask,3
ainsam,3
hauakamber,3
blokk,3
varganägu,3
uurimine,3
muusikakool,3
eelis,3
kaitsepolitsei,3
kirjavahetus,3
saarepuu,3
loomariik,3
lobamokk,3
põlveoperatsioon,3
seatina,3
piirhind,3
sopran,3
ametkond,3
krahv,3
grafomaan,3
saksofonist,3
parm,3
lahkunu,3
igapäevatöö,3
kodukord,3
süfiliitik,3
viroloog,3
kolmapäevaõhtu,3
filosoofiaala,3
minoor,3
aastaeelarve,3
bensiinipaak,3
elunautija,3
energiasüsteem,3
põu,3
100,3
iluvõimleja,3
naiskond,3
vabavise,3
keskvalitsus,3
basalt,3
tünn,3
tõestamine,3
käitumine,3
koduuks,3
meelelahutus,3
olematus,3
tingimus,3
kooskõlastamine,3
rahuldamine,3
ahastus,3
gambialas,3
lavatagune,3
hõimurahvas,3
lillevaas,3
sotsiaaltöötaja,3
vääveldioksiid,3
kilotonn,3
teataja,3
käpard,3
almo,3
pärmitainas,3
C-alagrupp,3
kaitsemängija,3
jogurt,3
afäär,3
sopp,3
šifoon,3
tolliametnik,3
väikeauto,3
aktsionär,3
toetaja,3
ülevaatus,3
tähetorn,3
pärn,3
diabeetik,3
doonorlus,3
epideemia,3
kinnipidamine,3
innovatsiooniala,3
tehtu,3
verstapost,3
tõusik,3
koondisekoht,3
taskuraha,3
muusikamees,3
tšehhitar,3
postimees,3
sarvekandja,3
kõvasulam,3
valitsusjuht,3
kommentaar,3
žürii,3
sotsioloog,3
iraanlanna,3
viis,3
alampalk,3
põdranahk,3
plats,3
korealanna,3
kergemeelsus,3
töötu,3
klassijuhataja,3
tare,3
vaher,3
terevisioon,3
peavärav,3
kodakondne,3
koostööpartner,3
bakeliit,3
rahvaerakond,3
profirattur,3
äpardus,3
sponsor,3
pöial,3
kett,3
eksriigikogulane,3
epilepsia,3
kardioloog,3
kadri,3
vähendamine,3
pääse,3
korrespondent,3
seitsmepäev,3
teoreetik,3
esinelik,3
striptiisitar,3
üksiklane,3
pärimine,3
annak,3
haritlane,3
pärija,3
eurointegratsiooniala,3
kese,3
tööpuudus,3
vint,3
jalgpalliala,3
küüditamine,3
vaen,3
kong,3
taluelu,3
mootorsõidukimaks,3
filmilavastaja,3
väravavaht,3
NKVDlane,3
sidejaoskond,3
tiimikaaslane,3
umbrohi,3
vahekord,3
merekool,3
neljandik,3
farmaatsiaala,3
jahe,3
alluvus,3
osteoporoos,3
välisabi,3
kojamees,3
lühiülevaade,3
paarimees,3
jüripäev,3
kunstielu,3
oivik,3
territoorium,3
agul,3
hilissügis,3
mittepõhirahvus,3
lasteaiajuhataja,3
kuldmedal,3
kapsas,3
neste,3
matemaatika,3
jupp,3
tänavapoiss,3
tühistamine,3
pankrotimenetlus,3
külaelu,3
määratlus,3
saastatus,3
algatus,3
absurd,3
kaasettekanne,3
krediidiasutus,3
maksupettur,3
riigivõim,3
bluus,3
meik,3
leiutis,3
koalitsioonipoliitik,3
migratsioonifond,3
sõjavang,3
eeslinn,3
muhameedlane,3
infrastruktuur,3
puukoor,3
sfäär,3
tähtkuju,3
fajanss,3
asepeaminister,3
notaribüroo,3
surfaja,3
põllumajandustootja,3
freespruss,3
kinnisomand,3
millimeeter,3
vikerraadio,3
meski,3
vasar,3
vabamüürlane,3
mõõk,3
sõjaväeosa,3
tõlkimine,3
vastutulija,3
koolikaaslane,3
orb,3
kalandus,3
tuumaenergeetika,3
manna,3
saareriik,3
hääbumine,3
kõnelus,3
intse,3
kataloonlane,3
popmuusika,3
näljastreik,3
detailplaneering,3
telesaade,3
esitus,3
sai,3
ajateenimine,3
iroonia,3
maksusoodustus,3
kontsern,3
faks,3
teispäev,3
detsibell,3
seadusetäht,3
jõululaupäev,3
valvur,3
peksja,3
vahetamine,3
lava,3
lõke,3
kaassõitja,3
majanduspoliitika,3
suusasõber,3
tuletorn,3
kirjuti,3
ajajärk,3
telekommunikatsiooniala,3
põuetasku,3
kuldmehike,3
teave,3
kunstmarmor,3
valk,3
lahingukool,3
sõidutee,3
sotsiaalminister,3
maanteeinfokeskus,3
keskvõim,3
akrediteering,3
eelarvestrateegia,3
spordiarst,3
hüvitusfond,3
võistlustants,3
rektoriamet,3
plassmass,3
noorsand,3
õigusabi,3
kompaniiülem,3
piirarv,3
eksajakirjanik,3
sõnaühend,3
liiklushuligaan,3
esineja,3
heameel,3
infotund,3
shveitslanna,3
vähemus,3
kaastunne,3
kate,3
venerahvus,3
piin,3
tuhandekroon,3
toorpiim,3
kaubandustöötaja,3
ajalookoorem,3
usutlus,3
eluaeg,3
trupp,3
rezhissöör,3
suguühendus,3
mererohi,3
korvpalliliiga,3
energiavarustus,3
sümpoosion,3
juhendaja,3
seitsmetund,3
lunaraha,3
juhe,3
tööstur,3
rattasõit,3
tõlge,3
korea,3
iseene,3
konfrontatsioon,3
parandamine,3
võidusõitja,3
ränikivi,3
tarbimine,3
egoist,3
loomaliha,3
logistikaala,3
turnee,3
vanker,3
kavand,3
jagaja,3
erasektor,3
elusuurus,3
vastsündinu,3
saamahimu,3
rubla,3
rinnavähk,3
gaasirünnak,3
roosipuu,3
mäda,3
viievõistleja,3
au,3
rublakriis,3
kahtlusalune,3
riigiteenistus,3
pale,3
revolver,3
omandivorm,3
vürtsitüdruk,3
migrant,3
transiidiärimees,3
arutlus,3
vastuolu,3
duell,3
autosõit,3
jääklaas,3
leskmees,3
atlass,3
miilits,3
vaatemäng,3
kõnekeel,3
seitsmekuul,3
paraguailane,3
koolipõli,3
kõnts,3
sõbratar,3
loož,3
soojak,3
kiirus,3
klienditeenindus,3
aednik,3
autopood,3
rakk,3
yld,3
kogukäive,3
armuvahekord,3
väävel,3
pandimaja,3
korrakaitseala,3
meelemürk,3
nede,3
toorete,3
diktofon,3
riigiduuma,3
haldusakt,3
viivitus,3
magamatus,3
kartoteek,3
muumia,3
nullpunkt,3
hääletaja,3
põhjavesi,3
ettevalmistus,3
kalamaja,3
eluviis,3
lehttaigen,3
kinnisvaraomanik,3
keskkatlamaja,3
hullusärk,3
telemaja,3
põhjaosa,3
pindala,3
õigusriik,3
kellahelin,3
helikopter,3
heidik,3
võrkpall,3
oligarh,3
nukunäitleja,3
tarkpea,3
nohu,3
lohusalu,3
boorsilikaatklaas,3
eel-arve,3
prisma,3
rallimees,3
veevalaja,3
kaljukits,3
hansatee,3
beibe,3
bussiomanik,3
juhtnahk,3
relee,3
musklimees,3
libedus,3
kontseptsioon,3
raudteefirma,3
meisterkoka,3
kolmetonn,3
suveniir,3
internetipood,3
asjatundja,3
rappumine,3
sünnilugu,3
eeg,3
j2rgm,3
tavarelvastuslepe,3
suue,3
koolivend,3
kolmveerand,3
müügikeeld,3
pallur,3
kõlar,3
teadustöö,3
surnuaed,3
riiul,3
propagandist,3
kergkruus,3
matus,3
koolmeister,3
tagasilöök,3
seel,3
haigevoodi,3
printsess,3
trükikoda,3
kurikael,3
kylje,3
kaabakas,3
sving,3
rüpp,3
päästmine,3
loosimine,3
pass,3
hobusejõhv,3
leed,3
teletöö,3
presidenditool,3
teatejooks,3
matemaatikadoktor,3
filmimees,3
elluviimine,3
koolnu,3
kinnisvarabüroo,3
massöör,3
MK-sari,3
digikaamera,3
transseksuaal,3
kummag,3
välisteenistus,3
plastkiud,3
hamburger,3
jupiter,3
järelevalveala,3
kõnelaug,3
haamer,3
valjuhääldi,3
põllumajandusmaa,3
minevikutaak,3
metsavaht,3
nõudepesija,3
gangster,3
karistusvise,3
moedisainer,3
piparkoogitainas,3
taktika,3
eluolu,3
männikoor,3
tantsijanna,3
euroametnik,3
kõrilõikaja,3
politseitöö,3
rullnokk,3
keravälk,3
metallisulam,3
esitosin,3
toodu,3
julmur,3
autosalong,3
kookon,3
sõnumileht,3
idapiir,3
diskor,3
võistluspinge,3
eufooria,3
lend,3
pauk,3
vallamaja,3
idaeurooplane,3
reisilennuk,3
koorijuht,3
vahetusmees,3
väikeriik,3
tööõnnetus,3
poliitvang,3
pereisa,3
mulatt,3
viinamarjakasvatus,3
täiskarsklane,3
geenius,3
otsustamine,3
töövihik,3
tomat,3
abistamine,3
veinikaupmees,3
paremtsentrist,3
sõbramees,3
haldusfirma,3
alguspunkt,3
zootehnik,3
instituut,3
kütusepaak,3
ajakirjandustudeng,3
võistleja,3
telefoniautomaat,3
tunnustus,3
eesliikuja,3
piiramisrõngas,3
kitsepiim,3
hüpohondrik,3
vereloik,3
näitemäng,3
portfell,3
dessantväelane,3
isevalitseja,3
koolitund,3
alavõit,3
multikas,3
kanaarilind,3
soul,3
finantsala,3
armuke,3
puštu,3
päästeamet,3
pipar,3
neljapaat,3
emaihu,3
lõhkumine,3
apelsinipuu,3
inimlikkus,3
paatos,3
assistent,3
kasvataja,3
tapja,3
melhior,3
ihnur,3
kihelkond,3
klassikaraadio,3
lõpp-punkt,3
brünett,3
konsultatsioon,3
varblane,3
kesk-erakondlane,3
valehäbi,3
arvamus,3
duralumiinium,3
filosoofiaprofessor,3
teeperv,3
partnerlus,3
linnavolikogu,3
kajut,3
palgakokkulepe,3
igiliikur,3
pereliige,3
sepp,3
kahjulikkus,3
välisilm,3
lobe,3
külglibisemine,3
sünnikodu,3
võõrjõud,3
flöödimängija,3
inimkaubandus,3
kinnisvaramaakler,3
valdaja,3
lugeja,3
läänekaar,3
muusikaäri,3
semiootik,3
looduskaitseala,3
maksukohustus,3
kartul,3
ekstartlane,3
mitterootslane,3
toorkala,3
mittespetsialist,3
jutupaunik,3
kaukaaslane,3
tagatasku,3
täissiid,3
satiin,3
erakondlane,3
struktuur,3
perekonnanimi,3
autonoomia,3
mäestik,3
surutis,3
poliitikaelu,3
teleprodutsent,3
paanika,3
tahm,3
asundus,3
juulikuu,3
maa-ala,3
taimaalane,3
linnapilt,3
ühtekuuluvusfond,3
haridussüsteem,3
keeleõpetaja,3
eelistus,3
rahvamuusika,3
jaak,3
inimtegevus,3
talutare,3
kalender,3
profiilplekk,3
ameerikask,3
maatükk,3
rahvusraamatukogu,3
alkoholisisaldus,3
narvalane,3
kaheprotsent,3
majandusseis,3
laevakapten,3
üksus,3
eestlus,3
keeleamet,3
uppumine,3
vaenelaps,3
vägilane,3
tatrajahu,3
alamklass,3
teatritöö,3
tööaasta,3
toetusfond,3
kanter,3
rännumees,3
autobaas,3
muusikakeskkool,3
orelikunstnik,3
sõnapaar,3
sajaruutmeeter,3
äi,3
sõjaajaloolane,3
kiviklibu,3
judotreener,3
faas,3
vaik,3
konsultant,3
sukk,3
naistsoo,3
märd,3
lehekülg,3
suusatamine,3
kümneprotsent,3
reba,3
kordon,3
ilmumine,3
jahutuskamber,3
jahutuskapp,3
kirjutamine,3
tindiprinter,3
kaitseingel,3
plaanimajandus,3
poolharitlane,3
blogi,3
sequence,3
hoolekandeasutus,3
võõras,3
piksel,3
kliinikum,3
autobussijaam,3
tuuletallaja,3
kaelakarbonaad,3
mõju,3
madu,3
totalitarism,3
päevaplaan,3
pansionaat,3
põrsas,3
imperialismileer,3
lutsern,3
kahjukindlustus,3
trükkimine,3
metsamees,3
agressiivsus,3
surnukuur,3
kirre,3
paju,3
mõttelaad,3
alampolkovnik,3
telepilt,3
ranne,3
koguseos,3
annetussoov,3
sugupõlv,3
talilaager,3
lennundus,3
riigiasutus,3
akordion,3
paremtsenter,3
alumiiniumkile,3
kolmikliit,3
supikatel,3
sotsiaalpoliitika,3
tulesurm,3
veevägi,3
trahvisumm,3
abitreener,3
maadlus,3
teeäär,3
laad,3
komi,3
kodulinn,3
maailmapank,3
taluperemees,3
kogumaht,3
sisekujundaja,3
seep,3
täpsus,3
osalemissoov,3
ripsmetušš,3
lõuna-korealane,3
kaur,3
pirakas,3
autodidakt,3
pärmitaigen,3
hoop,3
kõvanisu,3
kotkas,3
hangeldaja,3
moslemiriik,3
inkassaator,3
loba,3
noorus,3
nõudlus,3
iidol,3
lõpp-peatus,3
ümaruss,3
olmeprügi,3
teller,3
vanainimene,3
rahvasaadik,3
müügikoht,3
mõnu,3
loodu,3
linalakk,3
tööajanorm,3
meditsiiniseade,3
avariiseisund,3
tulejõud,3
traatvõrk,3
palavik,3
turvafirma,3
kodukant,3
arhitektuurimälestis,3
supernoova,3
tegevuskoht,3
armulaud,3
lahk,3
pärimisregister,3
sääne,3
aferist,3
aste,3
linnus,3
otsustusõigus,3
teerist,3
tulemuspalk,3
majandusruum,3
rehepapi,3
suveülikool,3
sekkumisladu,3
kiirlõiketeras,3
võimuorgan,3
silikoonkumm,3
tantsuala,3
reklaamimaks,3
kepp,3
reisiväsimus,3
naistearst,3
tubakaaktsiis,3
nõrkus,3
kuldpaber,3
reieluupea,3
võlgnevus,3
käsitöö,3
tuff,3
raudteeala,3
informatsioon,3
rafa,3
pähklikoor,3
toimik,3
viinamari,3
raihein,3
vürtsikas-suits,3
krišnaiid,3
hüvitissumm,3
külmakerge,3
ränipundar,3
korrakoht,3
lükrakiud,3
pastellroosa,3
pärlmutter,3
piirivalvekordon,3
album,3
piiramine,3
rakendusala,3
kirjasõna,3
noortevangla,3
hakkliha,3
harrastusnäitleja,3
puusepp,3
metsavend,3
improvisatsioon,3
riigifirma,3
suvelaager,3
saatmine,3
õpiprogramm,3
redel,3
ilmasõda,3
väljakolimine,3
ametühing,3
kvintett,3
obsidiaan,3
matsisoo,3
kints,3
müügiluba,3
lisaaeg,3
polüesterbituumen,3
kofeiin,3
hingeteadlane,3
akrobaat,3
eest,3
saabas,3
parras,3
maksualune,3
news,3
siber,3
rahanduskomisjon,3
text,3
tv3,3
harve,3
ilmatark,3
õppekoht,3
õpilasfoorum,3
tõstja,3
goa,3
miinitõrjeala,3
omik,3
tydrukute,3
lasteaiaomanik,3
seitsmekilo,3
nett,3
nakatumine,3
spordipüstol,3
oksendaja,3
6htu,3
sitapea,3
kaneel,3
ex-eestlane,3
europarlament,2
iha,2
istungitesaal,2
religioose,2
pessimism,2
põlvevalu,2
varakindlustus,2
juhtkiri,2
hüperruum,2
säär,2
aluspüksiriie,2
madisepäev,2
eeslitall,2
politseiülem,2
riikel,2
Soome-identiteet,2
kateedrijuhataja,2
vanglavärav,2
WC-paber,2
käsitööpaber,2
popkultuur,2
ufoloog,2
seen,2
ülemvõim,2
mošee,2
ajastukoht,2
rahvahulk,2
preemiaraha,2
mandžu,2
argimaailm,2
kuldbrokaat,2
luukold,2
eeslivägistaja,2
diplomaatia,2
kätekõverdaja,2
käesoojus,2
kapsel,2
pähkel,2
slavofiil,2
ball,2
okupant,2
ettekanne,2
tõsieluseriaal,2
saarepuit,2
kõrvalprodukt,2
hommikusöök,2
tatt,2
südamevalu,2
elektroonika,2
korteriühistu,2
pommirünnak,2
emakeelepatrioot,2
viinaviskamine,2
postkaart,2
purilaudur,2
fotomodell,2
sooduspakkumine,2
hambaravi,2
onn,2
veerpalu,2
stilist,2
pressitalitus,2
üliõpilasküla,2
sotsiaalmaja,2
müstika,2
kontorirott,2
tabelarvutus,2
pvc-kile,2
keemiateadlane,2
liitsõna,2
enesepetja,2
naerumäng,2
ametiühingutegelane,2
tossike,2
välismajandusprofessor,2
tudengineid,2
klubielu,2
miile,2
noomen,2
talupojaühiskond,2
ammooniumlaktaatlahus,2
psühhoneuroloogiahaigla,2
alaselg,2
doteerimine,2
briljant,2
naftareostus,2
filoloogia,2
vahariie,2
kultuurimaja,2
naftamagnaat,2
allkirjastamine,2
spiraaltraat,2
pensioniamet,2
elurajoon,2
rituaal,2
viilhall,2
keskpank,2
suusaliit,2
leiukoht,2
oravapoiss,2
koolipreili,2
salaviinamüüja,2
lohutusring,2
tagaruum,2
kige,2
koefitsient,2
folk,2
baaripidaja,2
juubel,2
antiaine,2
töökohustus,2
puumaja,2
palvus,2
papa,2
nõtke,2
stepsel,2
talutüdruk,2
kunstaine,2
pangakontor,2
surmahaigus,2
muusikateater,2
rahasüsteem,2
hüüdmine,2
finaalseeria,2
põdraluu,2
sarvetohl,2
täkli,2
vallapäev,2
postmark,2
sportpüstol,2
majonees,2
loomademaailm,2
disainilahendus,2
koduklubi,2
eksemplar,2
emamaa,2
viisalõiv,2
seltsielu,2
iseseisvumine,2
kunstimuuseum,2
otsustusprotsess,2
õhkpüss,2
pensionisüsteem,2
iginoor,2
sovetiarhitektuur,2
lingvist,2
pärl,2
pihuarvuti,2
nubuknahk,2
müüriladuja,2
tugevusgrupp,2
raadiomaja,2
kantpea,2
rahanappus,2
alakeha,2
akrüül,2
metsatukk,2
05eestlane,2
liisingukompensatsioon,2
laser,2
munder,2
kirjuhahk,2
sõjaväeinvaliid,2
talvepealinn,2
viiekümnekilo,2
asteroid,2
taa,2
turuosa,2
sõnavabadus,2
arvutispets,2
vaste,2
internaatkool,2
pangafiliaal,2
koolijuht,2
abitööline,2
parkett,2
talvereis,2
importkaup,2
enesetaputerrorist,2
lubamine,2
telekommunikatsioonisär,2
solidaarsusfond,2
valubetoon,2
kasuisa,2
lastemenüü,2
koostööleping,2
akne,2
restoraniomanik,2
märgistustehnika,2
mitmevõistleja,2
autohäda,2
kopteriõnnetus,2
kevadpäike,2
valimiskabiin,2
hakkaja,2
kümneliitrine,2
väljastuskeskus,2
lükra,2
suursilm-tuun,2
esiviisik,2
naaberriik,2
islam,2
maoori,2
rebasenahk,2
sambialas,2
peakivi,2
võitjameeskond,2
artist,2
kehvik,2
kirjatöö,2
koolimaailm,2
usuõpetus,2
ikoonimüüja,2
munarakk,2
munalaid,2
avameelsus,2
määre,2
teenistusstaaž,2
ristisõda,2
haigekassakaart,2
tantsumuusika,2
siukse,2
optimism,2
seltskonnalõvi,2
mari,2
ratastool,2
tumm,2
igakordne,2
kärpimine,2
soovitushind,2
eurovisioonivõitja,2
kolonn,2
õlaluumurd,2
sisehooaeg,2
tõlkevõistlus,2
osanik,2
tagatisraha,2
õudsate,2
pühapäevitaja,2
goretex,2
liidrisärk,2
kõiketeadja,2
füsioterapeut,2
islamiäärmuslane,2
perenaine,2
operett,2
parlamendisaal,2
vürst,2
lumehelbeke,2
jordaanlanna,2
äriseminar,2
toetusstreik,2
ratsutamisõpetaja,2
tuumasüntees,2
lämbumine,2
linnaelu,2
boston,2
turvainspektor,2
müügistrateegia,2
kaevandusjuht,2
kroonimiljardär,2
sadamatööline,2
päikesekiirgus,2
arvutifirma,2
kihlumine,2
võrkaed,2
kilekott,2
alpaka,2
hariduspoliitika,2
rahapesukahtlus,2
narkoärikas,2
seitsmik,2
neurokirug,2
muudatus,2
õigussüsteem,2
läbivaatus,2
väärtkirjandus,2
oranz,2
biskviittainas,2
moratoorium,2
noorsõdur,2
õlimaal,2
tippsuusataja,2
keskkonnafond,2
sentimentaalsus,2
naljavend,2
maausk,2
äki,2
viil,2
omavoli,2
eelleping,2
korgipuu,2
kivikirves,2
neljapäevahommik,2
pidusöök,2
sürrealist,2
pähklipuuvineer,2
tester,2
koondamislaine,2
lennufanaatik,2
IT-vald,2
kohanemisteema,2
õigusetus,2
vägivallaporno,2
tormimurd,2
liivkivi,2
traagika,2
jalgpalliklubi,2
kunstkangas,2
kirjaklamber,2
ralliauto,2
seksuaalinstinkt,2
ilmarändur,2
tulemüür,2
hüään,2
safiir,2
bankett,2
rünnak,2
käbi,2
laplane,2
elutöö,2
omlett,2
erootika,2
armusuhe,2
ilutulestik,2
raeapteek,2
kultuuritelevisioon,2
koduproua,2
korteriuks,2
vältimine,2
kohtumaraton,2
meeskoreograaf,2
väikefirma,2
kättemaksusoov,2
300miljo-nil,2
rokkstaar,2
abimees,2
erill,2
rezhiim,2
elusõnalas,2
korterijärjekord,2
iriseja,2
järm,2
kulinaar,2
konstaabel,2
tuletõrjeala,2
emapiim,2
verejooks,2
hokimängija,2
köögiviljalett,2
pürgimine,2
4000-peeso,2
keskkonnaamet,2
piduline,2
asejuhataja,2
tuumajaam,2
piparkoogimemm,2
trikoloor,2
kütusekompensatsioon,2
mõi,2
kaubanduskeskus,2
ukseava,2
tsenderdus,2
metskond,2
seebikarp,2
terrorioht,2
kolmeminut,2
saekaater,2
kõne-alg,2
lehtpuit,2
patuoinas,2
pariislane,2
12raund,2
ekslaulja,2
lumekaart,2
reservmereväelane,2
pokker,2
valgerand,2
iga-päev,2
ürt,2
linnaliiklus,2
silmus,2
tänu,2
laavakivi,2
rahvatantsija,2
tõld,2
tähelend,2
keraamika,2
veehoidla,2
aktsiaemissioon,2
metsnik,2
instinkt,2
raamatukauplus,2
kollaps,2
kulbilohk,2
oopium,2
sadamakoht,2
riigipööraja,2
kapinurk,2
kultuuriajakirjanik,2
hingeline,2
ebay,2
kaldajärsak,2
trotskist,2
sepis,2
edukustasu,2
arvutitootja,2
seebikas,2
taskulamp,2
kokkupõrkeoht,2
hoki,2
traumatoloog,2
sovhoosiesimees,2
ehitusmaksumus,2
linnuhuviline,2
rahvapartei,2
poetess,2
kaasvang,2
unimüts,2
salakaubavedaja,2
laskeharrastaja,2
arst-laborant,2
reievigastus,2
patakas,2
hitt,2
kohtunikkond,2
painaja,2
rahulolematus,2
turi,2
olümpiakoht,2
atleetvõimleja,2
lumelauasport,2
teabeteenistus,2
autoregistrikeskus,2
heegeldaja,2
vallakeskus,2
armumine,2
kantrilaulja,2
vastumeelsus,2
pelgus,2
terminalihoone,2
täisraud,2
minia,2
kookoskoor,2
male-olümpia,2
huvisfäär,2
pronksmees,2
karikafinaal,2
truudus,2
rattamatk,2
lastekirjanik,2
käsuaken,2
kooripoiss,2
saanu,2
kraanikauss,2
lemmikinstrument,2
saatekeskus,2
balletiteater,2
mõisaproua,2
rite,2
põllumajandusettevõte,2
elunautleja,2
balsapuu,2
illusioon,2
ebamäär,2
lähedus,2
baaskursus,2
sovetiühiskond,2
klaarklaas,2
püsimajäämine,2
berülliumoksiid,2
palgaline,2
detail,2
jõustumine,2
nurin,2
perekonnatuttav,2
kulg,2
supergravitatsioon,2
liikluskasvatus,2
igakuul,2
mil,2
asendaja,2
imikuiga,2
köige,2
ristimine,2
meteoriidisarn,2
Lanzarote-laager,2
jalgrattatuur,2
arvutiõpetus,2
järvamaalane,2
võitleja,2
hukkumine,2
veebipood,2
kilematerjal,2
uljaspea,2
lõunaslaavlane,2
lauluhääl,2
lavakunstikateeder,2
kunstiakadeemia,2
konsulaarosakond,2
innukus,2
tollikontroll,2
võpsik,2
haubits,2
allohvitser,2
sovhoosidirektor,2
kolhoosnik,2
passiva,2
taane,2
esteetika,2
saksofonimängija,2
käsipall,2
töötegemine,2
etanool,2
põliselanik,2
lehmasõnnik,2
kaotusteseeria,2
luuüdi,2
lugemissaal,2
kunstvill,2
põlveliiges,2
mafiooso,2
tapeet,2
reservlipnik,2
paberihunnik,2
bensiinijoodik,2
kergsulam,2
vitraazhikunstnik,2
mängupõrgu,2
hinnakujundusala,2
kalendripäev,2
tagakiusamine,2
MM-hõbe,2
suusaring,2
ait,2
organist,2
teatrisõber,2
modem,2
autovaras,2
folder,2
tantsusaade,2
autokumm,2
puhastus,2
tsementbetoon,2
vähkkasvaja,2
õllekas,2
GB,2
jäätmehunnik,2
lojalist,2
vennaskond,2
külarahvas,2
kunstiekspert,2
realism,2
mädapaise,2
juubeldus,2
kinnisvaraturg,2
monoliitraudbetoon,2
põhupakk,2
kobrasarn,2
klassituba,2
paraolümpia,2
ühistöö,2
aumees,2
armeejuht,2
filosoofiadoktor,2
poolteisekuul,2
barbaarsus,2
eraettevõtlus,2
kilomeetripikkus,2
verepilastus,2
maailmaparandaja,2
naftatanker,2
börsihind,2
rula,2
lint,2
söödaratsioon,2
karantiin,2
luup,2
city,2
retseptsioon,2
teenindaja,2
200mb,2
sidrun,2
politruk,2
suursaar,2
universum,2
dollarimiljardär,2
peedisiirup,2
mahavõtmine,2
moemaja,2
loomakasvatus,2
nööpnõel,2
askeet,2
noameister,2
lõhkuja,2
pedagoogikaülikool,2
isatapja,2
lunastustöö,2
oskamatus,2
mikroskoop,2
kild,2
tavakell,2
mõisaveski,2
riigipüha,2
beeta,2
dadaist,2
dekoratiivkivi,2
termos,2
hallitus,2
regionaalminister,2
kirgiis,2
humanitaargümnaasium,2
pidutsemine,2
vutimees,2
aparatshik,2
autoavarii,2
südamepõhi,2
allilm,2
poprock,2
miinimumarv,2
sovhoos,2
meediapäev,2
tunni-paar,2
metalltoru,2
raudteetööline,2
taastusravi,2
kompuuter,2
prognoositu,2
klõps,2
autokeskus,2
intelligents,2
liisingufirma,2
maailmarekord,2
puupaha,2
pärasool,2
mitteprofessionaal,2
kinnitus,2
pankrotiseadus,2
automaattankla,2
mesinik,2
lennukiaken,2
ilmajäämine,2
langevari,2
kabuhirm,2
parkmets,2
moosekant,2
kandekott,2
psühholoogia-ala,2
montenegrolane,2
möödanik,2
spordimees,2
šokohoolik,2
hügieeniala,2
pronoomen,2
perekonnaseisubüroo,2
viljastamine,2
assotsiatsioon,2
tervishoiuamet,2
poolteisenädal,2
vastusõitja,2
korvpallitreener,2
reisiliin,2
haardeulatus,2
lehmapiim,2
aastapreemia,2
veepuhastusjaam,2
eurointegratsioon,2
lavastamine,2
vip,2
ümbermaailmareis,2
voorus,2
mäekuru,2
maavara,2
tegevpoliitika,2
lipnik,2
laevaühendus,2
loodusala,2
koerasalong,2
rahvaküsitlus,2
malesõber,2
ärajäämine,2
teatrikunst,2
rahvaesindaja,2
polüesterkiud,2
tegevuspaik,2
miinimum,2
vallavolinik,2
asedirektor,2
ametikaaslane,2
hali,2
praktik,2
neet,2
kõlakoda,2
lokaaltsoon,2
liumägi,2
animatsioon,2
tööpanus,2
arstitudeng,2
kontsertmeister,2
vaarikakasvataja,2
börsikäive,2
tiibetlane,2
plikatirts,2
primitiivsus,2
kanuu,2
pleksklaas,2
lõputunnistus,2
B-grupp,2
põlenguala,2
teenusepakkuja,2
eesnimi,2
koduvalvur,2
klaas-alumiinium,2
graniitkivi,2
teisi-päev,2
dynaamili,2
militsionäär,2
üürikorter,2
hasartmängusõltuvus,2
lihast-luust-laul,2
alimendikohuslane,2
maanaine,2
kasvuhoone,2
hüpotees,2
sajandipikkus,2
välisleping,2
püsiklient,2
võrukael,2
kunstirahvas,2
tekstifail,2
euroopa,2
haldusala,2
sisevaenlane,2
toiduabi,2
koos-töö,2
ekuadorlane,2
tselluloos,2
järgnenu,2
päkapikk,2
lennufirma,2
trollijuhikabiin,2
kodueestlane,2
gümnaasiumiosa,2
esmaspäevaõhtu,2
keskaste,2
seletuskiri,2
pronksplekk,2
naaberpood,2
laienemisvoor,2
liisimine,2
rägastik,2
võlaõigusseadus,2
aktsiisiraha,2
sooritus,2
teaduskandidaat,2
luureohvitser,2
veetorn,2
njuujorklane,2
parvlaev,2
liitlane,2
hoiak,2
üldkogus,2
ehituspraht,2
vallaeelarve,2
sekkumishind,2
linnakantselei,2
koreograaf,2
soolaladu,2
külmakraad,2
temperatuur,2
mõõtur,2
naftajuhe,2
hellik,2
liivakast,2
late,2
ajavahemik,2
uuendus,2
kahevõistleja,2
viiulimängija,2
grillimisvõistlus,2
rangluumurd,2
ellipsisarn,2
infoosakond,2
sissetung,2
mesilasvaha,2
erinevus,2
sattumine,2
exe,2
laienemine,2
ideaal,2
dimensioon,2
õukond,2
lähe,2
finantskrahh,2
moesõna,2
kingsepaseisus,2
minemine,2
raudkett,2
maisitärklis,2
püüton,2
tervishoiusüsteem,2
väliseestlanna,2
enesekesksus,2
suplus,2
olustik,2
kinomees,2
küberneetikainstituut,2
poks,2
lihasöömine,2
põlevkivituhk,2
filmimaailm,2
eelkool,2
indiviid,2
seisusekoht,2
koduõu,2
pussitaja,2
pööre,2
enimtõenäol,2
nähtus,2
kitš,2
brauser,2
võra,2
ooteaeg,2
venemaa,2
põlevmaterjal,2
anorektili,2
tiitlivõistlus,2
relvaarmastaja,2
angaar,2
samaväärsus,2
heaoluühiskond,2
rahvavaenlane,2
vandenõu,2
kaaslane,2
lubadus,2
sündroom,2
usaldamatus,2
pluss,2
rahapada,2
pühendumus,2
pall,2
leiutaja,2
soodusnimekiri,2
väikeinvestor,2
infomenüü,2
pung,2
mootorpaat,2
oavars,2
eksreformierakondlane,2
müügiputka,2
lohutamine,2
kergkonstruktsioon,2
hammas,2
üldarv,2
autokütus,2
sõjaajalugu,2
sünnitus,2
vestlus,2
tatikas,2
piirikontroll,2
esitaja,2
väljavedu,2
email,2
kuningasoo,2
iisraellanna,2
äripäev,2
asunik,2
paradiisiaed,2
allüürnik,2
meresõit,2
riigipöördekatse,2
majanduskatastroof,2
ümberarvutamine,2
trükitööstur,2
ekshibitsionism,2
kanahakkliha,2
nõu,2
mereand,2
impregneer,2
hulgimüügifirma,2
röövik,2
sotsdemokraat,2
põletik,2
hüppetorn,2
veokas,2
sõjaväeparaad,2
suurklient,2
snaiper,2
lisanimekiri,2
blond,2
parempopulist,2
aedvili,2
õmbleja,2
ravitseja,2
katelok,2
südametunnistus,2
sangar,2
mitte-ameeriklane,2
elamispind,2
kogueksport,2
rakett,2
blokeering,2
maffia,2
päevaraha,2
suusahüppetorn,2
eksportimine,2
põlvkonnakaaslane,2
koondparteilane,2
äbarik,2
tagala,2
valmistuskoht,2
adrusegu,2
sebra,2
ühendkuningriik,2
kõrghoone,2
aktsiatemüük,2
lavatööline,2
valikturniir,2
kreisiraadio,2
eratarbija,2
kvaliteetmaterjal,2
totaalkaitse,2
NRG-tehing,2
demokraatiaala,2
autoala,2
arvutikoolitus,2
heakskiitmine,2
kinokunst,2
šokolaaditahvel,2
arvutiomanik,2
originaalkeel,2
viieteistaasta,2
asendusliige,2
erakool,2
liikluskindlustus,2
monarhia,2
kasakas,2
vajandus,2
verepilastaja,2
paberarve,2
sisselaskmine,2
järeltulija,2
kannapööre,2
teletäht,2
alkoholism,2
tõlk,2
ponnistus,2
kummipuu,2
liigutamine,2
finalist,2
küttesüsteem,2
kohanimeala,2
kvantiteet,2
kinnitamine,2
kaalukategooria,2
võidulootus,2
rahvaluule,2
kavatsetu,2
kapron,2
võistluspaik,2
rinnalaps,2
comeback,2
nikotiinisõltuvus,2
harta,2
erikangas,2
eliit,2
tööluba,2
bensiinitankla,2
euroliiga,2
A-grupp,2
kooliaken,2
mittetartlane,2
kliimaprotokoll,2
kiiks,2
annetamine,2
reklaamiteoreetik,2
raudteelane,2
paarikümnepäev,2
näitlejakarjäär,2
ninamees,2
kogupindala,2
koda,2
maa-amet,2
koalitsioonikaaslane,2
häälekandja,2
juveelikauplus,2
mustlaslaager,2
pärlipits,2
olümpialinn,2
jalalõikus,2
klaasvatt,2
üüratu,2
riigikantselei,2
igapühapäev,2
stenogramm,2
väejuht,2
rõivakunstnik,2
enzootili,2
slaalom,2
jälitaja,2
pöialpoiss,2
vutifänn,2
nurkraud,2
luhamaa,2
salakuulamine,2
koogipuru,2
tusk,2
finišikoridor,2
magamiselutuba,2
tsistertslane,2
hutu,2
nappus,2
kardirool,2
stroboskoopili,2
terviksüsteem,2
arendusala,2
feldmarssal,2
elektrivõlglane,2
püramiid,2
lohakus,2
hakkepuit,2
fuajee,2
odavise,2
varing,2
indeks,2
orbitaaljaam,2
vanamutt,2
nullkraad,2
töötajaskond,2
karjakasvataja,2
pelikanitarandik,2
pokaal,2
riigisekretär,2
autokool,2
männipakk,2
meelelahutusärimees,2
preparaat,2
võimuvaakum,2
aeroobikatreener,2
lihtsameelsus,2
kommuun,2
veluur,2
põlvalanna,2
välislätlanna,2
siuke,2
kunstitegemine,2
intress,2
tüdimus,2
kergbetoon,2
mudaliiga,2
rattafänn,2
üldistus,2
loomakaitsja,2
poolik,2
lausriie,2
looduskaitsja,2
striptiis,2
vastuhakk,2
rahaautomaat,2
rahvakunstnik,2
argikeel,2
valmistoodang,2
edasimüük,2
sokk,2
kalakasvataja,2
soodustus,2
mudilas-mürsikuiga,2
individualism,2
nakkuskandja,2
telekom,2
pankreasesaba,2
jalgrattasarn,2
ekspordiriik,2
efekt,2
piimapulber,2
novell,2
rahvavabariik,2
paariariik,2
kalašnikov,2
diskrimineerimine,2
verekeskus,2
moorlane,2
suitsiid,2
kontrabass,2
küprok,2
kraater,2
raudteeinsener,2
tennis,2
tango,2
panama,2
filmitegija,2
üüriraha,2
polüetüleenkile,2
naljamees,2
Rene-raskus,2
kunstitudeng,2
igapäevareaalsus,2
prügikott,2
beeta-glükaan,2
magevesi,2
võistluskeskus,2
kanamütsiin,2
sissenõudmismenetlus,2
sündimine,2
filmiroll,2
ajalooõpetaja,2
38-lise,2
vool,2
kaastööline,2
koledus,2
pöördepunkt,2
hüdroelektrijaam,2
kondiportselan,2
koomik,2
meditsiinitöötaja,2
tööotsija,2
automehhaanik,2
ports,2
täisteravili,2
spektrofotomeetrili,2
klubiliige,2
hipphoppari,2
raeplats,2
ruuter,2
omandireform,2
juuksekarv,2
lagunemine,2
puulatv,2
reklaamigeenius,2
laulukarussell,2
järelmaksuportfell,2
nikkelsulfiid,2
põlisasukas,2
seksturism,2
kahtlusevari,2
monarhist,2
vastuvõtja,2
titt,2
hinne,2
šampinjon,2
tarbimishullus,2
läbisõit,2
laenusumm,2
saaja,2
koridor,2
port,2
lesimine,2
õigusteaduskond,2
hallollus,2
kohal-olek,2
muie,2
postimüük,2
tagaots,2
kompositsioon,2
põhipalk,2
kümnekuul,2
büst,2
kompressorimees,2
portaal,2
häbitunne,2
soojendus,2
hoiatuslask,2
lahing,2
kraanajuht,2
õnneseen,2
rahapaigutus,2
ülepüüdlikkus,2
lõppväärtus,2
teener,2
tõstuk,2
väitlemine,2
šamott,2
metsaärimees,2
kodukeskjaam,2
geofüüsik,2
spetsifikatsioon,2
püstolilask,2
aadlikultuur,2
inspiratsioon,2
vöönd,2
malev,2
mäekristall,2
koolisöökla,2
laboratoorium,2
tippmängija,2
lollus,2
eegu,2
mitteliige,2
õiguskord,2
politseikomissar,2
kilpkonn,2
tugi,2
eksvõidusõitja,2
pariteetsus,2
šveitlane,2
vangikong,2
jõulupuu,2
lõngus,2
radikaal,2
elusolend,2
ringkaitse,2
ebatõde,2
riis,2
direktoriamet,2
sügistalv,2
mantlipärija,2
maarott,2
töörabaja,2
ruumipuudus,2
mais,2
koondisekutse,2
medalikonkurents,2
suitsuhimu,2
põhjakorealane,2
eluterve,2
arvutispetsialist,2
vilistlane,2
neonats,2
viskoos,2
krediidipank,2
jaamahoone,2
kodukana,2
originaalväljend,2
neiupõlvenimi,2
võrgumaterjal,2
järk,2
merivõlg,2
sundenampakkumine,2
täitemenetlus,2
kohustis,2
laevaomand,2
mitte-itaallane,2
vasktoru,2
sillerdus,2
mootorrattur,2
mobiiltelefon,2
kõrgklass,2
vahk,2
meistersportlane,2
kahhelkivi,2
tsensor,2
surve,2
pommimeister,2
kirjeldus,2
maaliitlane,2
veendumus,2
täis,2
enesepettus,2
poliitiil,2
MM-finaalturniir,2
terroriakt,2
riigikoguja,2
pidurdamine,2
pallaslane,2
materialist,2
laas,2
lapsehoidja,2
netipood,2
ling,2
asetäitja,2
autofirma,2
staaž,2
ravimiuuring,2
tšetšeenitar,2
kalmuküngas,2
kubemevigastus,2
kandidaatriik,2
vutisõber,2
kuutasu,2
lahmakas,2
ületunnitöö,2
ümarpuit,2
elektriohutusala,2
alumiiniumfoolium,2
tootjahind,2
taluhoone,2
pooltselluloos,2
katsepiirkond,2
sakk,2
kümnevõistleja,2
mitteameeriklane,2
spioon,2
turvakeskus,2
tarbijakaitseala,2
paekivituhk,2
kõrvits,2
Ag2r,2
alaväärsustunne,2
kasvaja,2
süüdistamine,2
tuisk,2
läikpaber,2
surnumatja,2
leivateenija,2
näidendivõistlus,2
kleebis,2
volbriöö,2
pommipanija,2
hinnalangus,2
teadlikkus,2
autoparkla,2
daam,2
riigikord,2
35-detsibell,2
lihtsõdur,2
mereväelane,2
salat,2
märkmik,2
meditsiinikontrolliala,2
hallus,2
tippklass,2
kannibal,2
missivõistlus,2
maapoliitik,2
põhirivistus,2
kiirtoit,2
pagendus,2
paadiomanik,2
poolsfäär,2
taimeteadlane,2
puhkuseaeg,2
rakendamine,2
teemalste,2
prominendikütt,2
kolinergili,2
tuhksuhkur,2
kingsepapoeg,2
väärtustamm,2
partisan,2
ultimaatum,2
odomeetrili,2
põlvetrauma,2
võlu,2
tegija,2
mõttekramp,2
kohtunikuamet,2
sekkumisasutus,2
lumekuubik,2
vaade,2
laenuvõtmine,2
virvarr,2
erasisik,2
eksootika,2
pealelöök,2
loojang,2
noatorge,2
realist,2
rannaküla,2
osutitorn,2
kae,2
maksekohustus,2
usund,2
R-kiosk,2
sepikoda,2
kooperatiiv,2
inflatsioon,2
surmaotsus,2
suurtalunik,2
filmindus,2
terasesulam,2
kohaldamine,2
abivajaja,2
kivipallur,2
orvuke,2
astronoomia,2
vastasseis,2
DL-ratseemili,2
arendusosakond,2
antitrombootili,2
ajutrauma,2
aegumine,2
ühissahver,2
talvemustus,2
tööstress,2
mürsik,2
suhtleja,2
must-valge,2
abiline,2
kodutarbija,2
hüpertunnel,2
suursõit,2
mobiil,2
lõvi,2
kokteilipeo,2
pimesikumäng,2
britlane,2
poisiiga,2
laulukonkurss,2
graaf,2
loto,2
vibupüss,2
purjespordikeskus,2
vektor,2
heeringas,2
teletöötaja,2
megahitt,2
töökus,2
poolfinalist,2
heinamaa,2
hädaabi,2
newyorklane,2
kõrvaltalu,2
pesuköök,2
autoelektrik,2
nuuskur,2
kood,2
juuratudeng,2
koduarest,2
söögisaal,2
selgeltnägija,2
naabritüdruk,2
reservväelane,2
torustik,2
omariiklus,2
muusikakriitik,2
jätmine,2
ekspositsioon,2
maavalitsus,2
viie-kuuetund,2
silo,2
Play-off,2
tuumakatsetus,2
sõjatsoon,2
kink,2
pagasiruum,2
rookatus,2
naisõiguslane,2
suremus,2
metseenlus,2
vorst,2
tipporienteeruja,2
veinivirre,2
paarikuul,2
termomaterjal,2
liigesepõletik,2
tervisespordiala,2
välispoliitik,2
väljakutse,2
mäestikulaager,2
osalejariik,2
taastuvtoore,2
seljatagune,2
diktatuur,2
meelisala,2
seljavigastus,2
söödateravili,2
kaheksakuul,2
flickr,2
paberelement,2
suusatreener,2
Mhz,2
gaasijuhe,2
keskküte,2
eksponaat,2
strateegia,2
pallikaotus,2
jalakapuu,2
reaalkool,2
paipoiss,2
laulmine,2
atoopili,2
psühhodeelili,2
klaveriõpetaja,2
muaru,2
valuutarisk,2
jalgpallistaar,2
paadiralli,2
kapral,2
atlea,2
leke,2
mereliiklus,2
ekspunkar,2
üldeelarve,2
peruulanna,2
puhtus,2
eelarvedistsipliin,2
suurettevõte,2
mägilane,2
pealevise,2
püstiasend,2
karpraud,2
ülevõtmine,2
lipsuriie,2
sünnihetk,2
metoodika,2
kuusepuit,2
patrull,2
joomarlus,2
tsikliklubi,2
pleiboi,2
vorstike,2
teelusikatäis,2
ninaots,2
arenguparteilane,2
õpipoiss,2
org,2
yritus,2
hübriid,2
sotsiaalsus,2
näkk,2
kaubahall,2
linnasaks,2
soosik,2
satelliit,2
tuusik,2
oie,2
peamagistraal,2
meteoroloog,2
kivipuru,2
kukkur,2
aleal,2
frankofiil,2
saeveski,2
hansapankur,2
hoolikus,2
õigusjärglus,2
kutsumus,2
poplauljatar,2
palverännak,2
kõhugripp,2
aatomienergia,2
mütsimeister,2
tsaar,2
ülejäänu,2
kvoodikoht,2
sinipunakold,2
kopsik,2
pudi-padi,2
fenomen,2
džentelmen,2
peatamine,2
teivashüppaja,2
veer,2
salapära,2
käeulatus,2
keelepoliitika,2
triumf,2
kriminaalkurjategija,2
eeluurimine,2
majahoidja,2
külapood,2
lääts,2
treenerikoht,2
tsirkus,2
kummist-metall,2
yle,2
isesisvus,2
töe,2
teabeagentuur,2
estraad,2
õpituba,2
diktor,2
hindulane,2
opossuminahk,2
püügipiirkond,2
koguduseliige,2
printer,2
triid,2
laineplekk,2
kamp,2
mittekristik,2
pagasnik,2
karantiinilaut,2
loodussõber,2
pesula,2
mitteaadlisoo,2
teepind,2
raamatupood,2
peaväravatorn,2
fiiber,2
veelomp,2
ass,2
kõneldu,2
egomaniakk,2
suunamine,2
mätas,2
eküü,2
korstnapühkija,2
tööstusühiskond,2
kostja,2
tuum,2
lesk,2
võrdlushind,2
talvelaager,2
psühhoanalüütik,2
limiit,2
unts,2
äritehing,2
õllejoomine,2
toidukauplus,2
tundja,2
valve,2
muusikapedagoog,2
transs,2
prügikotihoidja,2
taldrik,2
seitsmeprotsent,2
tegm,2
ekssportlane,2
lihttööline,2
põngerjas,2
nohkar,2
süütus,2
kaotusteahel,2
süsinikkumm,2
madissoni,2
aatemees,2
kosk,2
tulipea,2
kanamuna,2
kosmosejaam,2
riigieksam,2
antikvaar,2
tehnikum,2
guugel,2
puurivaht,2
porto,2
medaliomanik,2
opositsiooniliider,2
juriidel,2
põliseestlane,2
potitäis,2
tõlkepraktika,2
kahtlusala,2
betoonkivi,2
narkotalu,2
veerandsajand,2
kõnesidemonopol,2
importnaistenahk,2
südamevitamiin,2
konkurentsiseadus,2
subwoofer,2
puukool,2
kvalifikatsiooninorm,2
statoil,2
kanalisatsioonikaev,2
lüliti,2
risu,2
kontingent,2
nahahoidja,2
manager,2
riigivara,2
räägitu,2
genotsiid,2
kaasomanik,2
septembrikuu,2
mört,2
uurija,2
analoog,2
toht,2
power,2
pisipõnn,2
kloon,2
hasart,2
lõunaaafriklane,2
mäeinsener,2
eluvaldkond,2
maatõu,2
pagulaskeskus,2
lossihoov,2
sisehall,2
kiilakas,2
poevaras,2
käsiraha,2
laminaatplaat,2
altar,2
lähtekood,2
sajaprotsent,2
svamm,2
kohtumõistmine,2
arvutisõltlane,2
eurolaul,2
parameedik,2
paremus,2
söögikord,2
kujundaja,2
luts,2
nelikanttoru,2
ühisus,2
vaatekoht,2
sisekurv,2
ühisrinne,2
farmer,2
kitsevill,2
keskustelu,2
tofu,2
aines,2
detsiliiter,2
seljaosa,2
sünteesfilamentkiud,2
toetusgrupp,2
jõuluvana,2
moedisain,2
mittevalguaines,2
uuete,2
võimaldamine,2
tütarettevõte,2
kohtlemine,2
vahe,2
rannavärav,2
metsaomanik,2
sisenemine,2
grafiit,2
videomakk,2
korvpalliliit,2
hinnapakkumine,2
roma,2
tagasild,2
tüdruksõber,2
sirp,2
arvestus,2
rahvusäärmuslane,2
suutmatus,2
korraldamine,2
velotuur,2
viiemeeter,2
töögraafik,2
oliiviõli,2
linnakorter,2
kõlarikaabel,2
Mp3,2
sang,2
õhusõiduk,2
EW,2
a-kaabel,2
relvaäri,2
ajameelsus,2
kütuseärimees,2
alkeemik,2
lilleseadekool,2
pesuvesi,2
helipilt,2
bahamalas,2
paberipakk,2
serblanna,2
magistriõpe,2
imidzh,2
käsitööõpetaja,2
naftaspetsialist,2
istutamine,2
hipodroom,2
linnavurle,2
proviisor,2
tolmulest,2
libedik,2
sülg,2
kaust,2
mittemuhameedlane,2
konspekt,2
kordus,2
korterivaldaja,2
päts,2
kandideerimisotsus,2
konnatiik,2
saasteallikas,2
omnivoor,2
tõhusus,2
kümnevõistlus,2
katoliiklus,2
äike,2
poepidaja,2
tatar,2
muinsuskaitsja,2
ülbik,2
missa,2
läänlane,2
keskkonnakaitse,2
algkodu,2
rahvamass,2
klounielu,2
kirjasaatmine,2
jõudmine,2
puukoorepuru,2
rull,2
karakull,2
kommenteerimine,2
noortekeskus,2
profiil,2
arvutiinsener,2
kai,2
r2ppari,2
teeninduskombinaat,2
pde,2
kiim,2
Burani-projekt,2
suremine,2
bingotüdruk,2
ollus,2
reklaamiäri,2
ruumikitsikus,2
elurutiin,2
help,2
lõpuspurt,2
protseduur,2
pereema,2
tööturukoolitus,2
noorsoopolitseinik,2
masinaruum,2
hoiu-laenuühistu,2
narkootikumisõltuvus,2
korsett,2
emapartei,2
elvalane,2
veepiir,2
vastsündinuiga,2
tantsutäht,2
klassivend,2
parkimine,2
treenimine,2
pealis,2
piiriületus,2
büroohoone,2
veebruarist-märts,2
keskmäestikulaager,2
skulptuur,2
tunnistus,2
loomapidamine,2
määr,2
sõud,2
kardinal,2
libarebane,2
raudteesild,2
liivarand,2
tuntu,2
läbivaatamine,2
siidlamee,2
riiklikute,2
sõel,2
kasvulava,2
mahagonipuu,2
ahvatlus,2
püsivõrk,2
omamees,2
eksnäitleja,2
talurahvapartei,2
rööbas,2
pealöök,2
rahanduskriis,2
osavus,2
riskirühm,2
pra,2
kirjaoskaja,2
tehisnahk,2
võõrandumine,2
lusikas,2
keskhaigla,2
üldmõiste,2
klaverikunstnik,2
päevakangelane,2
munandikotivähk,2
volitus,2
sünt,2
detektiiv,2
plastnahk,2
uushõbe,2
tagasihoidlikkus,2
toonklaas,2
gabrovlane,2
ühistegevus,2
pael,2
eksmajandusminister,2
väärkäitumine,2
harrastuskunstnik,2
viiulikontsert,2
lugejaskond,2
improvisatsioonivõistlus,2
pisilinn,2
liiliasibul,2
sünnipäevapidu,2
langevarjuhüppaja,2
suleline,2
marokolanna,2
vaatleja,2
tuulevari,2
raskusaste,2
PVC-plast,2
rahvuskivi,2
rahvaloendus,2
taparelv,2
näitlejast-lavastaja,2
missimaailm,2
investeerimispank,2
reeglistik,2
millisie,2
weeb,2
analoogjaam,2
segumeister,2
ründelöök,2
keskkonnaministeerium,2
pingebetoon,2
antikangelane,2
mitteparteilane,2
loodusteadlane,2
veepudel,2
huligaansus,2
korraldaja,2
linnapeakoht,2
sihtotstarve,2
kõrgestsoo,2
mittesugulane,2
keeleteadlane,2
kultuuritaust,2
seenior,2
keksm,2
plüüsh,2
peaministrikandidaat,2
sajameeter,2
neljaprotsent,2
üleandmine,2
stiililooja,2
köha,2
allveearheoloog,2
abivallavanem,2
desertöör,2
reaktor,2
toitlustuskoht,2
produktsioonifirma,2
müüjanna,2
pääm,2
paiknemine,2
keefir,2
komitee,2
laiskus,2
küte,2
libaärimees,2
soojusvõrk,2
lõõgastus,2
arveldamine,2
kontrolör,2
kolposkoopili,2
haiglapidaja,2
väljavalitu,2
sõjaoht,2
valgevask,2
sündmuspaik,2
pronksmedal,2
aku,2
õõnsus,2
purskkaev,2
koalitsioonipartner,2
standardiala,2
liitumispunkt,2
teatrikunstnik,2
medaliheitlus,2
tekkimine,2
regulatiivkontroll,2
sülearvuti,2
finantsgeenius,2
looduspark,2
elutunnetus,2
kultuurikontekst,2
tarbimispeo,2
mitteomanik,2
trompet,2
teenistuspüstol,2
selgitamine,2
loomakasvatusehitis,2
kahtei,2
möla,2
sadulasõber,2
pruunikrähmul,2
läbilaskevõime,2
omandiõigus,2
herilane,2
hageja,2
kooslus,2
ärileht,2
müügileping,2
ekstsaar,2
ühishüpoteek,2
reisirongindus,2
sant,2
raibe,2
piletimüüja,2
spordifänn,2
lotomiljonär,2
öeldu,2
haug,2
võimekus,2
ülekäigurada,2
alandus,2
müügiboks,2
hirvenahk,2
nelja-päev,2
eraettevõte,2
pensioniteatis,2
kullastandard,2
ehitusalune,2
koerakarv,2
loik,2
kooliaasta,2
võiduraha,2
poolkaitse,2
kogutulu,2
vanglapõgenik,2
piiririkkuja,2
ninaosa,2
valuutavahetus,2
kriisiseisund,2
pastakas,2
tööturuala,2
katseklaas,2
kasevineer,2
sünesteet,2
viide,2
valjus,2
elektriküte,2
meresõitja,2
tagahoov,2
raidkivi,2
kaotusvalu,2
muhulane,2
külmetushaigus,2
sümfooniakontsert,2
toimumine,2
kasiinoäri,2
digitaalallkiri,2
juhtimisala,2
B-norm,2
õlireostus,2
ammoniit,2
vedurijuht,2
palmipuu,2
aastatuhandevahetus,2
langevarjur,2
toorpiimaturg,2
privileeg,2
variser,2
modellitöö,2
märter,2
klann,2
täitja,2
rattasport,2
sotsiaaltööala,2
avatus,2
haigestumine,2
süstal,2
rahvajooks,2
inimrämps,2
jaanalind,2
söögikoht,2
spiritist,2
tellimine,2
turundusala,2
turuolukord,2
tõe-pool,2
autoderivi,2
minarett,2
diskoripult,2
kesklaine,2
keskkoolipink,2
kullaäri,2
ostjaskond,2
õõv,2
miin,2
punane,2
sõltlane,2
retsidivist,2
vedelik,2
seadustik,2
hüve,2
iraag,2
ilmastik,2
kuumutaja,2
erasõitja,2
proovilahk,2
regioon,2
trass,2
terasbetoon,2
õunakook,2
barjäär,2
vallasekretär,2
doktorant,2
pappel,2
turvakodu,2
skeem,2
letargia,2
tagantukse,2
päevakorraprojekt,2
esinumber,2
meediamogul,2
käija,2
auahnus,2
tselluloosvatt,2
teatriraamat,2
riba,2
h2da,2
diagnoos,2
polüesterkangas,2
hülgeuurija,2
sparringupartner,2
terastoru,2
kulutamine,2
reisiseltskond,2
kutseharidus,2
orru,2
lekseem,2
kard,2
faktuur,2
lühend,2
osavõtja,2
kilpkonnakilp,2
aastakäive,2
lill,2
kuju,2
maailmarekordimees,2
süürlanna,2
ametiühinguliider,2
fanatism,2
lääne-eurooplane,2
raamatupidamisala,2
dendropark,2
jalgrattasõber,2
eriüksus,2
mongoollane,2
apartheid,2
soolataigen,2
ajalehepaber,2
vanajumal,2
kaste,2
karter,2
intressipoliitika,2
lootsimine,2
personalijuht,2
majanduskasv,2
õpetamine,2
holocausti,2
guru,2
konsensus,2
komandör,2
toidukaup,2
apelsin,2
mõnesajameeter,2
riigimees,2
kaastöötaja,2
vahendustasu,2
lastepäevakodu,2
börsilangus,2
progress,2
vestlusring,2
ahistus,2
hoidmine,2
funky,2
kutseõppeasutus,2
gravitatsiooniväli,2
katedraal,2
kaasvõitleja,2
metslus,2
maksukoorem,2
käsk,2
venemaalane,2
rokitrummar,2
ülekohus,2
eksperthinnang,2
tuleroog,2
saarlanna,2
jääaeg,2
tipp-poliitik,2
trammijuht,2
möll,2
laborant,2
seljavalu,2
kirjutis,2
lahkumisotsus,2
köster,2
kuuendik,2
pardipoeg,2
maailmakodanik,2
randumine,2
teemant,2
linnasüda,2
jumalasulane,2
plika,2
kaugküte,2
hiromant,2
kopsuvähk,2
õlletehas,2
koolibuss,2
sümpaatia,2
kümneruutmeeter,2
peakangelane,2
lähenemine,2
ehituslugu,2
kohusetäitja,2
veetase,2
kolmnurk,2
sissemaks,2
järjekord,2
mullbetoon,2
vaidlustus,2
suurriik,2
maastikuarhitekt,2
omahind,2
sisenurk,2
homoseksuaalsus,2
viinaviskaja,2
hetero,2
integratsiooniala,2
kohtutoimik,2
papjeemašee,2
läbiviimine,2
reguleerseadis,2
pääsemine,2
siit-ilm,2
päritolutõend,2
mälestusmärk,2
tees,2
müügiagent,2
masuudilaik,2
bakalaureus,2
juubelipeo,2
regionaalpoliitikaala,2
kurgumandel,2
väljaõppeala,2
sihtasutus,2
naistemarss,2
aatom,2
halduskohus,2
foor,2
löss,2
laenutoetus,2
relvastusala,2
sele,2
viinaviga,2
koorikbetoon,2
liiklusummik,2
sultan,2
turvapadi,2
psühholoogiatudeng,2
ajusurm,2
mittearst,2
vastassuund,2
kindlustusärimees,2
aastakoosolek,2
valgustus,2
plastpudel,2
headus,2
aparaat,2
ravim,2
kolju,2
nadi,2
kuuld,2
sideala,2
30-kalendripäev,2
eelhääletus,2
elukäik,2
vettejuhtimine,2
seisja,2
tuulepea,2
elukindlustus,2
okaspuu,2
vamm,2
reket,2
nimikangelane,2
spordisõber,2
puhkeaeg,2
kassatsioonkaebus,2
tööinspektsioon,2
kaabel,2
välispank,2
lähetus,2
paigalseis,2
elutsükkel,2
fosfor,2
poliit,2
eksistents,2
sõjard,2
linoleum,2
esiisa,2
paneeldiskussioon,2
jagamine,2
tõendamine,2
koduloolane,2
puhaskasum,2
tavakurjategija,2
menüüsüsteem,2
hilisromantik,2
küproslane,2
reetur,2
teispoolsus,2
varjunimi,2
liinibuss,2
muusikaelu,2
majandamine,2
tähenärija,2
sellenädal,2
jaemüük,2
süvend,2
harrastusratsutaja,2
jalaoperatsioon,2
mask,2
õigeusk,2
etnoloog,2
neljakilo,2
väliskeskkond,2
kasvatus,2
maakohus,2
infosaal,2
jalgpalliväravavaht,2
doktoritöö,2
multiinstrumentalist,2
pagar,2
sõidukiomanik,2
pisik,2
istungisaal,2
uurimistoiming,2
soss-sepp,2
pearaha,2
riigipööre,2
muul,2
kepileib,2
rünne,2
piinaja,2
lelu,2
rumba,2
närvipinge,2
autokoorem,2
latino,2
algallikas,2
reisigraafik,2
luksemburglane,2
koolituba,2
rõivas,2
taotleja,2
energeetik,2
õlisegu,2
S-kivi,2
lavakas,2
penaltilöök,2
kirikuterajoon,2
peadirektor,2
praam,2
psühholoogiaprofessor,2
pommiplahvatus,2
sümbol,2
täismahagon,2
buutflopi,2
joogifirma,2
kinkeleping,2
komsomolikomitee,2
poolaasta,2
ettevaatlikkus,2
mäesuusataja,2
majaehitaja,2
arvutivõrk,2
doc,2
neutraalsus,2
praktikant,2
ovaalkabinet,2
tagasivalim,2
infotehnoloogia,2
ahistaja,2
vastuseis,2
120-160GB,2
majavamm,2
täishõbe,2
puus,2
populism,2
ühend,2
com,2
saud,2
säästumarket,2
metsamaa,2
trahvimaksmine,2
kiirabiauto,2
kaklemine,2
rahvasportlane,2
kalts,2
edasilükkamine,2
ametitoiming,2
kihlvedu,2
töölevõtmine,2
naisliikumine,2
siseturg,2
töötasufond,2
asümeetrili,2
nägemus,2
sadamakood,2
riigiprokurör,2
tädi,2
looduslaps,2
kompromiss,2
tollikontrollitsoon,2
Londoni-kodu,2
koguarv,2
rahuplaan,2
onu,2
lipukangas,2
texaslane,2
veluurnahk,2
kiindumus,2
istekoht,2
reisisadam,2
eelarvetasakaal,2
market,2
laevakompanii,2
Oscari-omanik,2
videvik,2
jumalateenistus,2
reageering,2
arst-intern,2
näitamine,2
ilmavaatleja,2
jäämine,2
ManU,2
narkosmugeldaja,2
raskekaallane,2
ujum,2
epileptik,2
keskmäestik,2
shotlanna,2
spordipedagoog,2
sõbrakäsi,2
vaikelu,2
majandusime,2
suletus,2
vallavalitsus,2
utoopia,2
naftaäri,2
laskur,2
sõudja,2
kütusekulu,2
plasttops,2
üksikhooldaja,2
mannetus,2
lüürik,2
vaidlusala,2
pink,2
sellesina,2
meediastaar,2
poi,2
tuumariik,2
veevõtukoht,2
rääkimine,2
sookaaslane,2
restauraator,2
likvideerimine,2
olümpiakomitee,2
levik,2
toimetamine,2
koeraarmastaja,2
noorsooteater,2
kokkupõrge,2
trahvikast,2
moldaavlane,2
ebaselgus,2
puberteet,2
surmagrupp,2
masuut,2
tulp,2
monoodili,2
elusloodus,2
flirt,2
ülbus,2
veis,2
pirnipuu,2
valmidus,2
mittekristlane,2
lähinaaber,2
saadikumandaat,2
vankriratas,2
siseministeerium,2
soojafirma,2
heategija,2
liivataigen,2
kiiruskatse,2
maailmarekordiomanik,2
kevadkoosolek,2
püriit,2
tubakafirma,2
keskkonnareostus,2
peksupoiss,2
palgatöötaja,2
peterburlas,2
põlisrahvas,2
õnnetuskoht,2
liiklusmärk,2
horvaatlas,2
muusikasõber,2
peks,2
tagasimakse,2
teelõik,2
riisipaber,2
fetiš,2
tunnistamine,2
ebavõrdsus,2
metallvõre,2
projektipõhis,2
siirus,2
keerukus,2
nahakunstnik,2
karjapoiss,2
alumiiniumplekk,2
erkkold,2
pakkimishoone,2
laadungimärk,2
autentsus,2
dominikaan,2
kaugküttevõrk,2
riidehoid,2
laohoone,2
aluspesu,2
kaitsepositsioon,2
abort,2
suurusjärk,2
dollarimiljonär,2
amfetamiin,2
septembriõhtu,2
sait,2
esitatu,2
halastaja,2
näljahäda,2
vale,2
küberneetik,2
perekonnapea,2
isekus,2
kollektiiv,2
vahendaja,2
kang,2
eesistuja,2
riigikontroll,2
tsistern,2
sponsorleping,2
vähihaigus,2
veteranpoliitik,2
uurimistöö,2
üheksakuul,2
saastemaks,2
retoorika,2
külmutuskapp,2
vadak,2
valjuhääldaja,2
papjeemashee,2
mittetallinlane,2
klassikasõit,2
loovutamine,2
läinudpühapäev,2
päästja,2
colombialas,2
fore,2
kontsentraat,2
palmileht,2
kassahitt,2
palgaastmestik,2
suuraktsionär,2
kuldaktsia,2
etno,2
rahasüst,2
kuulajaskond,2
jooksuvõistlus,2
kõrkus,2
kõurik,2
eramaja,2
lauluväljak,2
kirss,2
juutlus,2
sopajoodik,2
mängupartner,2
teatriprodutsent,2
kunstinõukogu,2
tuletõrje,2
eluasemefond,2
internetipank,2
ihalus,2
sõjaväebaas,2
toitlustusala,2
signaal,2
koomiks,2
kri,2
kilovatt,2
ekspluatatsioon,2
puna-valge,2
mittepõlisrahvus,2
naarits,2
patarei,2
siidpael,2
suurettevõtja,2
kuusk,2
rusikamees,2
klants,2
investeerimispankur,2
palestiinlanna,2
lennuväelane,2
jõulupreemia,2
antikommunist,2
laevaregister,2
peamaja,2
laevandussõda,2
piletihind,2
valimiskomisjon,2
veoautojuht,2
lauslollus,2
telepurk,2
vanemapuhkus,2
keskkonnamõju,2
võltskuld,2
lambahakkliha,2
leidmine,2
nimetaja,2
suvetöö,2
tüüp,2
abordisurm,2
ütte-tõi,2
ohuolukord,2
sooblinahk,2
kohtuotsus,2
taplus,2
noorsootöö,2
soomeugrilane,2
jopetasku,2
tõse,2
klaustrofoobili,2
ratsanik,2
maksundusala,2
keskkriminaalpolitsei,2
teeserv,2
pikk,2
tervisepäev,2
bastion,2
algpunkt,2
vööndiaeg,2
vaktsiin,2
rinnuliujuja,2
helkur,2
politseitöötaja,2
edulugu,2
turismifirma,2
suuromanik,2
puhkeala,2
peaministritool,2
ristiusk,2
lihalett,2
konfessioon,2
plastklaas,2
seadusandlus,2
rahvuslikkus,2
käsiraamat,2
müügitehing,2
innä,2
tikkelluu,2
põdrasarv,2
koekultuur,2
metsloomaluu,2
vanglakaplan,2
napsitaja,2
metslane,2
rukkipäev,2
sent,2
jalgrattatreener,2
üsk,2
kaltsunukk,2
vintrelv,2
masohhist,2
messidzh,2
endasarn,2
vaag,2
raagnahk,2
tõi,2
talupojasoo,2
tuumakonflikt,2
joove,2
omakandipäev,2
märksõna,2
meeskodanik,2
tööturg,2
kõrgkultuur,2
meloodia,2
perä,2
tuju,2
kähe,2
ainuosanik,2
seik,2
voodilina,2
tiigrinahk,2
sandlipuu,2
juuksevärv,2
teatrilavastaja,2
vastaja,2
taluperenaine,2
sotsiaalministeerium,2
alko,2
kärestik,2
hägu,2
päevavaras,2
metallsõrestik,2
loomus,2
lihakilo,2
sissetungija,2
raadioamatöör,2
sisserändaja,2
pisisuli,2
lennuava,2
udar,2
sündmuskoht,2
osavõistlus,2
toorkumm,2
terasmetall,2
sihe,2
liina,2
eestkoste,2
habemeajaja,2
häbe,2
seaduslikkus,2
sydame,2
rentsel,2
fyysil,2
aniliinnahk,2
kahe-päev,2
magister,2
süsiniklaminaat,2
evolutsioon,2
seedetrakt,2
küpsus,2
auditoorium,2
raudplekk,2
observatoorium,2
kõrend,2
iluuisutaja,2
filmiinimene,2
kilu,2
boikott,2
eksimus,2
spordisaal,2
tantsupidu,2
haarang,2
kaelkirjak,2
dogmaatik,2
kõrgharidus,2
katsetöö,2
epizootili,2
elektrikitarr,2
seaduspära,2
maastik,2
ühistegel,2
riialane,2
veretöö,2
lendleht,2
organisatsioonikultuur,2
kolledzh,2
maksukohustuslane,2
persoon,2
ausus,2
hulgus,2
inspektor,2
keigar,2
pildialbum,2
oponent,2
piletikassa,2
närukael,2
parasiit,2
etnograaf,2
väliskaubandus,2
sünnitusosakond,2
sobivus,2
udmurt,2
ühekilo,2
muidusööja,2
mikspära,2
tselluloid,2
mystil,2
rahaturukriis,2
aminohape,2
võrkpallur,2
süütegu,2
kokkuleppemenetlus,2
säilitusala,2
õpetajanna,2
süüteokatse,2
tahtlus,2
projektikoht,2
toornahk,2
puuvillpikee,2
marssal,2
filmifänn,2
muidug,2
hieroglüüf,2
liigkasuvõtja,2
individualist,2
omakultuur,2
kilp,2
pedant,2
reliikvia,2
küün,2
eraklikkus,2
maakas,2
emakirik,2
budism,2
toon,2
sõiduõpetaja,2
naisemees,2
naturaalsiid,2
volinik,2
tühikargaja,2
viski,2
naivism,2
haiglaravi,2
vanaraud,2
siirup,2
juurdlus,2
umbvenelane,2
narr,2
tsirkuseartist,2
seeder,2
ehitusmaailm,2
proteiin,2
ühiskonnakorraldus,2
teokarp,2
autoritaarsus,2
eksperiment,2
reklaamitegevus,2
istungjärk,2
keskmäng,2
ülimürk,2
õpitarkvara,2
sensor,2
väärate,2
propositsioonili,2
isamaasõda,2
liim,2
riigivisiit,2
piirijoon,2
pargivõistlus,2
uuendaja,2
rahvuspoliitika,2
eeskuju,2
kogukond,2
nolk,2
süstimine,2
lauasahtel,2
kindlus,2
kombinaat,2
seakasvatus,2
lõks,2
kogunemispunkt,2
orjaöö,2
kuningliiga,2
ajaloopööre,2
luust-liha,2
kodeiin,2
teadur,2
andmepank,2
androgüün,2
põllumajandusdoktor,2
valimisringkond,2
sissejuhatus,2
eeltoodu,2
megavatt,2
ramp,2
matrix,2
kruvike,2
vallutaja,2
Subaru-praktika,2
torge,2
ainuomanik,2
topeltagent,2
salamaailm,2
südamli,2
martsipaan,2
huviorbiit,2
mereväekapten,2
kalurikolhoos,2
tippametnik,2
kellassepp,2
puud,2
plinder,2
maafond,2
idaosa,2
inimõiguslane,2
maiuspala,2
sinikold,2
alumiiniumprofiil,2
kriminaalpolitsei,2
söör,2
kiirtee,2
põllupidaja,2
valimislubadus,2
kolmeprotsent,2
lauluõpetaja,2
mobiilsidevõrk,2
puhastulu,2
palmipuudepüha,2
oder,2
pragmaatik,2
duo,2
silikaatkivi,2
rullmaterjal,2
rütm,2
majandusolukord,2
kõla,2
poleemika,2
biomass,2
kõrgmäestik,2
imematerjal,2
töötervishoiuala,2
plastikmaterjal,2
megastaar,2
sügisjooks,2
napollane,2
läänemaailm,2
kakskeelsus,2
hingepõhi,2
religiooniala,2
kupp,2
nööp,2
jersey,2
pedofiilia,2
sügavkülm,2
treeneritöö,2
10,2
tagatisrahastu,2
mõmm,2
eerlane,2
protektsionism,2
revanshism,2
oksmaa,2
40,2
rahvuslus,2
vaas,2
teismeiga,2
väliskomisjon,2
isend,2
tolliamet,2
varu,2
sõiduriist,2
rahandustegelane,2
ajuvähk,2
kolgas,2
GP-võit,2
sisekaemus,2
tabel,2
sisukord,2
pistik,2
uudisgrupp,2
õhureostus,2
jure,2
ferrar,2
roller,2
lõhn,2
eksam,2
polüesterriie,2
arvestamine,2
kontrolliala,2
kokakunst,2
kontrollimine,2
tõmbur,2
emaistik,2
mittevastavus,2
annakusaaja,2
avariiolukord,2
puudulikkus,2
põllumajandusministeerium,2
lähtepunkt,2
kesküksus,2
asümptomaatili,2
verevool,2
õiguskomisjon,2
tuub,2
viriseja,2
pump,2
tolliterminaal,2
ministriportfell,2
maltoosa,2
seinakontakt,2
ropendamine,2
fetish,2
metsakapital,2
ümbervaatamine,2
logistik,2
lauatelefon,2
korraldajafirma,2
õiguserikkumine,2
omse,2
taru,2
pettus,2
pätajalg,2
seaduseväänaja,2
eelnenu,2
präega,2
pangajuht,2
kedag,2
minukäsi,2
terw,2
uuno,2
rongisõit,2
telku,2
melle,2
alia,2
rõõmurull,2
htu,2
müügikasum,2
justju,2
töökabinet,2
kaaslinlane,2
nyydse,2
kuidag,2
mudug,2
prääk,2
plika-tartu,2
dža,2
märtsikuu,2
porisonkija,2
talongisõber,2
hoorajääger,2
jumma,2
pasakott,2
ooperidiiva,2
pia,2
põltcu,2
kazaa,2
pask,2
fantaasia,2
intiimsuhe,2
seksimine,2
vaataja,2
omiqu,2
vändra,2
kulupõhis,2
kaadriala,1
preemiasaamine,1
uutmisprotsess,1
võidutuli,1
salaplaan,1
pressklaas,1
neoonlamp,1
snaiperpüss,1
erimeelsus,1
avangardsus,1
sinist-puna,1
kolmenukel,1
tööturuinfo,1
pingelisus,1
sisemus,1
saastus,1
vanaeit,1
üürivõlglane,1
allmaailm,1
ekspoksja,1
papist-lõuend,1
rooliratas,1
kibuvitsajuurikas,1
hoiukarp,1
haldjaamet,1
Nõmme-kodu,1
demokraatia-ala,1
kaupmehepoeg,1
meeskonnaomanik,1
40-minutli,1
USA-vastane,1
paarikümneminut,1
terasmaterjal,1
idanaabrimees,1
24-protsenili,1
sõumees,1
lennukompanii,1
metalliärikas,1
polüuretaan-kõvavahk,1
rüsijää,1
jõuk,1
jalaluumurd,1
kultuurivaim,1
teadlasekutsumus,1
elektriinsener,1
lossihoone,1
metafüüsik,1
kaubandusala,1
omavahl,1
kodutehnikakauplus,1
naabripoiss,1
reinimaalane,1
maskott,1
kümnend,1
riigikaitsemaa,1
piparkoogivorm,1
kaitselaud,1
ohutunne,1
lõhnaõli,1
ihupesu,1
tööotsimine,1
laululind,1
veevann,1
lju,1
politseiraadio,1
taasiseseisvumine,1
karilejooks,1
ennustus,1
kuumarekord,1
reisikirjanik,1
kuubaameeriklane,1
oletus,1
meistritöö,1
orientatsioon,1
pimedusaeg,1
mündihärra,1
suurrünnak,1
iillane,1
teeklaasitäis,1
6-magnituud,1
valgukogus,1
harakasuurus,1
järelkasv,1
teleteoreetik,1
turvatöötaja,1
vasaraheitja,1
hobusemüük,1
islandiseiklus,1
lukufirma,1
koorimuusika,1
tennisemäng,1
näljarott,1
sugupuu,1
välisluurejuht,1
merekohin,1
bioloogiaõpetaja,1
linnavõim,1
koduoja,1
napsivõtmine,1
orjaike,1
harrastuskalur,1
vipimate,1
importkontsentraat,1
peoperenaine,1
programmeerimisvõistlus,1
vedelevaste,1
rodu,1
pleieriklass,1
vutifanaatik,1
lõunaameeriklane,1
peatreeneriamet,1
showballett,1
säästupreester,1
ansamblikaaslane,1
soolasegu,1
geeniala,1
igavik,1
põhukuhi,1
vehklemine,1
kaasesineja,1
valitsusala,1
kuriteopaik,1
redigeerija,1
entüklopeedili,1
spionaazh,1
madalpingevõrk,1
seksiasjatundja,1
arvutihuviline,1
Alcantara-nahk,1
mereriik,1
võimuvõitlus,1
olümpiasõit,1
galeriinäitus,1
komme,1
makett,1
võttepaviljon,1
millenniumiloterii,1
oonurmelas,1
tennisestaar,1
akvaviti,1
õrgetasemel,1
kolmeeksemplar,1
juveliir,1
tabelijuht,1
hais,1
rassivaen,1
ruhnlane,1
seksiabivahend,1
tuuleõhk,1
aumärk,1
internetiala,1
kesklinnavalitsus,1
ühest-paar,1
kirjanduseõpetaja,1
plastlint,1
slaid,1
negatiiv,1
puhmarinne,1
tinatükk,1
kontsertõhtu,1
maa-julgeoleku-esi,1
hüüdja,1
kunstimeister,1
kingaviksija,1
trekisõitja,1
särgireklaam,1
võimumonopol,1
informaatili,1
miinisarn,1
metalluks,1
galaõhtu,1
uusmeremaallane,1
töömaht,1
autofrakk,1
folkbänd,1
talukaev,1
ühispilt,1
reformikonverents,1
inauguratsiooniparaad,1
supimaitsetaim,1
väepealik,1
astronaut,1
akordioniõpetaja,1
soja,1
lõpetanu,1
koos-olek,1
ülevus,1
naturaalkiud,1
narkojõuk,1
padukomöödia,1
kõrgmoeäri,1
europeldik,1
dopingukaristus,1
kindalaegas,1
salabensiin,1
lennukirünnak,1
dressivaras,1
kalapüügiala,1
isotoonili,1
raviinfo,1
saatekava,1
autoliising,1
kinnimaksmine,1
väravapost,1
hakatus,1
hobiloom,1
hurtsik,1
paneel,1
pööris,1
veeosakond,1
rootoodang,1
epeevehkleja,1
lakk-nahk,1
valiktsükkel,1
kandideerinu,1
segadik,1
šinjoon,1
moefriik,1
anatoomiaõpik,1
kaasalöömine,1
kiudklaas,1
grillahi,1
suurvõit,1
papimass,1
abielutruudus,1
miniast-väimees,1
toimimine,1
kosmosesaaga,1
lavajõud,1
kärakamees,1
erakonnaliige,1
linnavalitse,1
combo,1
polster,1
julgus,1
tobu,1
umbusupesa,1
tööauto,1
ristirüütel,1
ravija,1
väljapuhkamine,1
jalgpallikohtunik,1
eskiisikonkurss,1
õllereklaam,1
laenuportfell,1
menufilm,1
rahuvõitleja,1
reisilaev,1
elutsoon,1
amfetamiinisõltuvus,1
ambur,1
varuosariiul,1
rajaveer,1
kirikupark,1
infominister,1
udu-aur,1
Ameerika-vastane,1
salanõunik,1
brutotulu,1
paarikümnekraad,1
staadion,1
kandam,1
pneumoonia,1
olümpiapronks,1
2magnituud,1
välisõhk,1
pinin,1
piiskop,1
telerežissöör,1
reklaamitöö,1
jumal-teab-mis-looma-nahk,1
laialiminek,1
actigel-materjal,1
muusikaajakirjanik,1
reanimatsiooniosakond,1
akropol,1
linnuke,1
üheksakuu,1
konkursilugu,1
kirurgiteras,1
tippjalgpall,1
lõhke-keha,1
Volga-omanik,1
rõhtlaudi,1
konvektsioon,1
kergvill,1
vahemälu,1
kambrike,1
laulupealkiri,1
reaalteadlane,1
ärikonsultant,1
padusült,1
EPS-materjal,1
kriminaalsüüdistus,1
tennisemängija,1
vürtsikus,1
varasalv,1
turvalisusala,1
kõneviis,1
sametriie,1
graniitplaat,1
kultuuriperifeeria,1
kõrgsurvepump,1
demokraatiavaegus,1
majandustaandareng,1
rohelus,1
õpiaeg,1
superarmuke,1
võltsbriljant,1
klots,1
ligu,1
neljatärni-võõrastemaja,1
maratoonar,1
lodevus,1
liigniiskus,1
meelevald,1
veokitäis,1
poolkükk,1
kunstitempel,1
õnneotsija,1
presidendipartei,1
tuumategevus,1
naispolitseinik,1
vatimaterjal,1
soojuspump,1
solaarium,1
terroritegu,1
sinikollapuna,1
autospordiliit,1
aeroobikatund,1
koguaasta,1
antibiootikum,1
pistrik,1
rajoonileheke,1
salatitaldrikutäis,1
salaoperatsioon,1
kehamassiindeks,1
DLP-projektor,1
LCD-projektor,1
kasutuskõlbmatus,1
loodustoore,1
jätkusuutlikkus,1
islamifanaatik,1
kuldlõng,1
noorepõlveromaan,1
hoiatus,1
alustassisuurus,1
rassimine,1
üksikrekord,1
kehastaja,1
show,1
seksikaubandus,1
lennuliiklus,1
levimistee,1
raju,1
kätteõpitu,1
koostaja,1
arvamusliider,1
testisõit,1
hallik,1
megapiksel,1
mikrofiiber,1
õllevabrikant,1
mälumänguentusiast,1
kontrolltöö,1
võidusõidumasin,1
eraülikool,1
vägivallakodu,1
räästas,1
bambusvineer,1
kõrvalruum,1
kommunaalpoliitik,1
valimispropaganda,1
šokiseisund,1
palliheitlus,1
sigarisõber,1
teatrirutiin,1
pusimine,1
perelemmik,1
pardakompuuter,1
valgusravi,1
kirjarubriik,1
sünoptik,1
aasialane,1
sooduskampaania,1
ninasarvik,1
pooljuht,1
võlutehas,1
topeltports,1
viljatus,1
profimale,1
lameekraan,1
kuldniit,1
nõustamine,1
naturaalsus,1
krõmps,1
CD-vaheti,1
sohilaps,1
muusikamagister,1
valijaskond,1
politseivalve,1
üürimine,1
testiklaas,1
sideaine,1
Eesti-treener,1
bussitiir,1
lausik,1
ekskodanik,1
hukkamine,1
vanglakong,1
hiigelsegisti,1
presskivi,1
transiidimaks,1
teraspoiss,1
tehingupäev,1
põlvehäda,1
pessimist,1
lapsus,1
kraavihall,1
omakülamees,1
löögivahend,1
tänavasõiduratas,1
teleajalugu,1
pimedusepelgur,1
akvaarium,1
telefonikataloog,1
ühekülgsus,1
indoneeslanna,1
mammonaihalus,1
ekstreemsport,1
alkoholisõltlane,1
AAlane,1
kellaparandus,1
muutuvkapital,1
augustiputš,1
vääriskivi,1
kiilassilm,1
filmprodutsent,1
internetiarhiiv,1
erakliinik,1
jõuluime,1
külalistetuba,1
orgia,1
vähihaige,1
finaalikoht,1
koondisekandidaat,1
võimaste,1
tuumajõujaam,1
ülitundlikkus,1
olümpiapeo,1
üksikmäng,1
originaalhind,1
poolkortsuriie,1
koondisesärk,1
safiirkristall,1
müügiarv,1
põlgus,1
loos,1
käivitumishetk,1
maapõrge,1
suursoosik,1
kihtplastik,1
ülimaratoonar,1
kalafanaatik,1
kuueteistaasta,1
augusarn,1
indiaanlanna,1
varatali,1
õnnitluskaart,1
jälgimistelevisioon,1
olümpiapaik,1
külavahetee,1
CD-mängija,1
teatrikülastaja,1
nahavähk,1
15kantmeeter,1
ansamblilaul,1
jutlustaja,1
lumekuhil,1
reisikindlustus,1
kopeerija,1
furgoon,1
kaitsetoll,1
käärivahe,1
islamiusk,1
ravimisõltuvus,1
ajulõikus,1
hädaline,1
sisejulgeolek,1
naistekandmise-fänn,1
meistrimees,1
mängukaaslane,1
välikohvik,1
saunafänn,1
debüüt,1
valupunkt,1
tähesära,1
hasartsõltlane,1
lähiplaan,1
arusaaja,1
modell,1
rahasumma,1
panda-raadio,1
kunstnikutee,1
prkatil,1
edasipääs,1
Fischeri-kold,1
leivapood,1
liiklussõlm,1
rahulikkus,1
orgasmiaktsioon,1
keskkonnaekspert,1
tantsurahvas,1
noortepunt,1
sotsiaalhooldusala,1
terassõrestik,1
isoleerpael,1
õigusspetsialist,1
tagasilubamine,1
liikmemaks,1
tellisarhitektuurivõistlus,1
tuumamaterjal,1
piletiautomaat,1
kopsuoperatsioon,1
suurkool,1
professionaalsus,1
S-kurv,1
haavlipüss,1
vähidiagnoos,1
talvetaak,1
kärtspuna,1
pubibänd,1
karate,1
maffialinn,1
ustinovate,1
poekäru,1
kõrvalhüpe,1
välisinstitutsioon,1
õunauputus,1
telefonimälu,1
armastuskiri,1
joomakirg,1
väikeautoala,1
neljakuupmeeter,1
EGV-sarn,1
kõripõhi,1
metssiga,1
lihaloomus,1
indipopp,1
suurüritus,1
rukkitera,1
popmuusikateadur,1
tšekist,1
kultuuriloolane,1
stalinism,1
alžeerlana,1
vedelgaasiturg,1
rehabilitatsioonitöötaja,1
soodimees,1
kõnelemine,1
ökoloogiakonverents,1
lehepoiss,1
aiandusspetsialist,1
fiiberkiud,1
kreisimate,1
allüksus,1
flegmoon,1
põhikoolilõpetaja,1
kutsikaiga,1
minevikupärand,1
ihukaitse,1
jalgpallimatš,1
transpordimaa,1
aunimetus,1
tornisarn,1
enamusosalus,1
pugerik,1
verepärand,1
avastuslikkus,1
tondiloss,1
rõhuja,1
emiteerimine,1
paneelmaja,1
heeringafilee,1
viienädal,1
haridus-elu,1
metsajooks,1
Napoleoni-roll,1
000peeso,1
mahlapakk,1
kirjandusala,1
tantsustaar,1
ulmekirjanik,1
looteperiood,1
saateantenn,1
emissioonitulu,1
eluiga,1
viiekroonine,1
tagasisöödu,1
auster,1
möödunu,1
analüüsimine,1
säreveri,1
mahtuniversaal,1
kritseldus,1
autofanaatik,1
ehitusmaterjal,1
ümarpalk,1
aianduskooperatiiv,1
trekk,1
eelarveraha,1
suusakuurort,1
küüslaugujäätis,1
garderoobituba,1
preislane,1
koduleht,1
glazno,1
faktor,1
tumekold,1
põhikord,1
sõiduvöönd,1
värvilisete,1
ruudlis,1
väteenistus,1
patustaja,1
rahvastikukriis,1
meeskonnaliige,1
maailmanurk,1
hõõglamp,1
kvartsklaas,1
mentalideed,1
meeleolumuusika,1
SE-kergmetall,1
eelaimus,1
kitarrigeenius,1
komeeditabas,1
eurokogemus,1
avariiseis,1
reaalelu,1
ärimissioon,1
konservimüüja,1
F1-sari,1
vanniskäimine,1
kurbus,1
hõbepaju,1
algklassiõppur,1
jäljendamine,1
tõlkelooline,1
ekskindral,1
turismiklass,1
karboonfiiber,1
keelepeks,1
12-jaoline,1
imikuperiood,1
ihnuskoi,1
vanglarezhiim,1
maailmakultuur,1
pooljuuditar,1
inimpsüühika,1
umbkaitse,1
napsisõber,1
torpeedoplahvatus,1
põhjaminek,1
suveräänsusklausel,1
näpuviga,1
pesäkotu,1
põlevkivitööstus,1
televõit,1
islamirevolutsioon,1
kaubalaadija,1
soovimatus,1
antiikklaas,1
bakter,1
teisaldamine,1
pisirike,1
võõrkapital,1
asfaldilappija,1
saatesekund,1
tõusutrend,1
viirushaigus,1
teravmeelitseja,1
tühjataskumees,1
lehelugeja,1
maketitegija,1
tippkunstnik,1
polaarvöönd,1
surmauni,1
käepide,1
väljakirjutamine,1
5-lise,1
siidiuss,1
õhureis,1
sõnademäng,1
estoonlane,1
lugemisvara,1
olümpiakandidaat,1
üldpind,1
huvikoht,1
korraldustöö,1
ekskarikaturist,1
kullapood,1
külgesaamine,1
mehaanikaala,1
sadamakapten,1
nekrutivõtmine,1
koolipäev,1
balletitund,1
jõutreening,1
siidvõrk,1
eksnarkomaan,1
voodielu,1
võserik,1
vormelimaailm,1
1baar,1
meediamaailm,1
kultuuriliider,1
playoff,1
konks,1
puuginakkus,1
improviseerimisosakus,1
mnemoturniir,1
merelolek,1
merekaru,1
vaheldumine,1
traavliomanik,1
toidumürgitus,1
väetamiskunst,1
tõepretensioon,1
alumiiniumtraat,1
majandusjurist,1
väliskapital,1
leivaostja,1
randmeliiges,1
peahoone-pesa,1
tagakülg,1
pangakriis,1
klassiõpetaja,1
laagriraha,1
kaotatu,1
laim,1
suursuli,1
lihaserebestus,1
moonivedelik,1
internetiliiklus,1
patukahetsus,1
juhttöötaja,1
MDF-plaat,1
vene-vastane,1
eurohumaansus,1
aruvald,1
venetsueellane,1
maaärikas,1
prügihind,1
staadionikatel,1
fännidehulk,1
lennusõit,1
jõgevalas,1
postmodernist,1
alaliik,1
piimklaas,1
ateljee,1
korvpallitäht,1
valumalm,1
tipp-periood,1
huvikool,1
puhtpoliitik,1
karvatraat,1
museoloog,1
TTpüstol,1
libeerlane,1
rockmuusika,1
sääremets,1
liidrikoht,1
transgeensus,1
vägistamine,1
erapooletus,1
pulk,1
päevapalk,1
mälestuslikkus,1
valerahategija,1
euroreisija,1
impeeriumirahvus,1
1930-40-ndate,1
rahuvalvevägi,1
jazztantsijanna,1
ekssiseminister,1
emm,1
mõtestaja,1
umbusaldushääletus,1
hambatohter,1
maratonifanaatik,1
väravaesine,1
kreool,1
Švejki-romaan,1
vorstimüüja,1
nooreminspektor,1
paarikroon,1
saastetasu,1
suurfarm,1
fotovõistlus,1
kokkumäng,1
seenemass,1
mittesotsialist,1
korrapidaja,1
vastaspool,1
asukohamuutus,1
insenerist-filmimees,1
pätindus,1
golfifanaatik,1
õemees,1
jõukur,1
paranoik,1
eetritund,1
põllumajanduskriis,1
bikiinipiirkond,1
sünteeslõng,1
vampiir,1
Küprose-laager,1
posija,1
favoriidikoorem,1
suurvõistlus,1
külastaja,1
piraatkaubandus,1
arbuja,1
meediamull,1
kõrbevaikus,1
shifoonsall,1
sall,1
inimgenoom,1
peatee,1
pisiametnik,1
vaatepilt,1
möödapääsmatus,1
vargapoiss,1
turukonkurents,1
farmatseut,1
sofistika,1
meetrikõrgus,1
vormeliauto,1
luure,1
rohtla,1
pankrannik,1
sohver,1
siidritest,1
kalastuskoht,1
tulelkõndimine,1
ruumiraiskaja,1
lainepapi,1
polüvinüül,1
klaasriie,1
mustikas,1
lõbumajafirma,1
viinavõtmine,1
kingisaaja,1
keisrilõige,1
ekskuulitõukaja,1
sinierakondlane,1
puhkusehooaeg,1
raamatukujundaja,1
töölistemaja,1
muusikaterapeut,1
filmifriik,1
kaskadöör,1
lehekuu,1
120-kilomeer,1
kodanikuhuvi,1
portlant,1
ülistus,1
ohvriroll,1
palli-klubi,1
pinnasepuhastuse-ala,1
kõrvarõngas,1
basiilik,1
jääsukelduja,1
autoehitaja,1
müstik,1
kart,1
pankrotiseis,1
kaubakeskus,1
bill,1
õnnetunne,1
pornonäitlejakarjäär,1
kontrabassist,1
pesuvahend,1
kriminaalkohus,1
aspiriin,1
väikekodanlikkkus,1
vabakava,1
sinekuur,1
köögipool,1
rekord-õlu,1
kodumaja,1
judokas,1
soojus-energia,1
treeningkeskus,1
tööseadusandlus,1
tulistamispiirkond,1
prostituuditöö,1
komposter,1
rabarberikook,1
riisikauss,1
meesprostituut,1
vabastiil,1
koorilaul,1
lehtkuld,1
süsinikdioksiid,1
muusikaärimees,1
mp3-mängija,1
põhitoon,1
tantsupõrand,1
taashoonestamine,1
vürtsiplika,1
kartulimägi,1
habe,1
papptops,1
läänemaalane,1
prognoos,1
politseiamenik,1
käed-vabad-süsteem,1
reisifanaatik,1
arhipelaag,1
vanapapi,1
relvastuskontroll,1
emelane,1
lühinägelikkus,1
vanamehenäss,1
lauljast-näitleja,1
pakktaru,1
restoranidirektor,1
teooriaala,1
vardaroog,1
raadioajakirjanik,1
futurist,1
fikseerija,1
laevapalk,1
müüginõustaja,1
peagrupp,1
10-lise,1
dekoraator,1
kolmetärn,1
veekandja,1
aidsioht,1
vanusepiir,1
sau,1
hävituslendur,1
esikoht,1
täisterarukkijahu,1
kamamass,1
päevatöö,1
finaalikaotus,1
imetlus,1
telekomiboss,1
paks,1
raketitõrjesüsteemide-ala,1
kurttumm,1
hõrgutis,1
miljoniliir,1
ambient,1
homofestival,1
jõutrenn,1
ninakirtsutus,1
hevimate,1
mälupulk,1
zhanrikoht,1
hinnä,1
kõrvalehüpe,1
tarbesõidukiajakirjanik,1
romaanikirjanik,1
müüritis,1
naispeategelane,1
SARSi-sarn,1
parodeerija,1
pruss,1
müts,1
ekskantsler,1
tunnitasu,1
maiusefirma,1
käibeletulek,1
valulikkus,1
kesk-erakond,1
täissallimatus,1
lavategevus,1
tippkuuik,1
140detsibell,1
mull,1
moodulplaat,1
männilaud,1
loomakaitseakti-vist,1
kukkumine,1
võidujooks,1
puuvilllõng,1
riigirahakott,1
meediaettevõtja,1
võrkkangas,1
ostudirektor,1
tavaelu,1
mälukaotus,1
restitutsioon,1
lükraelastaan,1
printsessitiitel,1
võrkpallifänn,1
kostüümikangas,1
lähedane,1
juhutõlk,1
videoekspert,1
siidšifoon,1
vormelisõit,1
mäendus,1
paast,1
tõsielu-show,1
näputäis,1
remmelgas,1
söögiraha,1
igapäevaelu,1
staarikandidaat,1
seebiooper,1
hirmuvalitseja,1
alapinge,1
autotsirkus,1
kolmekilo,1
naistevõrgutaja,1
plaadileping,1
muinasjutumaailm,1
formaat,1
karamell,1
miinuskraad,1
dopingusüü,1
valimis-võitlus,1
aiamaja,1
teadmisjanu,1
naiselikkus,1
poisipõlv,1
nahklähker,1
segapere,1
viiul,1
juhtpositsioon,1
mammut,1
sõjakirves,1
eurofänn,1
uusaastapidu,1
draamajuht,1
teevalik,1
apteegihind,1
muusikalinäitleja,1
esmapäevaõhtu,1
jänesekarv,1
leivapäts,1
võistluskarussell,1
panamalas,1
tippnimekiri,1
meeskergejõustiklane,1
spordipeo,1
separatist,1
erakondlikkus,1
staarikoht,1
aabits,1
taevasina,1
kodukass,1
teatrisaal,1
tipphinne,1
porgandikaste,1
proovitus,1
rabamine,1
kuuekraad,1
mahetoit,1
teatrilust,1
videotorakoskoopili,1
üksikvõitleja,1
juuksla,1
plasttaara,1
lasteaialaps,1
maaubin,1
aastaleping,1
plekkmärk,1
kobarkino,1
pressivaenlane,1
hommikuprogramm,1
rotti,1
soolatainas,1
naturaalmerevaik,1
ekstraklass,1
patentnahk,1
riskimine,1
tabamine,1
kaksikõde,1
vaevus,1
ühepuutelöök,1
meigikunstnik,1
puupakk,1
külaline,1
sepik,1
ekspoliitik,1
rasvnubuknahk,1
onaneerija,1
12-kaliibris,1
taliolümpia,1
õppetoetussüsteem,1
hüvitistesüsteem,1
kautšuk,1
kooriliige,1
õok,1
linnukasvataja,1
vanglakaklus,1
pingutamine,1
jõululaps,1
showartist,1
judo,1
universaal,1
lapsgeenius,1
narkoärimees,1
positsioonimäng,1
soolakülvaja,1
veski,1
sipelgapesa,1
proge-rock,1
eravestlus,1
triibusõber,1
koolisüsteem,1
hinnalisa,1
garaažiküla,1
meeskonnavõistlus,1
ujumiskool,1
riigiviin,1
muusikaelamu,1
rasvapolster,1
puhastusfirma,1
romaanikirjutaja,1
sporditeadlane,1
peapõrutus,1
ülestunnistus,1
dualism,1
skandaalikunstnik,1
5x4meeter,1
alafinantseeritus,1
namiiblane,1
suitsulõhe,1
saladuslikkus,1
mehehakatis,1
koomiksikunstnik,1
riietus,1
lumesadu,1
kontsernikaaslane,1
kultus,1
alfalane,1
komposiitkivi,1
juudivihkaja,1
rikastamine,1
tuumasõda,1
uisutamine,1
täiuseihaleja,1
redis,1
moorapea,1
evakuatsiooniplaan,1
sordijahu,1
täis-terajahu,1
piirjoon,1
tsooniterapeut,1
seksisõltlane,1
kuldaeg,1
tsikkel,1
lobesuu,1
lavameister,1
laevandusfirma,1
tšaardaš,1
politseikordnik,1
naistudeng,1
travestia,1
madjar,1
soolo,1
hollandlasta,1
pala,1
ühiskonverents,1
ohtlikus,1
jõuproov,1
pakaserekord,1
muusikaakadeemia,1
kuuba-ameeriklane,1
jalgpalliasjatundja,1
tangorahvas,1
telepisik,1
elamumaa,1
politseikaamera,1
maetrjal,1
kindlustuskonsultatsioon,1
sõjakorrespondent,1
pleier,1
elektrilöök,1
armatuurlaud,1
antiigikaupmees,1
väikeplaneet,1
kärtskold,1
sõjaasjandus,1
äärmusrahvuslane,1
toonekurerikkus,1
sünnikoht,1
pimesooleoperatsioon,1
personalivalik,1
miilitsajaoskond,1
kleepplaaster,1
jahimeheluba,1
olupoliitika,1
reinkarnatsioon,1
üleelamisretk,1
diskofestival,1
teatrimelu,1
kummipaat,1
rokifänn,1
keskhommik,1
platsipuhastus,1
lööming,1
solidaarsusstreik,1
pangatöö,1
lobapress,1
teleproduktsioonifirma,1
katusarn,1
kaalunumber,1
leinakantaat,1
restitutsiooniideoloog,1
poseerimine,1
haavapuit,1
sisseelamine,1
toimepanek,1
kevadväsimus,1
eluläte,1
järeleandlikkus,1
klarnetist,1
esimae,1
K-täht,1
Sallo-sarn,1
sammumõõtja,1
rahvalaulukool,1
eriauhind,1
tugikeskus,1
informatsioonikogu,1
ingušš,1
majandusanalüütik,1
söömaaeg,1
psühhoterapeut,1
lahkumismatš,1
metall-leht,1
fänniklubi,1
vürts,1
kaubikuperekond,1
plastkangas,1
parodist,1
kalendripoiss,1
seltsimees,1
golfiala,1
poolsuitsuvorst,1
trahvija,1
paraadikorraldaja,1
sovetiike,1
tsirkuseakrobaat,1
mõrvakorter,1
tegevsportlane,1
korduvkihutaja,1
karjusepoiss,1
profivõrkpallur,1
lahingumöll,1
trükimasin,1
pallipuude,1
autokasutaja,1
kolmeteisttund,1
sanatoorium,1
tsunft,1
jadeiid,1
kefiir,1
kriminaalhooldusametnik,1
ühikakoht,1
kõhutantsija,1
sügavkülmik,1
filmirežissöör,1
savinõu,1
ilmaennustaja,1
kohustetäitja,1
tantsulemme,1
kantslerikoht,1
rappija,1
mosaiik,1
käärsoolevähk,1
marilane,1
avavoor,1
kohuke,1
sohitegemine,1
ühekroon,1
spelta-täisterajahu,1
hiliskevad,1
elurütm,1
õpilasakadeemia,1
kolmemees,1
võlakohustus,1
künnis,1
poliittöötaja,1
operaatorfirma,1
elektroonikaromu,1
keeleoskus,1
saabunu,1
leitsak,1
arvutiasjatundja,1
lätlases,1
kohvikulauljatar,1
põhifinants,1
vestluspartner,1
pissimine,1
kriminaalkirjanik,1
TV-klipp,1
ekstallinlanna,1
punapolkovnik,1
ülemvolinik,1
äiaküla,1
hartšo,1
rahandusministrikandidaat,1
ratsapolitseinik,1
toorainehind,1
naftahind,1
arabist,1
Kesk,1
kõõlusetrauma,1
aam,1
täiskogu,1
idaeelpost,1
remiks,1
üleskasvamine,1
asjatundmatus,1
sll,1
ööteemandilaul,1
ekspreester,1
lapsepõlveunistus,1
breakfa,1
sõjakolledž,1
eksriigikoguja,1
nööripundar,1
sõnajoru,1
tagakamber,1
õlgedest-kadakas,1
kover,1
korvpallivõhik,1
kuullaagrikaupmees,1
turistiklass,1
70. -ndate,1
töölispoiss,1
kangisaal,1
guaano,1
hüppekas,1
tähistaevas,1
sõrmeots,1
ajurünnak,1
üksikettevõtja,1
kuma,1
adratalupoeg,1
entusiast,1
kuuenädal,1
rüvetus,1
piirissaarlane,1
kaitstus,1
muusikaliteratuur,1
orientalistika-ala,1
omavalitsusliit,1
kaasvastutus,1
kriminaaljuurdlus,1
metallitükk,1
joomapaik,1
aeroobikatreening,1
hokitreener,1
ampiir,1
orkestrijuht,1
fakiir,1
poeke,1
hinnavedur,1
MK-võit,1
teenijanna,1
kutsu,1
palgautoopia,1
vanamoor,1
kiusupunn,1
ookeanitagune,1
ellujäänu,1
geneetikadoktor,1
lennukiteras,1
kinomaja,1
miinusring,1
skanner,1
rukkipüül,1
lauapall,1
suvist-sügis,1
H-grupp,1
narkotunnel,1
gestaapolane,1
pöördestiil,1
konstitutsioon,1
mõõkkala,1
ilmateadustaja,1
pistisepakkuja,1
hanitus,1
hingeuni,1
mittejuut,1
esildis,1
klassikaaslane,1
loomafilee,1
juhututvus,1
ärimaailm,1
HI-viirusekandja,1
laialiajamine,1
lähenemisviis,1
makste,1
tavaarvuti,1
graafikakaart,1
Hispaania-inkvisitsioon,1
huvilang,1
tantsijatar,1
ekskommunst,1
rahasaadetis,1
reieluu,1
sprindikiir,1
rõivastusala,1
solist,1
inimasustus,1
valevorst,1
segapära,1
peaaegu-soul,1
tulikommunist,1
eksvang,1
tippvõrkpall,1
lontu,1
finantssuutlikkus,1
tšikk,1
eurolugu,1
õpilasfirma,1
sinkavonkal,1
kroonprintsess,1
sarvkest,1
uuelaadne,1
10baar,1
ambivalentsus,1
rahvuspartei,1
trigeenili,1
konklaav,1
õhuruum,1
intensiivsus,1
lounge,1
tänavariietus,1
oravasõber,1
teatrifestival,1
ekssuurpankur,1
vabaühendus,1
haapsallane,1
viierist,1
erareaalkool,1
teenindus,1
kahemegavatt,1
põhisidemängija,1
väekohustus,1
karatšai,1
roosileht,1
mürsukest,1
nurgakivipanek,1
kolmepool,1
kingipakk,1
ringitöö,1
kirjatäht,1
algkoolipoiss,1
sõjapiirkond,1
uudistamine,1
kloostrilähedane,1
rokiajakirjanik,1
i-võistlus,1
reklaamisõda,1
teejuht,1
kinoelamus,1
supermacho,1
keeritsusstõbi,1
pootsmann,1
parteisekretär,1
agraarühiskond,1
hakva,1
konglomeraatrahvas,1
raadiotorn,1
suurushull,1
võmmifilm,1
65-GOST,1
kutsekeskkool,1
ahelik,1
killustatus,1
stuudiotöö,1
keelepruuk,1
kammerhärra,1
tubakaving,1
truudusetus,1
eksihukaitsja,1
töömees,1
eeden,1
sügelus,1
võõrplaneetlane,1
ähmienergia,1
võistlusaeg,1
eriside,1
populaarusk,1
kuldnokk,1
militaarekspert,1
esireket,1
plasma,1
vastupanuvõime,1
orienteeruja,1
külmatunne,1
kopsakas,1
kuulutaja,1
eluala,1
flamingo,1
homöopaat,1
omavalitsustöö,1
kivikalme,1
B-alagrupp,1
üleujutamine,1
kohakaaslus,1
kaltsutitt,1
geeniajastu,1
ajakirjanikuamet,1
konsool,1
eetritöö,1
olelusvõitlus,1
harvanähtava,1
klotsike,1
raudteelõik,1
balletiajalugu,1
leinalipp,1
ajatamine,1
pumbajaam,1
liitumisraha,1
paratamatus,1
tootmismaa,1
külalaulik,1
maakonnaleht,1
piiskopilind,1
kompleks,1
harf,1
last,1
volgasakslane,1
heroiinitarbija,1
üleajateenija,1
kvaliteetvein,1
viinamarjamahl,1
üldalkoholisisaldus,1
järgimine,1
loomaomanik,1
haljastu,1
muusikaprofessor,1
kanalihatoodang,1
telekafänn,1
vasemagnaat,1
lõkkeehitus,1
täpsetae,1
käskija,1
ent,1
ilmastikukoht,1
protestimeel,1
autoloks,1
roolikeeraja,1
valgakaartlane,1
noortekoondis,1
väikemajandus,1
fotokroomklaas,1
kolapäev,1
maapõuesine,1
savisaare-vastane,1
filmiajakiri,1
juuksuritöö,1
promootorist-helitehnik,1
amatööristaatus,1
vapiloom,1
pornotäht,1
neerusiirdamine,1
kivikehand,1
sportnet,1
draamastuudio,1
karakullmüts,1
põlevkiviala,1
vähemusaktsionär,1
kiiruisutaja,1
soobel,1
käevang,1
denimkangas,1
välistreener,1
memmepoeg,1
filmoteek,1
kamin,1
m105,1
õpilasnimekiri,1
tänavakaubandus,1
naisekeha,1
pahk-pähkel,1
kogukaitse,1
tootmispiirkond,1
sekretariaat,1
kiireloomulisus,1
rahvastepall,1
vanusepiirang,1
kaasakiitmine,1
hemoglobiin,1
väljaastumine,1
multiensümaatili,1
leelis,1
võsutipp,1
tähistus,1
ümberistutamine,1
tapmisotsus,1
eraldustart,1
kaater,1
iluvõimlemine,1
nuudlisarn,1
hokimäng,1
akordionist,1
telefoniraamat,1
suursild,1
debüütromaan,1
rekordiomanik,1
korvpallikoondis,1
20-naelsterling,1
kättesaamine,1
impordihind,1
esivedu,1
suitsukurat,1
kiirtoiduputka,1
terrorihirm,1
hobiluuletaja,1
PET-materjal,1
keeglimäng,1
kaljuronija,1
anr,1
võistuloo,1
rokklauljatar,1
ondatranahk,1
kindlustuskokkulepe,1
leidja,1
lastesõber,1
kurkum,1
leinaperiood,1
seksuaalkurjategija,1
pariisitar,1
kangakunstnik,1
mudeliaasta,1
telekordus,1
mäesuusatamine,1
ümberminek,1
jahikantsel,1
välisresident,1
altaripoiss,1
avakatse,1
78-latt,1
ilvese-vastane,1
uimastivahendus,1
beebipood,1
maniküür,1
tarbimistsükkel,1
kaanon,1
metalliotsija,1
teadusajakirjanik,1
põllumajandusnäitus,1
poemaja,1
õis,1
hüppemägi,1
mittevõitja,1
poeskäimine,1
EK-koha,1
võistlussari,1
vormelisõitja,1
tehnohooldus,1
faste,1
täiendusharidus,1
väikepank,1
nooremõpetaja,1
lossisarn,1
soft,1
Soft-materjal,1
hiireke,1
kaheksakroon,1
postitöötaja,1
punt,1
makaroniärimees,1
aidsinakkus,1
õlletarbija,1
arbuusipurustaja,1
jõuülekandekadu,1
stomatoloog,1
juurekand,1
tehnikavaldkond,1
nõudlusekoht,1
kingapaar,1
üür,1
ikaldus,1
ergutaja,1
päevituskord,1
kinnikatmine,1
klaastahukas,1
huul,1
filmielu,1
makk,1
lahuselu,1
juridiccion,1
kohtualluvus,1
aerogeel,1
ülestikk,1
suhkrulisand,1
ekspertiisiala,1
roopalm,1
klaasvitraazh,1
treeningupartner,1
DNA-ahel,1
rannavalveala,1
majandusaasta,1
sekkumiskokkuost,1
toortubaka-ala,1
tooteala,1
saago,1
näit,1
asbesttsement,1
kuva,1
kiirendamine,1
eiramine,1
tulistaja,1
sikk,1
abiõpetaja,1
kirelugu,1
telefoniputka,1
loomasool,1
duširuum,1
vaegur,1
graafikakogu,1
sünteesmaterjal,1
provintsi-boucherie,1
ümbermaailmaregatt,1
ülesöömine,1
abiellumine,1
õllesõber,1
äkkviha,1
kalakaste,1
kätelseis,1
animafilm,1
solgisurm,1
aerosoolpudel,1
männipalk,1
motoperekond,1
võõrmaalane,1
stsientoloogia,1
lepplaas,1
harjavars,1
lööktööline,1
kompotikirss,1
Grammy-mees,1
märulitäht,1
nutrianahk,1
verivorst,1
kõrvatipp,1
politseijuht,1
välisministriamet,1
ooperiprimadonna,1
volikogulas,1
sinisavi,1
alaosa,1
luksumisatakk,1
uhkus,1
sisustusärimees,1
kahekopikaline,1
külavolinik,1
tont,1
seitel,1
tavakauplus,1
tseremoon,1
seksuoloog,1
disaineritöö,1
lavaelu,1
kartulimass,1
üleväsimus,1
peotuli,1
müratekitaja,1
stardiprotokoll,1
reieluumurd,1
hommikumäng,1
sugulasmudel,1
moepealinn,1
pitsabaar,1
teleturg,1
portsjon,1
kastan,1
pime,1
lõhesteik,1
hõbeheik,1
laagri-päev,1
öökauplus,1
lotomäng,1
tantsuklubi,1
suguvend,1
äriedu,1
õhuloss,1
lauljahakatis,1
hansakeskus,1
beež,1
maalähedane,1
jäätisesõber,1
vallakassa,1
ahven,1
käevigastus,1
suvilaomanik,1
märklaud,1
laevaavarii,1
puhkemine,1
väljavahetamine,1
PVC-materjal,1
pankrotikuritegu,1
ühisvara,1
technol,1
keemiarünnak,1
muinaskultuur,1
punnkõht,1
lennuhirm,1
õhuluud,1
kadeduseuss,1
teistmisavaldus,1
tegevusvaru,1
julgeolekuvaruala,1
vooluallikas,1
matmispaik,1
põhiõpe,1
sotsiaalhoolekandeala,1
teavitamine,1
taastamine,1
promoja,1
väljakuulutamine,1
täiendamine,1
hankefirma,1
taimeliik,1
sõnnikuliik,1
taandamine,1
ülalpidamiskohustus,1
ärinimi,1
otsasõit,1
pakettreisileping,1
südalinnapood,1
nädalatagune,1
jalutuskäik,1
funktsionäär,1
hiirepüüdja,1
raadiohääl,1
mitmekultuursus,1
ehtekunstnik,1
postisaadetis,1
postivõrk,1
vabaladu,1
tõkestamine,1
saatepunkt,1
sammasi,1
mängplaan,1
kustutusvesi,1
nõudja,1
kaubandusorganisatsioon,1
laserpolüuretaan,1
paprika,1
päevakübaraekstrakt,1
mereretk,1
joogipood,1
kantrimuusik,1
reklaamimusa,1
kardiraja,1
lapseröövel,1
ehhimaa,1
biomehaanik,1
tagandamine,1
kummiriie,1
bojevikk,1
pommiterror,1
liustik,1
kaubakogu,1
reisikonsultant,1
kõnedefekt,1
meeleliigutus,1
seksikoon,1
klapplaud,1
süsinikplast,1
banaanikreem,1
pealevaatamine,1
postimees-ajaleht,1
ministritool,1
kahevõistlus,1
MM-tiitel,1
arvutamine,1
seltsikaaslane,1
elektriauto,1
ekstennisist,1
burleskiartist,1
kontohaldur,1
tagasivõtmine,1
fondijuht,1
pensionitagatisfond,1
ostu-müügileping,1
takistamine,1
eelvangistus,1
ümberpaigutamine,1
avavangla,1
andmekaitseala,1
jahilaskur,1
triatlon,1
nätsusõltuvus,1
temasarn,1
ettevõtluspäev,1
rahastamisvorm,1
kutsehaigus,1
kriteerium,1
šokolaaditoode,1
valuutakontrollitegevus,1
linastusaeg,1
eraldiolev,1
nimiväärtus,1
koondumine,1
sõjavaru,1
kohviaasta,1
kronoloogia,1
vanne,1
nonkonformist,1
kuldvasikas,1
belgialas,1
nudist,1
abtissimaja,1
3-magnituud,1
kaplan,1
mitteprantslane,1
IT-spetsialist,1
jooksumaraton,1
kupleeansambel,1
kirmask,1
teravik,1
vaeslapseroll,1
haiglavoodiste,1
timukas,1
rasestamine,1
tavaklaas,1
vinn,1
rasvaim,1
vanemveebel,1
majake,1
kreemipakend,1
kaitseväeteenistuskohustus,1
millenniumiprojekt,1
allikmaterjal,1
soojussõlm,1
kolme-nelja-aasta,1
riikilikse,1
monopoliala,1
ekssõbratar,1
soengumeister,1
postireklaam,1
ärapanija,1
ottomootor,1
ninalõikus,1
nibu,1
mugavusvarustus,1
brokaatpits,1
eestvedaja,1
Sinter-klaas,1
purasoni,1
linastus,1
Bondi-frantsiis,1
Bondi-film,1
kohvimark,1
laevandusprojekt,1
kaitsetsoon,1
üks-kõigi-kõik-ühe-esi,1
neorootikk,1
hapukurk,1
nepijaht,1
äriseadustik,1
mammon,1
penipealinn,1
süsinikteras,1
vutimängija,1
tuukrikell,1
ametiühinguaktivist,1
veregrupidieet,1
bituumenireostus,1
tavakool,1
meesteadlane,1
koi,1
plastprofiil,1
kindlustuskava,1
välislähetus,1
Gore-Tex-materjal,1
toiduõli,1
portugaallane,1
igapäevakeel,1
pisišokk,1
margariin,1
tarnesertifikaat,1
meslin,1
põllumajanduskõlvik,1
saadetis,1
ühepikoamper,1
andmefail,1
väljendus,1
tekstiilriie,1
koguveomaht,1
luksuspesu,1
jäätiselabor,1
autokast,1
taassünd,1
jõuluaeg,1
rõivadisainer,1
küünetehnik,1
päkapikukomm,1
boliivlanna,1
lauoperatsioon,1
erim,1
tehiskorund,1
maksimumkogu,1
juhtmeköitja,1
liitumistasu,1
lilleärimees,1
mosaiikkivi,1
arhiivindusala,1
muinsuskaitseametnik,1
põhikooliiga,1
koogiküpsetaja,1
sammumärk,1
95-oktaan,1
tootmisüksus,1
saateaeg,1
kaubasaadetis,1
kasvuaeg,1
pakkimiskeskus,1
vaimuhaige,1
arenguabikrediit,1
sooduskrediit,1
professorist-akadeemik,1
volikogukoht,1
meriinolõng,1
noorkotkas,1
krimifilm,1
lünk,1
tarbijakaitse,1
lotovõit,1
leht-teras,1
motospordifänn,1
pärlikarp,1
taft,1
valveapteek,1
sõjavangistus,1
mustmetall,1
tootekontseptsioon,1
hälve,1
taganemine,1
kuulihaab,1
kaubasaaja,1
ülekarjatamine,1
operatiivmälu,1
yokozuna,1
bosnia-lase,1
USB-pistik,1
narkoäri,1
piimast-koor,1
nõmmelane,1
teehoole,1
reformar,1
relvateras,1
ühelehmapidaja,1
degenerant,1
põra,1
jalgpallielu,1
suurklubi,1
zoofiil,1
alpimaja,1
kaljasõber,1
õllepudel,1
lossikelder,1
venestus,1
kalajahu,1
esmaabi,1
kalasõber,1
noarootslane,1
infoleht,1
rannamõis,1
ringrada,1
pakkumus,1
suitsukirg,1
kuningapaar,1
kalasaak,1
pühadestress,1
dispersioon,1
ülempiir,1
mitteliikmesriik,1
koostisosa,1
papagoi,1
liiniluba,1
traatside,1
arendusrahastu,1
sertifikaat,1
energiatulv,1
maksimumkogus,1
aururõhk,1
antigeen,1
haiguspuhang,1
otsemüük,1
kasvupind,1
paralleelkurss,1
oma,1
veeuputus,1
öigla,1
rüht,1
taka,1
koba,1
sinumeel,1
kõik,1
pantvangidraama,1
sójaväel,1
lgu,1
teiemeel,1
kaldeala,1
kirjanu,1
totaalateism,1
satanism,1
uurijaamet,1
riigiprokuratuur,1
situatsioonikirjeldus,1
vares,1
lihtinsener,1
suvetöötaja,1
piimahind,1
padujoodik,1
möistm,1
virtuaalkeel,1
kymne,1
oodatust-ennustatu,1
kahruperse,1
torulukksepp,1
majandusdoktor,1
subsideerimine,1
otsetoetus,1
sotsiaalpoliitik,1
uluk,1
absoluutalkohol,1
vallamuuseum,1
eetikakriis,1
rügemendikaaslane,1
suurtehas,1
entsefalopaatia,1
granaadirünnak,1
aretaja,1
põllumajandusettevõtja,1
peatuspaik,1
kandur,1
rahandusala,1
vastlapäev,1
patuelu,1
tallalakkuja,1
superparadiis,1
tööloom,1
elektrimaks,1
seiretegevus,1
cif-hind,1
aparatuur,1
endameel,1
usuelu,1
kordasaatmine,1
usuhull,1
föön,1
wap,1
kylie,1
maarjaohakas,1
piletipunkt,1
sügiskool,1
riispere,1
veetmine,1
mõõtmisruum,1
yllt,1
krja,1
syndimine,1
mitteföderaalriik,1
valgustilüliti,1
tagalapatt,1
liikluspatrull,1
auto-teema,1
install,1
magneesium,1
takisti,1
immo,1
makilint,1
ekskomissar,1
umme,1
poolhaige,1
liibalonlas,1
müürsepp,1
automaatikainsener,1
küpress,1
kingipakipael,1
betoonplaat,1
käigevahetus,1
neopreen,1
speedmax,1
kube,1
metsaline,1
eelinfo,1
geenitehnoloog,1
turbodiiselmootor,1
poolteisestsaja,1
katkestamine,1
vihik,1
alaliit,1
individuaal,1
kraanivesi,1
12-13-nda,1
nutmine,1
seadeldis,1
konfiguratsioon,1
algklass,1
miinimumsumm,1
vastuhakkaja,1
nomenklatuur,1
veekeskus,1
sambafestival,1
korraldamisõigus,1
puhasväärtus,1
üleviimine,1
politseiasutus,1
töötüli,1
käibemaksumäär,1
humal,1
sordikaitse,1
ettemakse,1
järelevalvekoht,1
närakas,1
kommisöömine,1
märkamine,1
vaseniklisulam,1
abimetsaülem,1
piletimüügilevi,1
pidupäev,1
kohvipulber,1
eluring,1
eBay,1
photopoint,1
tegur,1
fotokola,1
tumepuit,1
seiklushimu,1
narkokuller,1
sigala,1
jõhvriie,1
elektrirong,1
konsultatsioonibüroo,1
reviewde,1
dig,1
fotondus,1
mölg,1
ärakuivamine,1
keenius,1
tegekiku,1
avaarv,1
fotoala,1
filmikaader,1
maksi,1
kreen,1
kalasilm,1
liikumapanek,1
hindamine,1
metallimaag,1
käitleja,1
128MB,1
skanneriomanik,1
300D,1
haardejõud,1
megabait,1
laotus,1
fotoshoppamine,1
pildikogus,1
Photopoint,1
netikaubamaja,1
digilabor,1
cd-rom,1
arvutikast,1
valjund,1
audioprotsessing,1
8-kanal,1
generaator,1
efektiplokk,1
audiohuviline,1
pöördpind,1
maakasutusõigus,1
sagedus,1
tüürimine,1
codec,1
EvilBS,1
Ohm,1
resonants,1
600W,1
libraryte,1
head,1
mpeg2,1
dvix,1
audiostandard,1
maailmapraktika,1
digisisend,1
oks,1
analoogväljund,1
s-video,1
ena,1
A-kaabel,1
scart,1
4,1
audioala,1
käsikaamera,1
subbar,1
sissemäng,1
esipind,1
cd-player,1
marakratt,1
tagaseljaotsus,1
väljanõudmine,1
DSD,1
lõppvõim,1
helikaart,1
miskis,1
watt,1
sultja,1
satelliittuuner,1
antennikaabel,1
ohm,1
käitis,1
turvavärav,1
tootmishädavajadus,1
puurauk,1
teevesi,1
ammenne,1
leiutiskirjeldus,1
uusaastanaps,1
kinnistustoimik,1
kinnistu,1
kataster,1
virg,1
ajakirjandustava,1
parteiliige,1
vahepudel,1
opositsiooniliige,1
lutipudelikaaries,1
lõbu,1
lääne-eestlane,1
katmine,1
pingipoiss,1
mittejoomine,1
mürsk,1
jäämägi,1
sööm,1
nulldetsibell,1
ühendamine,1
tekitamine,1
tülitajast-ennustaja,1
pikajalgne,1
härjapõlvlane,1
elutööpreemia,1
ahhaialane,1
sadamalinn,1
nokaut,1
viinauim,1
munavalge,1
väärimetall,1
tariifipoliitika,1
saaga,1
teleroll,1
elektripliit,1
karjaaretaja,1
väliköök,1
tähemärk,1
toaõhk,1
kaalikas,1
jäähokimängija,1
saalivõrkpall,1
kasiinohull,1
hõbedakultus,1
mootorratturi-look,1
ematüüp,1
metallitöö,1
kiirtoidubaar,1
tagamees,1
olümpialane,1
võitaigen,1
keemia-professor,1
enesetunne,1
keeksipõhi,1
tõru,1
mängijakarjäär,1
jõupapi,1
lemmikpaik,1
jorin,1
peaarhitekt,1
viietärn,1
täissuitsuvorst,1
kummikommiriiul,1
marslane,1
küüs,1
koolivõimla,1
konfidentsiaalsus,1
maksutulu,1
subsideerimisprogramm,1
karastus,1
vandetõotus,1
võiülejääk,1
poisiklutt,1
liikumisvabadus,1
reeksport,1
esiribi,1
küljetükk,1
välistükk,1
atsetoon,1
lõpp-punk,1
videode,1
varjend,1
mudahütt,1
kohvitass,1
lapsepilastaja,1
tegutseja,1
GHz,1
freehänd,1
hüvitamiskord,1
vesivann,1
venekeel,1
x-rahvus,1
pingviin,1
saatanakummardaja,1
ülit,1
politseisaade,1
vanamammi,1
kapiots,1
nolifer,1
känd,1
minutli,1
sovetitaak,1
profinäitleja,1
töövehkimine,1
crys,1
arvutiviga,1
civcity,1
fifa06,1
FSBlane,1
küfootili,1
viljatera,1
kirvemees,1
rtu,1
härjasarv,1
igakuusk,1
galagrupp,1
tõmmis,1
ohtuleht,1
lasteaiaõpetaja,1
keskmees,1
soolapuhuja,1
siselõhe,1
salaagent,1
tõrvik,1
kalastustegevus,1
gaasisissevedu,1
koostööpoliitika,1
igapäevapoliitika,1
standardnimekiri,1
väljamakse,1
näputöö,1
sekspoodnik,1
viinamarjavirre,1
milligramm,1
stateegili,1
öisete,1
külmhoidla,1
valimispettus,1
mahakandmine,1
kaltsiumhüdroksiid,1
kummiaraabik,1
lepingukoht,1
valdkonnakoht,1
nation,1
novaluks,1
konserv,1
vakstumaterjal,1
ork,1
lauslaba,1
3500,1
highe,1
28,1
southea,1
l6pu,1
esindajatekoda,1
mateeria,1
i-sõrm,1
merefüüsik,1
astronoomiavõhik,1
lingikogu,1
bessel-x,1
suusareis,1
rauamaag,1
pool-haldjas,1
maag,1
4000linn,1
mõrvarelv,1
gratsiilste,1
skpetil,1
puritaanlane,1
netisõltlane,1
myrg,1
MM-linn,1
yhemõõtmel,1
riigijuht,1
tähtku,1
kurgist-kapsas,1
nelija,1
v2lja,1
haigepõetaja,1
Durum-jahu,1
nahktupp,1
neidis,1
autotee,1
stringiteooria,1
mulje,1
geneeltili,1
tüverakk,1
rähm,1
kellast-suveniir,1
ebaõiglus,1
börsigeenius,1
kuueprotsent,1
tuvila,1
konfidentsiaalsusleping,1
ekshansapankur,1
pidutseja,1
kolorimeetrili,1
linnaseleib,1
maailmanägemine,1
anastamine,1
kargamine,1
100k,1
südamepool,1
enesetapupommitaja,1
massimõrtsukas,1
enesearmastaja,1
demonstrant,1
seinakarp,1
ravimisõltlane,1
üldkogu,1
erihind,1
korravalvur,1
perepoeg,1
totatsioon,1
alternatiivenergeetika,1
poliitkorrektsus,1
esseist,1
neiuke,1
looteiga,1
vóla,1
omameel,1
ootusärevus,1
assotsieerumine,1
hobisukelduja,1
vaielu,1
puupulk,1
kintsukaapija,1
mõisnik,1
vaoshoitus,1
krüptojuut,1
astraalikogemus,1
okserida,1
liigsäämine,1
metanol,1
frankism,1
hädakord,1
eriuunal,1
linnaelanik,1
noorik,1
puudekooslus,1
prooton,1
megatonn,1
bei,1
vaev,1
videofestival,1
tepsli,1
nirvana,1
surmavärav,1
klubiraamat,1
mig,1
teite,1
ärkvelolek,1
nautilus,1
arvutikompleks,1
patustamine,1
moraaliõpik,1
maatriksa,1
fantasy,1
killutikk,1
poolnomaad,1
universumivalitseja,1
asepresidendiamet,1
bordell,1
koormaautojuht,1
unenaps,1
lõbutüdruk,1
teenindusfirma,1
näitlemine,1
armeesportlane,1
politoloog,1
talusulane,1
lühipartii,1
tsölibaat,1
alapealkiri,1
spaa,1
hümnilaulja,1
sardiinlane,1
erisoo,1
andestamine,1
netisõltuvus,1
mittesõltlane,1
teoloogia,1
valge-maag,1
pahn,1
olem,1
andestus,1
sensantsioonili,1
aiaarmastaja,1
medalikogu,1
vigursõit,1
marinaad,1
täiendpool,1
grupiseks,1
ühtus,1
budalane,1
harr,1
upitus,1
eimiski,1
soovitus,1
näpuganäitaja,1
lihtkodanik,1
vägikaigas,1
vormeli-sport,1
CSS,1
otsingusüsteem,1
kemil,1
konnasööja,1
bensukas,1
pehmus,1
majauks,1
juura-ala,1
sallimatus,1
string,1
java,1
toorpähkel,1
sille,1
restorani-pidaja,1
suurtükiväepolk,1
32,1
skelett,1
sorts,1
tippsõudja,1
kaubahärra,1
võõraviha,1
jäätme,1
jalgrattafänn,1
konflikti-teoreetilili,1
populatsioon,1
karaiim,1
mehenaine,1
metsasel,1
klarnetimäng,1
lollusep2ra,1
suurturniirivõitja,1
repressiivus,1
ekspeasekretär,1
kambodžalas,1
nõelravispetsialist,1
uurimisluba,1
kreemipurk,1
viibimine,1
ajujaht,1
mantel,1
nõgi,1
kellearu,1
kooliraadio,1
vendlus,1
mitte-asiaat,1
Kanal2,1
kum,1
türaimeja,1
mõnekümmne,1
depressiooniperiood,1
memmekas,1
ehituskoondis,1
kriminaalmiilistast-politseinik,1
vimmamees,1
kodu-uurija,1
liigespesa,1
fossiilkütus,1
eurokommuliit,1
prügiheitja,1
eesliide,1
lumekogus,1
neoonkold,1
esiratas,1
linnaluba,1
külapillimees,1
mittemängija,1
naftasaadus,1
hipiliikumine,1
vihmaveetoru,1
viljahoidla,1
kiirendus,1
taks,1
moningate,1
vänt,1
tagaratas,1
kaksikmoraal,1
silinder,1
vhae,1
küünlaauk,1
kõigesaavutaja,1
motofänn,1
kiir,1
koeramaterjal,1
sihtotstarbekoht,1
sidefirma,1
slik,1
sundmus,1
ennda,1
elektrisüsteem,1
madallendur,1
motodepoo,1
vibra,1
eramuhoov,1
vältimatus,1
tagatelg,1
mottetu,1
kolmeral,1
tsasakaal,1
aknalaud,1
SX,1
sõidustiil,1
kram,1
mikrofliis,1
s6iduk,1
mootorsõiduk,1
teavulcan,1
pildigalerii,1
kuiju,1
kaar,1
NFL,1
prügiauk,1
õlifilter,1
kirjutaja,1
trahviisolaator,1
tsiklist,1
võtatasku,1
esmamulje,1
igamees,1
valimispläma,1
sõidutrajektoor,1
aktsiisihüvitis,1
järeljooks,1
hokimatsh,1
mbr,1
pantvangivõtja,1
eteevaatu,1
alt-esi,1
jvi,1
liiklemine,1
dala,1
animageenius,1
salajasus,1
koduliiga,1
öövalvur,1
pseudoteadus,1
puhastunu,1
tühjus,1
varamüük,1
kolma,1
rikkuja,1
prahipood,1
viltkangas,1
pereelu,1
kõrvemaa,1
talguetendus,1
liulaud,1
zambialas,1
mängukodu,1
ravilõng,1
uuemõis,1
tõukefond,1
tennisetäht,1
ristikivi,1
paepäev,1
lihaveisekasvatus,1
väikeehitusfirma,1
kirjanduslugu,1
lapsehoolduspuhkus,1
sotsiaalamet,1
revisionist,1
seasõrg,1
separaator,1
mitte-põhjalane,1
stardikoht,1
kiiver,1
mitmenaisepidaja,1
piltpostkaart,1
sojauba,1
pöördumine,1
vabaturg,1
taimekasvatusnõustaja,1
euroköök,1
issöör,1
majaost,1
modellikonkurss,1
lõpurühm,1
liitumishetk,1
röövlipealik,1
elekterküte,1
meestelaulupäev,1
kollektiivsus,1
raamaturahvas,1
naisterokk,1
autouks,1
õpetajaamet,1
ekslinnapea,1
endokrinoloog,1
köögiviljaladu,1
sõjakolledzh,1
paraadkülg,1
arvutipark,1
hoolekandetiib,1
lavastajatöö,1
kolihunnik,1
mälumängur,1
purjetamisfänn,1
silokile,1
kunstinädal,1
arstinappus,1
põhjaeestlane,1
maapäev,1
alammõõt,1
vitspunutis,1
koolitrepp,1
kriips,1
erakogu,1
tang,1
helkuririie,1
pronksiimitatsioon,1
voog,1
otseülekanne,1
juurvili,1
lehmik,1
uuskalastus,1
lähteliikmesriik,1
jõusöödapunker,1
viiesajakilo,1
füüsika-matemaatikaõpetaja,1
transpordiala,1
taimekaitseala,1
jalgpallitreener,1
stagnatsioon,1
pärisvihm,1
päritolukoht,1
külaplika,1
lõuapoolik,1
töölevõtmiskoha,1
kooseksistents,1
mannitool,1
müügimaht,1
nime-kiri,1
haigusseisund,1
perforatsioon,1
koletsüstiid,1
ostsillomeetrili,1
olemas-olu,1
bronhoskoopili,1
haigusenädal,1
rups,1
turvaala,1
programmirahastu,1
laos,1
maksumäär,1
gravimeetrili,1
pakkumishind,1
linnakülaline,1
veterinaariaala,1
diagnostilili,1
valmistajariik,1
keharasv,1
dissipliin,1
kaardistamine,1
tõrjutus,1
rotangikoor,1
aspe,1
kiiruseületamine,1
haldusõigusrikkumine,1
topsisõber,1
kompensatsiooninimekiri,1
uuringurühm,1
operatsioonitrauma,1
arutus,1
aritmeetika,1
piiritüli,1
200,1
mitteeluruum,1
mõtlemisala,1
keeleoskaja,1
veerandlätlane,1
aiaauk,1
keskond,1
koordineerimisnõupidamine,1
enäol,1
duron,1
põlvepikkus,1
ti,1
terasvõrk,1
betoonitehas,1
terastraat,1
väliskodanik,1
flat,1
400W-ise,1
pikitasapind,1
igaa,1
trükisõna,1
nimo,1
heitlemine,1
900,1
rekordipeo,1
ravimtaim,1
tippajakirjanik,1
1gb,1
mammutjärjekord,1
kalevlane,1
kohvikrestoran,1
roopakk,1
diiva,1
533mhz,1
vehklejanna,1
kosmosematerjal,1
http,1
demo-kraad,1
matriits,1
seeriaport,1
rapidshare,1
estprog,1
presidendiralli,1
gmail,1
provel,1
treeningkogunemine,1
relvaomanik,1
padjaaraamat,1
dollarine,1
kevadkool,1
avariipaik,1
kriminaalala,1
šarlatan,1
hakkamine,1
pöörlemiskiir,1
kommertssoft,1
vanatädi,1
int,1
switch,1
peamenüü,1
sotsiaaltöötudeng,1
täisvask,1
reklaambänner,1
lop,1
pangaasjatundja,1
võimendi,1
tehnokratt,1
sõnaseadmine,1
tab,1
kreemitamisprotsess,1
sadaviistei,1
helistaja,1
apartheidivangla,1
ita,1
terehommik,1
kiirgus,1
v2heste,1
sott,1
arhiivketas,1
üliaktiivsus,1
huligaan-hunt,1
25,1
alammenüü,1
vaskau,1
e-gold,1
Google,1
imekoht,1
win,1
2ghz,1
videokaart,1
kastike,1
intel,1
bitit,1
boxs,1
startmenüü,1
97,1
täistõmme,1
pakinöör,1
võrgukaart,1
p2p,1
lüht,1
socketivahetuspunkt,1
serve,1
ülolul,1
toiteplokk,1
metsavaruja,1
optionite,1
kõll,1
raadioantenn,1
firewall,1
lammas,1
tundmatu-firma-hiina,1
700mb,1
eluee,1
GamesDomain,1
flash,1
muutuja,1
5mb,1
TV,1
tööstusdisainilahendus,1
siseauditiala,1
veoluba,1
veepind,1
turustusaasta,1
pakkimisladu,1
amper,1
baaskülvipind,1
tagasinõudmismenetlus,1
kindlustusskeem,1
liipritelaug,1
raketitehnika-ala,1
mootorveok,1
ebasümpaatia,1
rahajõmm,1
roidevigastus,1
66Mhz,1
allakäiguspiraal,1
ksülofon,1
antioksüdant,1
teraskast,1
polükarba-miidklaas,1
püssifänn,1
zoomusiko-loo-gia,1
laskemoonatünn,1
mikrobioloogiaprofessor,1
plastrotang,1
pügal,1
naisinimene,1
mõisaomanik,1
poejäätis,1
aiapidaja,1
konkurentsifundamentalism,1
lukshotell,1
avaldatu,1
50-lise,1
kuukiri,1
loomapüüdja,1
mõisateener,1
hallikas-puna,1
kernel,1
töökaaslane,1
kätepesu,1
ridikül,1
lähtetollipunkt,1
taatluskohustus,1
liidriroll,1
lõppraie,1
raviteenus,1
möödakäija,1
6000-lise,1
eelkõneleja,1
piiritusekogus,1
supitaldrik,1
politseiseadus,1
lemmikteos,1
puuraidur,1
krimiolukord,1
joonealune,1
tariifirida,1
kogukulu,1
mitte-kuubalane,1
raamatupidamiskohustuslane,1
rangluu,1
neljakroon,1
abivajadus,1
tolliterminal,1
tollipunkt,1
kaitsesüstimine,1
kaubanduskoda,1
spordikommentaator,1
muusikafestival,1
naabrivalve,1
purjutaja,1
omakandimees,1
takson,1
toidukord,1
piiralatöötaja,1
analoogia,1
koolitoit,1
hädavajalikkkus,1
tehisriist,1
üürileping,1
essee,1
inimvihkaja,1
distsiplinaarasi,1
tahtejõuetus,1
tippseltskond,1
välissaarlane,1
asendamine,1
tervishoiuteenus,1
rahvuslipp,1
kutse-eetika,1
ofsetpaber,1
laiendamine,1
veranda,1
mittepõlisrahvas,1
häältearv,1
arvesti,1
pulberkustuti,1
raadiosideala,1
stu,1
sleepamine,1
mobinet,1
skaut,1
pahalane,1
rehkendus,1
relvapartii,1
veemajandusala,1
tripperinakkus,1
lõppeesmärk,1
maksuvabastus,1
ühekilomeeter,1
maailmavaade,1
mereõigusala,1
rse,1
ordenimeister,1
exit,1
karmaloop,1
netosport,1
comp,1
poepidamine,1
ühispankur,1
ORDI,1
newbie,1
peldikupoti,1
prygikast,1
player,1
natt,1
k6r,1
vorstikujulul,1
hallistmass,1
transeksuaal,1
enamusaeg,1
silmaulatus,1
ide,1
kummut,1
telefoniarve,1
testimine,1
priimusegaas,1
santaazh,1
ootus,1
squashimäng,1
narkomaania-ala,1
minuee,1
miu,1
kiisuke,1
elvis,1
expokey,1
saudi-araablane,1
arusaamatus,1
klikel,1
klassitäis,1
aadlipalee,1
triatleet,1
päikesevalgus,1
kroonlinn,1
keskkonnaohtlikkus,1
meepütt,1
õiglustunne,1
kettaring,1
sõjaprintsess,1
tarkvaratootja,1
palgaraha,1
külluseajastu,1
ühispanga-reis,1
pangaklient,1
eksplutatsioon,1
situatsioonikomöödia,1
ühiskomisjon,1
HI-viir,1
jääst-lumi,1
keldripood,1
protestikett,1
mikrofonistatiiv,1
presentatsioon,1
hirmutunne,1
seksuaalkihk,1
spordipark,1
hallhabe,1
ahjukütuse-sarn,1
barokkmuusika,1
bassiregister,1
näpugaajamine,1
läänekallas,1
vabakaubanduslepe,1
mootorimaht,1
europooldaja,1
tegevjuhtkond,1
jänkineid,1
hinnatipp,1
ressursimaks,1
rongikokkupõrge,1
ajakirjanikuroll,1
eeluurimisvangla,1
interventsioon,1
põhl,1
massipsühhoos,1
jäädvustamine,1
kahupea,1
tarbijahinnaindeks,1
lühifilm,1
rahapommija,1
viitsimatus,1
morg,1
otsinguala,1
algprintsiip,1
apteeker,1
mätasjärv,1
draamaõpe,1
keevitaja,1
botaanikaaed,1
kõrgmäestikulaager,1
avamäng,1
tuumavarjend,1
uusaeg,1
näitlejalesk,1
ekspordiluba,1
eraomainku,1
keskkonnasõbralikkus,1
liitiumsulam,1
metseen,1
väljapanek,1
seksisüüdistus,1
niudevöö,1
meetripaks,1
metsa-aasta,1
tegevsekretär,1
esmajärjekord,1
apteegipidamine,1
ajaleheväljaandja,1
UV-kiirgus,1
tagasiajamine,1
tipp-sport,1
osavõtumaks,1
venelasest-venelanna,1
liiklusmuudatus,1
eksvälisminister,1
otsija,1
miinipilduja,1
otsustusvõimetus,1
kiirgusolukord,1
jänn,1
paroodia,1
poisikesepõli,1
jääkenergia,1
krõõt,1
kare,1
lendpraht,1
telemäng,1
alam,1
katja,1
pangaintress,1
osseetlane,1
hoorus,1
olemisõigus,1
peadirigent,1
tubakavabrikant,1
väikepüstol,1
kuuliasendaja,1
kähin,1
reformvoodi,1
maalapike,1
kaasamine,1
poksijast-näitleja,1
tehakse8-meeter,1
oinas,1
mittejuht,1
haigekassaraha,1
Rootsi-pool,1
kommivabrikant,1
lemmikala,1
palkamaja,1
üleseksualiseerumine,1
jõmpsikas,1
europlastmass,1
vene,1
sügisistung,1
rahaeraldus,1
hospidal,1
tüürimees,1
telefonikõnelus,1
noortetöö,1
faktuuriala,1
seitsmevõistleja,1
tähelepanematus,1
tavaliikleja,1
kastiühiskond,1
jutulevõtmine,1
rannakompleks,1
vallandamisteade,1
ase-välisminister,1
baaslaev,1
kongpalat,1
lobbytöö,1
graveerija,1
allilmaliider,1
eksproff,1
intiimvahekord,1
turistiuputus,1
keelitamine,1
enesetsensuur,1
auklant,1
geenitehnoloogia,1
dollaritehing,1
laulukõrv,1
passiomanik,1
tasakaaluseisund,1
muuseumihõng,1
arvutimess,1
peaspetsialist,1
magussöök,1
hirmkalli,1
maaliit,1
olümpiavõit,1
viinapood,1
fun,1
pingeseisund,1
käsust-keeld,1
laudpõrand,1
residentsiskandaal,1
tšarterreis,1
heroiinisõltuvus,1
erruminek,1
palling,1
pankrotisuu,1
ššok,1
sisekorraeeskiri,1
tähtmängija,1
merejala-väelane,1
tulevahetus,1
neegrinahk,1
tariif,1
natsismisüüdistus,1
kriitikavaegus,1
juhtsonett,1
pirukas,1
minevikuvariant,1
aiamaa,1
orgaanika,1
etnos,1
sõnavara,1
2400-mündis,1
tõrvikukandja,1
mineraalklaas,1
taksorool,1
ühislaul,1
kupee,1
tuulesahin,1
autouputus,1
tuumateadlane,1
ajakirjatoimetaja,1
tuumarelvastus,1
tasaarveldamine,1
maletaja,1
teoorjus,1
õhtuleht,1
avatiliimpuit,1
groteskisegu,1
stabiliseerimisfond,1
mikromaailm,1
kirgas,1
lõunalaud,1
rikošett,1
äärmusortodoks,1
välisvahendaja,1
armastaja,1
kassiahastus,1
riitus,1
lüüasaamine,1
meediatöö,1
betoonplokk,1
vaesustsükkel,1
ärikontsern,1
vihkamise-armastusesegu,1
ehitusmees,1
kaanehind,1
lõunarannik,1
raudteetransport,1
hammustaja,1
hämmastus,1
ettekirjutus,1
dändi,1
hinnavõistlus,1
lähisugulane,1
baskitar,1
rauasulam,1
instrumentalist,1
alt,1
kõrgemiga,1
riigikaitseakadeemia,1
ärivaldkond,1
sõjaväekohustus,1
maailmakirjandus,1
sahkerdaja,1
tantsusaal,1
riisumisüritus,1
äärejoon,1
kanavaras,1
veekartus,1
avakontsert,1
kloostrikasvandik,1
kaasvilistlane,1
külmetumine,1
kuvand,1
pidustus,1
relvaost,1
veerohi,1
suvetalu,1
uusnats,1
ilmaruum,1
laik,1
äriprotsess,1
nil,1
lihtsusprintsiip,1
nigeerlanna,1
kodusuits,1
motosõitja,1
eriüksuslane,1
sõnasõda,1
keelustamine,1
vestluskatke,1
barbar,1
transiit,1
parteidistsipliin,1
turuväärtus,1
võltsimine,1
korrashoid,1
spionaažiala,1
flötist,1
müügijuht,1
sündmusrida,1
kanadlane,1
Nagano-rong,1
lehetegemine,1
tööseisak,1
mängustiil,1
animatroonili,1
võrgustik,1
kõne-aeg,1
süstija,1
okupatsioonitsoon,1
kaastöö,1
orientalist,1
rahutus,1
surmavaenlane,1
hiigeltähelepanu,1
naissõdur,1
loomingel,1
metanoolimürgistus,1
esilinastus,1
kavandamine,1
sõbrapäev,1
rekordkogu,1
poolfinaalilahing,1
turvakontroll,1
sõjaaeg,1
laat,1
miljonitehing,1
maanteekraav,1
sundsuunamine,1
ööklubipidaja,1
pantvangivötmine,1
meregeoloog,1
relvarahukokkulepe,1
kvartett,1
paekallas,1
peokorraldaja,1
kolmepunktivise,1
komplitseeritus,1
võrdlusindeks,1
vormirõivastus,1
munapraadimine,1
turavli,1
laulava,1
lihtööline,1
prožektor,1
puude,1
õpilasdemokraatia,1
otseliin,1
jagabitaallane,1
häda-olukord,1
eel-müük,1
valimissõltuvus,1
mahtra,1
andekus,1
napsilemme,1
ulme,1
atraktiivsus,1
rasestumisvastane,1
toidunappus,1
kiiritamine,1
36-kaader,1
kontorirotijooks,1
metallist-plastmass,1
liitlassuhe,1
maailmaedu,1
ühisistung,1
tukk,1
teisendus,1
okupantlus,1
kaalukoda,1
hõim,1
põlisvenelanna,1
allilmaautoriteet,1
vagunipesu,1
kinnistusamet,1
söjal,1
ideeauto,1
päevik,1
vadjalane,1
peksasaamine,1
mõisahärra,1
rahvakoosolek,1
nimisõna,1
savitiik,1
massaažiala,1
nauding,1
ideoloog,1
esivanem,1
korralagedus,1
igijää,1
majakas,1
kriisikeeris,1
ammusaar,1
seisku,1
elluastumistoetus,1
kloostripäev,1
liiminuusutaja,1
diiler,1
rekordiüritus,1
südapäev,1
ahistamine,1
müügiraha,1
idaprovints,1
pudelikael,1
betoonkonstruktsioon,1
HIV-viirusekandja,1
ahvameeriklus,1
metsarahvas,1
korvpalliriik,1
komponent,1
sajagramm,1
tõlkija,1
keskkomitee,1
asumine,1
šagräännahk,1
kuivpiim,1
sundajateenistus,1
kaastarvitaja,1
omaosalus,1
agulirajoon,1
kõrgharidusruum,1
liiklusgraafik,1
hotelliala,1
palgalllll,1
pillimäng,1
kanuumatk,1
kubernerikoht,1
rotveiler,1
motiiv,1
poolkumm,1
musulman,1
väljasaatmine,1
ennetusala,1
modernsus,1
süntaksianalüsaator,1
morfoloogiaanalüsaator,1
nukuteater,1
kaasik,1
sünnitusabi,1
kiirusületaja,1
ekspoksija,1
karnevalilaadne,1
täitevkomitee,1
võidupäev,1
abiagentuur,1
Eesti-laadne,1
hiidkonkurss,1
käsukonveier,1
võltskäitumine,1
poliitikutee,1
tavainimene,1
võtmeauk,1
üleslaadimiskiir,1
käsujada,1
häälduspära,1
algaste,1
riigijuhtimine,1
suupill,1
betoneerija,1
ligipääs,1
igalaadne,1
neljajalgne,1
töölisesaatus,1
flaamlane,1
gröönlane,1
respublicaan,1
õiendamine,1
pööripäev,1
peajoon,1
Hebroni-invasioon,1
Norwalki-sarn,1
valimisseadus,1
NATO-ala,1
vabaabielumees,1
lollimärk,1
heakord,1
kalakasvatus,1
õigusjärglane,1
siinolek,1
juriiidel,1
kolmveerandaasta,1
transpordikriis,1
mähkmeiga,1
reservuaar,1
uudiskülaline,1
matemaatikakandidaat,1
paigaldamine,1
jäljemälu,1
seistme,1
hokihuviline,1
niisusk,1
tagasiosturaha,1
oonil,1
kindlusvangla,1
parteistumine,1
porilomp,1
sõnum,1
kõhukinnisus,1
eelarveala,1
väravavalvur,1
helirežissöör,1
J-keel,1
maajailm,1
elevandimaja,1
rakenduskõrgkool,1
kõnemees,1
bituumenisegu,1
põllutöö,1
IKT-ala,1
alfabeet,1
haldusettevõte,1
kunstilooming,1
alpirahvas,1
kohtutäitur,1
likviidsuskriis,1
üleolek,1
arhitektuuriala,1
üleminekuaeg,1
kuulutusteleht,1
geenimuusika,1
teraspaneel,1
asbest,1
WebCT,1
pesumasin,1
päästeõppus,1
toksikoloog,1
lümfivähk,1
suurpartei,1
krevetipüügivõimalus,1
pien,1
jämeD,1
je-lise,1
reziipult,1
nõelravikabinet,1
minapeategelane,1
mägilinnake,1
õppesõidukord,1
hagiavaldus,1
kirjandisundus,1
paepealne,1
telefonitaotlus,1
piraattarkvara,1
sugupool,1
hääldusnorm,1
induktsioon,1
augmentatiiv,1
kinomehaanik,1
vaegkuulja,1
puujuurikas,1
poksisportlane,1
transfer,1
merekapsas,1
naispangaametnik,1
virulane,1
karjalane,1
tarbijakaitsja,1
lennukipiloot,1
3G-võrk,1
olümpiakava,1
elektrimontöör,1
eetikakoodeks,1
Poola-šokk,1
hinnasurve,1
jäävang,1
meesmees,1
mobiilivõrk,1
öigeksmöistm,1
vereimeja,1
hobulaid,1
kurioosum,1
liiklusvool,1
prelüüd,1
mänguväljak,1
rahahulk,1
spermadoonor,1
linnaeealarve,1
juhuslikkus,1
mägikeel,1
ühiskonnaõigus,1
põhiteema,1
tööpataljon,1
matemaatikaprofessor,1
kantslerikandidaat,1
IT-asjatundja,1
kolklus,1
killukogu,1
arvutioperaator,1
kaitsepookimine,1
kodanikukaitseala,1
õigekeelsusala,1
kohtunikekomitee,1
kümne-kaheteistkümnetund,1
tõendmaterjal,1
teekraav,1
tahtejõud,1
kitsipung,1
pronksivalu,1
tähtsustamine,1
eelujumine,1
keeluvõrk,1
ilmateade,1
kustkant,1
osavõtmine,1
kohvikumuusika,1
pooljuhipala,1
tavakohus,1
soolakala,1
keskregister,1
üle-ujutus,1
koloniaalike,1
blüüž,1
mahajätmine,1
haprate,1
tehisintelligents,1
gladiaator,1
üleujutus,1
rahvapank,1
kontsertsari,1
soonik,1
võimutüli,1
seljakott,1
sisejulgeolekuala,1
transpordivoog,1
veeämber,1
elukvaliteet,1
riigipank,1
lüürilisus,1
europension,1
keemiadoktor,1
nailonriie,1
loomakuju,1
kesklinnamelu,1
päikesepoiss,1
ühisfond,1
kliirens,1
arvutigraafik,1
kliimalepe,1
narko-olukord,1
relatiivsusteooria,1
vahistamine,1
lennukitrepp,1
markeerimismasin,1
moraliseerimine,1
väljavõtmine,1
algklassilaps,1
põrutus,1
mälestuspaik,1
korrelatsiooniseos,1
bilansiauk,1
rattasadul,1
sõja-väebaas,1
jahipiirkond,1
lennundusjulgestusala,1
rohkus,1
kahebitt,1
vaheperiood,1
filoofili,1
puhtusefriik,1
homomeelsus,1
kergklaas,1
spelta-nisu,1
alimendivõlglane,1
malemäng,1
autoriteet,1
veterinaariadoktor,1
pitsrinnahoidja,1
tax-free,1
pankissi,1
mäluplokk,1
tühh,1
tööjaotus,1
inimmõte,1
jôudm,1
sinipass,1
teenustasu,1
spordihuviline,1
korjamine,1
tõlkekirjandus,1
sanitar,1
juunior,1
musiminister,1
unevald,1
libamuinasjutt,1
story,1
surmatants,1
barett,1
loomahammustus,1
riit,1
ülekandeliin,1
sisseviimine,1
räpinalas,1
haigeolek,1
intressitoetus,1
sõrmevigastus,1
allmaasein,1
interaktsioon,1
MM-kalender,1
lusikaväänaja,1
A-alagrupp,1
dil,1
uusversioon,1
rahajaotus,1
infoandmine,1
molekul,1
vahvärk,1
grammitili,1
tanker,1
sihitis,1
predikaat,1
purjeregatt,1
läbipaistmatus,1
hokivärav,1
retroaktiivsus,1
õiguskindlus,1
teenindusala,1
ühisturnee,1
signalisatsioon,1
ekstremist,1
aameriklane,1
termoplast,1
korruptsioonialanes,1
viiekorde,1
väikekodanlus,1
stiiliühtlus,1
maalingutäpsus,1
zooloogiaühing,1
aafrikaan,1
peaverb,1
psühhotrauma,1
riigivolikogu,1
alkoholimüügikeeld,1
kiltkivi,1
manilane,1
kättesaamatus,1
sõbralikkus,1
tunne,1
salarahvuslane,1
kohtuminister,1
kesksuvi,1
purunemine,1
nõutus,1
milion,1
moekunst,1
sügisõhtu,1
reformiparteilane,1
väljapakkumine,1
ajakirjanikutöö,1
vanglaülem,1
fraktsioonikaaslane,1
nari,1
plekiriba,1
maandumine,1
koodimurdja,1
poolthääletamine,1
rinoliin,1
lõust,1
püüdlikkus,1
õhin,1
teleklipp,1
transiidiraha,1
keskkonnakatastroof,1
tekstiiliala,1
spordiveteran,1
eurosaadik,1
rühmitus,1
otsa-sõit,1
valumarmor,1
Nobeli-võitja,1
remondiraha,1
moldovalas,1
toitumisala,1
lähedalseisev,1
juuliturniir,1
harrastusfotograaf,1
indie,1
uuringuluba,1
täiskaliiberpüstol,1
raudvara,1
ortograafia,1
mitmusetüvi,1
lemmatüvi,1
tüvevariant,1
linnakeskus,1
rahastaja,1
laudtee,1
staarnäitleja,1
hõive,1
sõnamaailm,1
hoonestus,1
arstiteadus,1
streigimurdja,1
kaksikutse,1
slaalominõlv,1
süüasi,1
väljajäämine,1
kuuldu,1
eostumishetk,1
spordipäev,1
kõrghariduspoliitika,1
ravistandard,1
ortograafiline,1
skepsis,1
noorepõli,1
ussimürk,1
muuseumifanaatik,1
õpilaskonkurss,1
tööpakkumine,1
mandrijää,1
lesbiluuletaja,1
konfidentsiaalsuskohustus,1
okupeerimine,1
välisvisiit,1
amigo,1
elustamine,1
kuustse,1
mele,1
õhkkond,1
Lindapaanikaosakond,1
veelinnurahvas,1
polükroomili,1
anesteesiaala,1
ümberpiiramine,1
kindlustuspoliis,1
pudu,1
geomeetria,1
surmaabi,1
nelikliit,1
selektsioon,1
telefonifirma,1
kaasa,1
makseterminal,1
reisikott,1
j2rie,1
õli-toidu-esi,1
kuivamisoht,1
suurpoliitika,1
dokk,1
luksusmaks,1
üürileandja,1
alguspäev,1
tsentrifuug,1
sllise,1
sümboolika,1
mittemeedik,1
mälestus,1
neiutartu,1
profülatsili,1
komle,1
EEPROM,1
elektritoitesüsteem,1
suikerežiim,1
suusakuulsus,1
välurebane,1
kullakaevaja,1
küs,1
regioonaalkonverents,1
mustkunstnik,1
kergejõustikutreener,1
plikatartugetto,1
erikülaline,1
põlva,1
kurguhäda,1
millesarn,1
röövimine,1
tabloidirokkar,1
Interneti-ühendus,1
bürootöötaja,1
presidendist-peaminister,1
kung-fu,1
kultuurikiht,1
poevitriin,1
ppoltei,1
kinnisvara-ala,1
lootsimisala,1
olnu,1
HIV-ennetusala,1
meistrisari,1
esmapäev,1
romantism,1
hirvesarv,1
trepijooks,1
kiisu,1
lõikumisnurk,1
vaskplaat,1
utiliseerimistasu,1
rannarood,1
kavaler,1
ihaldusväärsus,1
metallvõrk,1
džihaad,1
punasõdur,1
supilinn,1
eratransport,1
tavarelvastusleping,1
täiendus,1
üksipulg,1
ehtepood,1
karistaja,1
hiid,1
käsimüügilett,1
filmilint,1
näide,1
vihkaja,1
bandiidikuninganna,1
riigihange,1
agraarparteilane,1
külapoiss,1
mikrobioloog,1
rõivastus,1
isku,1
ebaõigusriik,1
kõrvalejäämine,1
söögilaud,1
edasimõtlemine,1
sõjapidamine,1
nonsenss,1
mäletab1930-ndate,1
skemaatisl,1
üldilme,1
matemaatikatund,1
leelo,1
lomp,1
bluusist-dzhäss,1
suvetuba,1
luuseri-hoiak,1
sääsehammustus,1
KGBlane,1
masinakirjatekst,1
eriekskursioon,1
kaasarääkimisõigus,1
tajumine,1
kaldaroostik,1
inimembrüo,1
southernmo,1
14-ruutkilomeeter,1
kaubaveok,1
inimtoit,1
ehitustähtaeg,1
valgusdiood,1
klaasist-betoonist-teras,1
33-leedulane,1
kinnikasvamine,1
järelsõna,1
reputatsioon,1
autosportlane,1
kettaheide,1
leidlikkus,1
kaardivägi,1
strippar,1
vennatapusõda,1
mitmekultuurilisus,1
matemaatikaala,1
ningdzhungl,1
eeskirjakoht,1
fiiberplastik,1
tavahoius,1
põhipäev,1
eurone,1
naistenõuandla,1
elusiht,1
korrakaitsenõunik,1
tald,1
komissar,1
monarh,1
sulnite,1
linnalaps,1
soojatarbija,1
arengusuund,1
seksuaalterviseala,1
piirkiir,1
kutsekvalifikatsioon,1
noorpõlvetuttav,1
õgard,1
lõppvõistlus,1
aakrikulaada,1
ajaloll,1
lavakuju,1
saleduskuur,1
raviraha,1
draiver,1
militariseerimine,1
soolenakkus,1
latern,1
taotlejariik,1
reservlaen,1
teenistuseala,1
partchamlane,1
tuuma-programm,1
mõrvasüüdistus,1
reisiülevaade,1
uroloog,1
tagasiandmine,1
mitte-hindu,1
xoktoober,1
pruunist-hall,1
saalitäis,1
kokandushuviline,1
kinematrografist,1
valgusfoor,1
liigisund,1
pereklann,1
viljasalv,1
seafarm,1
beduiin,1
igapaevask,1
pagulaslaager,1
lambalaut,1
loom,1
ükseise,1
magamispaik,1
relvaluba,1
talikoobas,1
telefonitoru,1
hagiõigus,1
ebaõigsus,1
viirusnakkushaigus,1
fiiberplast,1
möödunudneljapäev,1
teaduskond,1
tahvlikäsn,1
abistaja,1
peegelpilt,1
äravõtmine,1
boksiluuk,1
rühmavanem,1
kaasvaldus,1
taasühinemisjoovastus,1
viinaralli,1
hõivamisõigus,1
rokkmuusika,1
stressiseisund,1
šaht,1
teeõigus,1
vembuvana,1
ülekaalutunne,1
lumelaudur,1
terrorirünnak,1
elektritarbimine,1
röövsaak,1
parkimisautomaat,1
põhitoodang,1
leiutasu,1
kunstimaja,1
koduloomanahk,1
puhkuseraha,1
kõrgushüppaja,1
rahvalaulik,1
leen,1
biskviittaigen,1
spetsialiseerumine,1
moderaator,1
kvaliteedifond,1
raadioparandaja,1
oranzhikaspuna,1
pankrotimass,1
peapumpla,1
16-kantmeeter,1
slängisõna,1
õmblusmasin,1
hennamaaling,1
allakirjutanu,1
heakorrakuu,1
vastuvaie,1
reisisell,1
keemiaala,1
aktsessoorsus,1
toimetulekutoetus,1
hõljuvusseisund,1
neegrikuningas,1
korvpalliala,1
kummimass,1
ühiskonnateadus,1
hoonestusõigusleping,1
riigihankekohustuslane,1
pandivastutus,1
süsihappegaas,1
FIBO-plokk,1
kahemees,1
sõjaväepolitseinik,1
reklaamimaht,1
mitteõigustatus,1
tekkelugu,1
industriaalrokk,1
vanavara,1
sooloesitus,1
piletiost,1
rahutagamismissioon,1
reisiala,1
moesõud,1
pilbas,1
seljaoperatsioon,1
punavõim,1
sportlant,1
ühiseelarve,1
Eesti-visiit,1
lillearmastaja,1
meisterpagar,1
maaharimine,1
suhkrubuum,1
mõõtmisala,1
usufanaatik,1
talvekoolitus,1
kriuks,1
loometöö,1
vägivallaolukord,1
tegevusharu,1
koduvisiiditasu,1
tikuvõileib,1
triiksärk,1
trihüdraat,1
kohtuvaidlus,1
laululust,1
jääkelts,1
vasaktsentrist,1
allajäämine,1
raamatupidamine,1
küber-chat,1
tippratsutaja,1
reiganoomili,1
krahvinna,1
kultuurikodu,1
reklaamindus,1
lastepilastaja,1
kokkulubamine,1
originaalmuusika,1
tekitaja,1
anorektik,1
majavalvur,1
hääleõiguslikkus,1
põllumajandusühistu,1
soojus,1
anaalkanal,1
pusle,1
üüripiirmäär,1
politseiüksus,1
eesmaa,1
suhtlusala,1
sugulus,1
investeerimissumm,1
meinstriim,1
tegevtalunik,1
pudelikorjamine,1
elatis,1
külgehaakija,1
diilerlus,1
piilupart,1
informaatik,1
WorldWideWeb,1
maanteeinfo,1
restruktureerimisreserv,1
suurkuurort,1
kapitalipuudus,1
illusionist,1
föderaalkassa,1
välissaatkond,1
velle,1
turukaitse,1
monument,1
mitterahvuslane,1
kriisipiirkond,1
golfipiirkond,1
eksrallisõitja,1
veesaar,1
hasartmängufond,1
parlamendispiiker,1
perekonnabüroo,1
zhikate,1
Uusmaa,1
patroon,1
raketiprogramm,1
võistluskeeld,1
majandusblokaad,1
hetkehind,1
telerezhissöör,1
manipuleerimine,1
sõjatehnika,1
väljakugolf,1
linnaserv,1
barbi-nukk,1
vormel,1
turbiin,1
poekassa,1
väljapääs,1
interestprojekt,1
valuutavahetusfirma,1
laulunädal,1
poliitilis-ideoloog,1
noorteseltskond,1
treenitus,1
hukkamõistmine,1
röövkapitalism,1
joomasund,1
dodekafoonia,1
polo,1
maavägi,1
migreen,1
raadiosaatja,1
pooleteisepuud,1
väikekool,1
malepartii,1
taastetase,1
mootorratas,1
serveriomanik,1
allhange,1
kreembrülee,1
õpetamistöö,1
putukalaadne,1
eliitpere,1
alandamine,1
Eesti-voor,1
turbulents,1
vastasleer,1
plank,1
internetikasutaja,1
freelancer,1
käsustik,1
gaasitoru,1
laenukontor,1
kollaborant,1
nominaalõppeaeg,1
valvetorn,1
kanepisuitsetaja,1
osalemishuvi,1
suusaklubi,1
metsaraie,1
satiinkangas,1
karaoketelk,1
mängusõltuvus,1
infotehnoloog,1
naabritar,1
startija,1
kaitsmisõ,1
kroomnikkel,1
hajaasustus,1
ekskeskerakondlane,1
analüüsiosa,1
tapjavaal,1
brigaad,1
tippbarrister,1
jätis,1
võitluskaaslane,1
eramuomanik,1
ehitusprotsess,1
vk-mürsik,1
suusahüppekuld,1
varastamine,1
jeti,1
medõde,1
ristpalk,1
kulminatsioon,1
olümpiaklubi,1
kaltsakas,1
perimeeter,1
kondoomiala,1
infotehnoloogia-ala,1
paralleelvärat,1
kirjanikuhakatis,1
käibemaksustamine,1
dialoogiaken,1
tööstuspiirkond,1
ninatark,1
eestpalveteenistus,1
aastasada,1
söögiaeg,1
harjutus,1
vaimulikupalk,1
naaberlaud,1
juhtimisviis,1
skisofreenia,1
kaassotsialist,1
kahesajalooline,1
kreetalane,1
ateenlane,1
innovatsioon,1
pärmivabrik,1
koomuskimees,1
lillekast,1
tollimaksustamine,1
praad,1
tulipunkt,1
saemees,1
viljandlanna,1
eriala,1
hüppenöör,1
ümbersünniahel,1
välisfirma,1
muusikategemine,1
filmirežisöör,1
kihnlane,1
hiilgus,1
kalipsoriie,1
kaitsestaap,1
nišifestival,1
naaberküla,1
ehteestlane,1
kunstikeelest-esteetika,1
kookospalm,1
sisseränd,1
miljonäripalk,1
koolitöö,1
savimuld,1
kristallgloobus,1
sprindivõistlus,1
neitsilikkus,1
kannukohv,1
lasteaiakoht,1
jaapanipärasus,1
lambakoer,1
poksifänn,1
auraatili,1
ühemehefirma,1
kvantoperatsioon,1
malmvalu,1
vahistatu,1
rännak,1
kõrgepinge,1
makromaailm,1
õllebaar,1
näitetrupp,1
missindus,1
management,1
stressisööja,1
loor,1
hiidlanna,1
ostuhetk,1
tara,1
takunöör,1
tuumaenergeetik,1
sajandialgus,1
radist,1
kaasprotsessor,1
detailisadu,1
poolfabrikaat,1
priimapakk,1
raketitõrjeleping,1
ostukoht,1
sotsiaalkindlustusraha,1
koguaeg,1
algkooliosa,1
velotaksoklient,1
ajalooprobleem,1
produkt,1
loomingukonkurss,1
veemaks,1
tee-ehitus,1
40-detsibell,1
klaastaara,1
uudistelugeja,1
emakeelevalvur,1
valdmann,1
ventilatsiooniinsener,1
absurdsus,1
rahvastikuprognoos,1
lahter,1
välisklubi,1
ampritasu,1
sisearhitektuuribüroo,1
väljamaalane,1
residentuur,1
töötegija,1
kuivendamine,1
fidzhilane,1
õigusinstituut,1
leksikon,1
kasvatusteadlane,1
koolimööbel,1
sirel,1
lehtalumiinium,1
mängurlus,1
järjestikkus,1
paneelelamu,1
firenzelas,1
seksiskandaal,1
värvigurmaan,1
rahanõudmine,1
hobbo,1
fotograafia,1
englishmen,1
lastekodulaps,1
Tallinna-lähedane,1
redaktsioon,1
lõppvõit,1
konsultatsioonitasu,1
koordinaator,1
parvlaevandus,1
albaanlanna,1
kodutehnika,1
ajuinsult,1
ümbermaailmatuur,1
maadeklareerija,1
kinokogemus,1
paröömili,1
asutusesine,1
globaliseerumine,1
tavavanasõna,1
urbanism,1
minizoo,1
energeetikateaduskond,1
tööplaan,1
väikelaevnik,1
suunitlus,1
näkiteadlane,1
elektronidemäng,1
vanadevangla,1
viiekümne-millimeeter,1
plankton,1
piljardilaud,1
pärgamiin,1
ringkonnamandaat,1
vanake,1
sotsioloogiaprofessor,1
keskmaajooksja,1
ühisdeklaratsioon,1
aktsiabörs,1
terrorismi-oht,1
uusliberaal,1
võimatus,1
postipakk,1
ebatsuuga-puu,1
võrumaalane,1
tallefilee,1
automark,1
harrastaja,1
rusuhunnik,1
mööblikujundus,1
kultuurikolledž,1
visiteerimine,1
tšiillanna,1
profisukelduja,1
vabamässaja,1
teadusajalugu,1
piiritähis,1
vabadusiha,1
filoloogiadoktor,1
jada,1
veevaras,1
skisofreeniasarn,1
arendusnõunik,1
kookosk,1
mõnesilm,1
teokstegemine,1
sovjetiaeg,1
comwood,1
eesliikleja,1
eramajaomanik,1
planimeetrili,1
terviseala,1
steiner-pedagoogika,1
suvemaja,1
piiriala,1
teraviljaseadus,1
külastustasu,1
ehitusekspert,1
ketser,1
eksamiruum,1
juriididili,1
valgustusajastu,1
kütusefirma,1
polüstüreen,1
tegevusetus,1
koolibänd,1
meretagune,1
haitilane,1
kiindumisobjekt,1
machonaine,1
MM-kuld,1
tantsulaps,1
kesklabor,1
pophitt,1
dopinguala,1
küberilm,1
koolikantsel,1
uudistesaade,1
innovaatilisus,1
vandlipuu,1
sitikmust,1
sotsiokutuurili,1
enesepiitsutamine,1
sarnatse,1
eksliige,1
klaasist-plastist-metall,1
harrastuskalamees,1
mereväeakadeemia,1
põhikooli-osa,1
põhikooliosa,1
eksüliõpilane,1
lõunalekutsuja,1
rattapunkt,1
kalakasvandus,1
granaadikild,1
hoolekogu,1
vinkelraud,1
talveralli,1
stilistika,1
tiigrihüppaja,1
proks,1
ametikorter,1
türkiis,1
tipparst,1
vasturünnak,1
üürivõlgnik,1
tootmisvõimsus,1
profi-jalgpallur,1
raudteeäri,1
edasimüüja,1
sõelapõhi,1
lihtlugeja,1
tulutase,1
dokumentaalsus,1
toasoe,1
sissekanne,1
kultuuritöötaja,1
aastanäitus,1
aineõpetaja,1
kurtisaan,1
poolfinaalturniir,1
tshernogoorlane,1
epideemialaadne,1
arusaam,1
kütuseekspert,1
varimajandus,1
tulevärk,1
kaassõltuvus,1
ilukirjandusl,1
katoliiklanna,1
seismevõistleja,1
võrdõiguslane,1
flirtimine,1
klahv,1
sundus,1
allergiaala,1
ametiühingukoondis,1
õppe-spordiala,1
supervolinik,1
õppetund,1
otsaorgitipp,1
jõevesi,1
misjonikeskus,1
eelisõigus,1
seksiiha,1
seksohoolik,1
stiihia,1
setu,1
katastroofipiirkond,1
elukohajärge,1
perevägivald,1
rahvusesine,1
kabala,1
dekoratsioon,1
nais-soo,1
põhjakiht,1
viiekümnemillimeeter,1
väljendamine,1
binokkel,1
tavadiisel,1
pada,1
sääreluu,1
inimühiskond,1
keedusool,1
valitsuspartei,1
emaväljaanne,1
antropoloogia,1
satäänkangas,1
auaste,1
viskooslõng,1
kuivseadus,1
liivaseljak,1
pühvel,1
tagaajamisdistants,1
filmiklassik,1
vallavolikogu,1
rauatööline,1
neandertallane,1
hermeliin,1
epitsenter,1
eksponeerimine,1
variisik,1
sööginarkomaan,1
maasügavus,1
ränikristall,1
lääne-tsoon,1
kaotajaroll,1
bussikatastroof,1
kaoselähedane,1
muusikaprodutsent,1
kantaat,1
ühisjooks,1
megasündmus,1
allikavesi,1
kartulivabariik,1
punakas-lillakas,1
reisibuss,1
000-ruutkilomeeter,1
üksindustunne,1
spordijuht,1
lanne,1
sestsinnatse,1
spordiosakond,1
issand,1
riigivõlg,1
nominatiiv,1
vahkviha,1
kääne,1
turvaametnik,1
kaitseallianss,1
andur,1
kiusamine,1
solvaja,1
talvitaja,1
topeltkontroll,1
vastasuunal,1
prügitooja,1
lai,1
polüetaan,1
tross,1
isikunimi,1
arstkonnasisesus,1
paunveri,1
lastekoduelu,1
turvalisus,1
eksistentsialist,1
formatsioon,1
lätlus,1
tammetõru,1
apellatiiv,1
naftaparun,1
konsulaat,1
viirusnakkus,1
folklooriseminar,1
puhastusjaam,1
miniparadigma,1
ojamaa,1
tümps,1
jaotamine,1
kunstiliik,1
sisehoovistik,1
korall,1
antiloobivill,1
sigarikarp,1
dioksiinimürgistus,1
õlitehas,1
laenupakett,1
kümnepunkt,1
kellafanatt,1
alllüli,1
lavakarjäär,1
vahiülem,1
loomahirm,1
pööramine,1
kodumeeskond,1
asekantsler,1
sunniidi-moslem,1
piiripolitseinik,1
võrgukunst,1
ühetähenduslikkus,1
pankrotiavaldus,1
ratsutamine,1
siirdehindadeala,1
meedium,1
lastemõrtsukas,1
iseenesetarkus,1
beat,1
veerandaeg,1
yuppie,1
piimaraha,1
kirjandusüldsus,1
töölesõit,1
peedikasvatus,1
erastamisfond,1
kivimiladestus,1
riigitöötaja,1
reservohvitserikandidaat,1
terasprofiil,1
konsensuspõhimõte,1
teks,1
moodustamine,1
väimees,1
enesetõestus,1
lastesõim,1
vihavaenlane,1
humanitaarinstituut,1
taskufilosoof,1
remontimine,1
tehnikakultuur,1
seanss,1
teism,1
dokumentatsioon,1
väärikus,1
kirjapost,1
islamivõitlus,1
katuseserv,1
margane,1
varasemane,1
oskustööline,1
ülikond,1
parteiliider,1
tantsujuht,1
olemasolnu,1
silmaoperatsioon,1
trükistehulk,1
koolituskursus,1
venitus,1
kõlatervik,1
tippdzhäss,1
pildike,1
ravimimüük,1
presidendipaar,1
raadioreklaam,1
eksamikord,1
metsaelanik,1
võõrarmee,1
külmumine,1
jääpurikas,1
inimajalugu,1
turistilõks,1
maaost,1
evulutsioon,1
surmajärv,1
nohust-köha,1
humanitaaria,1
sotsiaalkindlustus,1
puuplank,1
rentslilaps,1
toiduainetööstus,1
naturalism,1
aujärjepärija,1
seisuveekogu,1
õelus,1
provotseerimine,1
dublandiseisus,1
kindlustusraha,1
imemine,1
märgukiri,1
põllumajandusspetsialist,1
ligipääsemine,1
kliimakatastroof,1
produktsioon,1
pirukategija,1
autovõit,1
batuut,1
üksikvanem,1
kloun,1
kiirgusseade,1
luksuskangas,1
saksofon,1
ekspordibürokraatia,1
sularaud,1
psühhoterrorist,1
tööjõupuudus,1
juhtivkoosseis,1
uudisteraadio,1
kolmekümnekaart,1
ropendamiskeeld,1
korruptsioonisüüdistus,1
vastuvõtuaeg,1
plastizool,1
arendusraha,1
laevatee,1
talvitumismaja,1
eelkambrium,1
taksosaba,1
pakendiaktsiis,1
defitsiidimäär,1
plaan,1
ladustamine,1
sokist-sall,1
ülaosa,1
kinnisvaraarendustegevus,1
kotermann,1
kvartsporfüür,1
rahvaarv,1
aerosool,1
põrgusaal,1
kesklõõr,1
inimgrupp,1
kontrollkeskus,1
magnetinduktsioon,1
vastutustunne,1
lemmikspordiala,1
põhihoovus,1
lõbusõidulaev,1
kivihaigus,1
harmoonia,1
päevakodu,1
ekssõdur,1
laiuskraad,1
vaidlus,1
karmus,1
vanaaegkond,1
klassikariiul,1
geneetika,1
kretinism,1
kasumiprognoos,1
väärtpaberiala,1
kommertspank,1
biennaal,1
madratsiriie,1
eksmeister,1
salmiosa,1
playboy,1
füüsika,1
teatraalsus,1
numeroloog,1
harrastus,1
akadeemilisus,1
opositsioonipoliitik,1
sensatsioonilisus,1
kultuuritraditsioon,1
tippliiga,1
peatäis,1
seim,1
suurseikleja,1
käsumajandussüsteem,1
60-tsistern,1
tülitaja,1
nõudlikkus,1
pangandustava,1
karusloomakasvatus,1
mudavann,1
folklooriala,1
hukatuslikkus,1
klaasplatt,1
plastikaat,1
annetuskast,1
väliskosmos,1
tiigerpüüton,1
logard,1
süüdimõistmine,1
kelnerikonkurss,1
tulevikuhirm,1
margariinikarp,1
põllurektor,1
monograafia,1
põhipartei,1
kaiside,1
viiking,1
haridusfoorum,1
peapostkontor,1
klahvpill,1
täius,1
initsiaator,1
mõisarentnik,1
schokeeritu,1
ajaviitekirjandus,1
teenistusautomaat,1
snaipripüss,1
keskastmejuht,1
taluneid,1
menuett,1
koolitamine,1
tülitsemine,1
eksamikirjand,1
liivatamine,1
eetilisus,1
korterprügila,1
internatsionalist,1
uudissündmus,1
merevägi,1
suurtööstur,1
otsingusuund,1
elektriliin,1
fotosarn,1
kommunistli,1
maaühiskond,1
arreteerimine,1
lillepood,1
kolmekümneruutmeeter,1
ekstsellents,1
DVD-mängija,1
tuhandekilomeeter,1
elurõõm,1
tipputõusmine,1
mittesaam,1
hasartmänguraha,1
eksnarkar,1
oganui,1
sõjariist,1
metodist,1
unistustekorter,1
postimüügikaubamaja,1
kronobioloogiaalas,1
alumiiniumisulam,1
maavärin,1
teletoimetaja,1
tahvelmaal,1
tippadvokaat,1
koostamine,1
mõtisklus,1
11000-luumen,1
6000-luumen,1
sigaretisüütaja,1
oskus,1
ühistart,1
põrsanahk,1
küüslaugukartulivorm,1
jõulusümboolika,1
väljaõppekeskus,1
saluut,1
piirikaubandus,1
isamaalisus,1
põlengusuits,1
avakurv,1
joogaõpetaja,1
iseseisvussoov,1
kokakasvataja,1
kaubarutiin,1
haagis,1
trobikond,1
islamisiss,1
kommikott,1
tootmishind,1
talueksootika,1
vaat,1
koraan,1
matt,1
heroiinimüüja,1
kirikulõhe,1
reformija,1
kesklainelevi,1
aktsiaoptsioon,1
poliitpropaganda,1
eksmaailmarekordimees,1
transpordi-ärimees,1
ajapikendus,1
transpordiärimees,1
talvetalje,1
avariiväljapääs,1
südametervis,1
kahemiil,1
vaimuhiiglane,1
Torino-võit,1
isotoop,1
säravhõbe,1
usuala,1
rahvuskeha,1
kasiinoärimees,1
hilishipi,1
sumo,1
viiekroon,1
faksiaparaat,1
kutse-ala,1
islamimaailm,1
põlistallinlane,1
rõõmupesa,1
käsitsivõitleja,1
komsomolitegelane,1
asjde,1
etiooplanna,1
kommerss,1
põnevuseandja,1
haavatüvi,1
teleteenus,1
liiklusskeem,1
maisiarendaja,1
föderaaleelarve,1
žargoon,1
Rannila-plekk,1
valgekrae,1
diiselkütus,1
sugukond,1
jahiluba,1
viisik,1
oll,1
rebane,1
leivataigen,1
varivalitsus,1
automaatjaam,1
kõigesööja,1
murdmaasuusatamine,1
tervisenädal,1
kodutee,1
lillekasvatus,1
naljaviskaja,1
lehtteras,1
üle-linna-mees,1
söömine,1
jõu-struktuur,1
vereproov,1
keskkoolilõpetaja,1
valtsplekk,1
kavatus,1
kuuseoks,1
videovalve,1
eramaaomanik,1
sileplekk,1
elukogemus,1
foggie,1
viiekümneruutmeeter,1
lapstäht,1
mõttehiiglane,1
õigusteadel,1
kirjandusõpetaja,1
wraprullike,1
meestekoor,1
soomülgas,1
inimtuhk,1
tippkohtunik,1
munandikude,1
stividor,1
parklakoht,1
ehitusõigus,1
ekraanikaitse,1
vektorgaafili,1
mittepank,1
viljapea,1
monumentalist,1
aastakonverents,1
väärisvineer,1
siidtrikotaazh,1
küünelakk,1
argiuni,1
väitleja,1
bakterigeneetik,1
kaardileht,1
energiasäästuala,1
lumevang,1
geneetik,1
Soome-eestlane,1
rootsiungarlane,1
parkimismaja,1
sametkangas,1
pikanäpumees,1
välistamine,1
kiigenöör,1
festivalilavastus,1
koduerakond,1
süsinikmaterjal,1
topoloogia,1
teoloogia-ala,1
elutöö-raamat,1
korteriost,1
staazh,1
koolikoht,1
väikeplokk,1
profiilmaterjal,1
määrusekoht,1
diip,1
maandur,1
täpsusrünnak,1
asu,1
kontaktläätsekauplus,1
elujõuallikas,1
kaaserakondlane,1
samaaria,1
juudas,1
leppetasu,1
veebruariõhtu,1
dementsus,1
aedlinn,1
lasteaiaiga,1
paarimillimeeter,1
sehvtikott,1
vastutuseala,1
punktisüsteem,1
filmiäri,1
pearoll,1
tervishoiureform,1
lambarasv,1
suguküpse,1
nihverdaja,1
rahhiitik,1
jõuetus,1
prügivedaja,1
nelk,1
õigusruum,1
profijalgpall,1
kujutlus,1
kalvinist,1
vatsake,1
osamaks,1
ajaloolasest-isamaaliitlane,1
eesots,1
esmatrükk,1
reisikirjeldus,1
naabervill,1
kirjandusteadlasest-kriitik,1
provintsiilm,1
filmiamatöör,1
finantsallikas,1
barbinukk,1
teadlaskond,1
kahekuu,1
libero,1
klaverigeenius,1
poolaferist,1
rockstaar,1
kübeke,1
trekisõit,1
kirikuala,1
700w,1
kitiin,1
loovtöö,1
veläänpaber,1
vihmasabin,1
metsasalv,1
1950-60-ndate,1
suurosalus,1
töölähetus,1
võimlemistund,1
sametpael,1
hauarahu,1
parmupill,1
kolme-aasta,1
lõunakorealanna,1
pärivool,1
suru,1
ehitusmäärus,1
ettemääratus,1
pseudoarmastus,1
humanitaarabi-ala,1
öökülm,1
intensiivravi,1
pühapäevaluuletaja,1
pangaamet,1
stuudiomäng,1
tomatikoor,1
vaatajaküsimus,1
palgateenija,1
paarikümneprotsent,1
näitusesaal,1
seikluseotsija,1
filmikangelane,1
muruniitmine,1
ühenderakond,1
õppekava,1
põhiõigus,1
maksuraha,1
küüditatu,1
kõnemeister,1
sõumäng,1
ähvardamine,1
intratsütoplasmaatili,1
vaibapood,1
mineraalkiud,1
lihaskoormus,1
florist,1
energianappus,1
täisteras,1
roolimaja,1
meeskooriklassika,1
tolliruum,1
vaikimine,1
ämm,1
titaanoksiid,1
au-amet,1
sšokk,1
võidumees,1
Tampere-võistlus,1
seelikuvari,1
ühisveondus,1
osoon,1
saamislugu,1
nääripeo,1
inimlaps,1
börsifirma,1
treeningulaager,1
aukompanii,1
pahupool,1
kontserdisaal,1
täisbetoon,1
lavasõud,1
kuningaloss,1
bambusonn,1
kiku,1
rattasangar,1
soolamarss,1
emafirma,1
kütusetsistern,1
purjusolek,1
märge,1
kurnaja,1
lahkuminek,1
asuala,1
reaktoritootmine,1
eelpost,1
elukuu,1
veemajandusettevõte,1
kõrgusehirm,1
iludussalong,1
tshinshiljakasvatus,1
pussnuga,1
emissiooniprospekt,1
psühholoogia,1
linnake,1
tõrksus,1
tantsurühm,1
üksik-isik,1
kunstiajalugu,1
rokokoo,1
mittegeograaf,1
arendustöö,1
triiv,1
piiraja,1
sünnitunnistus,1
vasakpartei,1
kümnefilm,1
kibedus,1
kunstipood,1
tiisikus,1
stipendium,1
2000-roon,1
armastatu,1
seebisööja,1
ehitusspetsialist,1
keskpärasus,1
energiamure,1
kütuseettevõte,1
ateljeeaken,1
jaanituli,1
ladinaameeriklane,1
nägemisvõime,1
tähetark,1
nanotoru,1
söögikauss,1
foon,1
parfüüm,1
koolihoone,1
arhiivitoimik,1
korteriskandaal,1
pearahakütt,1
täiendusõpe,1
korraarmastaja,1
unenäotaba,1
jaoskonnajuhataja,1
bussisõit,1
agressivsus,1
põhiala,1
uudistoode,1
väikerahvas,1
eeslane,1
maksumärk,1
omavalitsusüksus,1
täit,1
misjon,1
ülereguleeritus,1
plaadiesitlus,1
tikandinäitus,1
justiitshoone,1
skandalist,1
naissaatejuht,1
süütamine,1
mehaanikainsener,1
koduabiline,1
kobranahk,1
sprindiäss,1
mängupilt,1
veinipealinn,1
berliinlane,1
neegripoiss,1
femoraalveen,1
komposiitplaat,1
tõdemus,1
sulatus,1
naiskoor,1
energiakriis,1
hoiustamine,1
nimekuju,1
WAP-portaal,1
viirusekandja,1
ainu,1
raadioasjandus,1
naiskiiruisutaja,1
kerjakott,1
paekillustik,1
kome,1
jõuluhani,1
ülikoolilinn,1
pääslaruum,1
intressitase,1
taimeköök,1
etnomusikoloog,1
aiakujundusala,1
ihunuhtlus,1
rahatäht,1
infovool,1
kirikusarn,1
ravus,1
jahve,1
põhi-mõte,1
integreerumine,1
suhkruvahtrasüsi,1
suur-ärimees,1
raudteeametnik,1
perekonnalugu,1
euroala,1
vormsilane,1
lisand,1
kihutusvõistlus,1
paugutegemine,1
kashmiir,1
usumees,1
saavutatu,1
talo,1
menuromaan,1
tarõ,1
lustimäng,1
enesetaputerror,1
idatimorlas,1
toetusvaldkond,1
ettevõtlustulu,1
võimumees,1
düsleksikk,1
riigivangla,1
vigur,1
väljaheide,1
edumüüt,1
viadukt,1
agoonia,1
laeaken,1
neljakümnemeeter,1
vandenõuteoreetik,1
plastsuusk,1
sotsiaalmaa,1
sajakilomeetirili,1
kännuvõsu,1
uus-vana,1
liköörilaadne,1
vaksal,1
Švejki-raamat,1
juha,1
entroopili,1
haridusminister,1
kikerhernes,1
pikksilm,1
stepikeskkond,1
teraskiud,1
noodipood,1
kipper,1
üldküte,1
naftakriis,1
väravaneedus,1
külaelanik,1
kinoetendus,1
sotsiaalharta,1
vibrafonist,1
hoiatusraamat,1
najaad,1
hälvik,1
tõlkeraamat,1
otsekontakt,1
taimetoit,1
elund,1
hinnaralli,1
looduskaitseinspektor,1
digitaalteekond,1
kubermang,1
zoo,1
põhivõrk,1
altruist,1
küsitavus,1
mohäär,1
toksikoloogiaala,1
iludusvõitlus,1
joobemäär,1
despootia,1
lauskriitika,1
talvekülm,1
reklaamibüroo,1
laguunsinine,1
kaubasadam,1
päikeseaeg,1
paerähk,1
vabastaja,1
tõlgendamine,1
polükarbonaatplastik,1
naabermaa,1
reostusala,1
meele-avaldus,1
puhkeregioon,1
toolitehas,1
pensionilisa,1
jumalikkkus,1
ordu,1
huviline,1
rassism,1
MM-mäng,1
mustapäis,1
magistritöö,1
libapulm,1
tegevusaasta,1
meeldetuletus,1
kireobjekt,1
gravitatsioon,1
riigitulu,1
kassaluuk,1
suve-aeg,1
A-turniir,1
kadriorgia,1
pärispatt,1
maandumisluba,1
kompromiss-ettepanek,1
liitumishind,1
raamatukoguhoidja,1
pruunikaskold,1
tese,1
järveots,1
joonistaja,1
palang,1
1970-80-ndate,1
sotsiaaldemo-kraad,1
aidalõhkuja,1
raiepotentsiaal,1
antiikkunst,1
ühemargaline,1
tagasinõudmine,1
valimispinge,1
katkestaja,1
arvamusavaldus,1
maailmaruum,1
geimikaotus,1
trinidadlas,1
eraldistrard,1
tshekist,1
montöör,1
teatrimaja,1
riigi-rentei,1
müüginaine,1
õnnetusepaik,1
atendaadikatse,1
geenitubakas,1
geenipärm,1
geeninisu,1
isolaator,1
nudipea,1
manitsemine,1
koodeks,1
kirjandustuba,1
puitpaneel,1
teenindusbüroo,1
sapiens,1
kindlustussumma,1
läbikäik,1
ülekuulaja,1
agulikitsikus,1
lennusalk,1
juhis,1
külmaseanss,1
maitseelamu,1
kummibassein,1
valimiskarussell,1
mängupool,1
tippkonkurents,1
bensiinihind,1
000-dekaliitrine,1
savikivi,1
tuumakatastroof,1
mere-põhi,1
alkoholimüügiluba,1
paganlus,1
masseerimine,1
erakorter,1
mõisaküla,1
ärklituba,1
jaeostja,1
seadusloome,1
vanglatöötaja,1
komsomoliiga,1
kodulähedane,1
viieeuro,1
kilovolt,1
riigitaastaja,1
pargivaade,1
matuste-striptiis,1
tropp,1
korduvnäitamine,1
soopinnas,1
üksimängija,1
pangasaal,1
kärbes,1
poisssõber,1
koosolekuruum,1
neljakvalendili,1
hakk,1
kultuurikiibitseja,1
kunstifanaatik,1
karistusekartus,1
autasu,1
jalgrattaproff,1
külakatoliiklus,1
pastapliiats,1
tulehäving,1
korviäss,1
pliiatsimängur,1
konservitehas,1
toiduvaru,1
toidukraam,1
kalavõrgupunuja,1
talunõustaja,1
lõunaeestlane,1
seitme,1
männisindel,1
helimees,1
sotsioloogia,1
USB-liides,1
mõjuagent,1
kahekümneühendik,1
komponeerimine,1
külamees,1
tuhandene,1
rehabilitatsiooniprotsess,1
poltergeist,1
punktitegija,1
läbipääs,1
kursant,1
palganumber,1
rahvapidu,1
psühhiaatriaosakond,1
nabarõngas,1
autovrakk,1
bluffija,1
armuvalu,1
õmblustöökoda,1
täisspoon,1
mitteajaloolane,1
väliskaubanduskäive,1
tundlikkus,1
rahvakild,1
riigikool,1
hull,1
jääpallitreener,1
ekspansioon,1
demokraatilku,1
boo,1
hokifänn,1
kirsiaed,1
sõidutamine,1
halduskaristus,1
lineaarsus,1
vitrazhist,1
karjalasoomlane,1
sumoala,1
EBM,1
elektro-pop,1
müratase,1
mõttepaus,1
maailmalõpp,1
lenkstang,1
ringhäälingunõukogu,1
leibkond,1
baaritäis,1
hesaar,1
ajavöönd,1
Austria-saavutus,1
suvekokkutulek,1
topeltmaksmine,1
metallseade,1
liikluspolitsei,1
kohtuskäik,1
komandohoov,1
mitteromantik,1
automootor,1
lakekrants,1
shovinist,1
kraade,1
mogul,1
projekti-teater,1
suurvesi,1
ülemustamäel,1
meistrisõrmus,1
majasõber,1
hinnakujundus,1
staari-klubi,1
sõdurpoiss,1
sisalikunahk,1
jääsupp,1
doonormunarakk,1
Smirnovi-sarn,1
tinapaber,1
kütuseliik,1
värske,1
läikivmust,1
maavälisus,1
corten-teras,1
63-protsentili,1
LIVE-ülekanne,1
joomatõbi,1
eur,1
kuuldust-nähtu,1
prostitueerimine,1
suusahull,1
sprindivõitja,1
juhtgrupp,1
sõjaväearst,1
täispuuvill,1
töökirjeldus,1
sürr,1
raamaturiiul,1
sangviinik,1
digitaalvõrk,1
analoogvõrk,1
raadiojaam,1
kirjandusmaja,1
humalajoogi,1
aadlimees,1
võrkpalliliiga,1
virelus,1
tühi-tähi,1
näitering,1
lumepuder,1
loogikapuudus,1
eriabifond,1
sotsiologiseerimine,1
normann,1
afaasikk,1
maitseainesegu,1
duett,1
tunnetus,1
tehnikakandidaat,1
vasakparteilane,1
mikrokiip,1
südamik,1
omavolitseja,1
puuoks,1
aktsiisitõus,1
laualobudik,1
spordirahvas,1
reguleerija,1
laava,1
tegevjuht,1
küllakutsuja,1
nafaajastu,1
jahiõnnetus,1
žüriiliige,1
hutsuul,1
õhustik,1
PVC-plastik,1
workshop,1
läheduseotsimine,1
finantsdistsipliin,1
kida,1
kuldehe,1
võidušokk,1
idavirumaalane,1
ettur,1
kümneeuro,1
lepingusumm,1
legaliseerimine,1
fokstrott,1
avalduskuju,1
koondisekarjäär,1
suurem-elu,1
maiparaad,1
uduvihm,1
puur-auk,1
rahustamispoliitika,1
ohupiirkond,1
müüjaroll,1
memoriaal,1
sektorijuhataja,1
kümnemiljoniline,1
hiigelportsjon,1
harrataja,1
punanina,1
postsoveed,1
vandersell,1
aabitsatõde,1
mitteilmumine,1
ööpäevarütm,1
protestiavaldus,1
roosiaed,1
võileivagrill,1
kroom-molübdeen,1
kontoritarkvara,1
veevoogus,1
kriisikolle,1
lõuatäis,1
voolikuots,1
parteileht,1
soojatrass,1
raketiveokijuht,1
tööstusprotsess,1
karikaturist,1
peresünnitus,1
lastetool,1
valmistumine,1
tšekk,1
kaubalaev,1
tööriistatsehh,1
uusliige,1
nahkhiir,1
farmaatsiatehas,1
palveränd,1
säästuala,1
keskharidus,1
jandikoht,1
süvamuusikal,1
arusaamatushetk,1
pangakunst,1
pilgupüüdja,1
tuulejope,1
tööperiood,1
diagnostik,1
olümpiakuulsus,1
juhendamine,1
telefoniküsitlus,1
palgaala,1
rangluuvigastus,1
tertuseloo,1
sotsiaalabiosakond,1
kemplemine,1
soolikas,1
vagu,1
piiriületamine,1
fotokunst,1
amneesia,1
abipakett,1
lätiteelane,1
piraat,1
alkoholimüüja,1
käimla,1
asendiplaan,1
näooperatsioon,1
viiuldajanna,1
päriskirjanik,1
spordistress,1
sularaha,1
peresaar,1
hävitaja,1
spektromeetrili,1
hiidtuur,1
hävimisoht,1
murjan,1
puhketsoon,1
tariifi-struktuur,1
sõrataud,1
karujõmm,1
karutark,1
korvpallipresident,1
turvaspetsialist,1
sürrealism,1
taksopilt,1
alanu,1
künnitöö,1
eraldamine,1
graafikanäitus,1
metallturvauks,1
nuusutaja,1
organisatsioonitäis,1
vaatamisväärsus,1
räni,1
admiral,1
ruumijaotus,1
tuumaala,1
sisenemissoov,1
kokutaja,1
köögisisustus,1
arvutiklass,1
kalandusosakond,1
satelliitturniir,1
võistupüük,1
ärimaja,1
kuningavõim,1
teenetemärk,1
vase-alumiiniumisegu,1
juudikeeld,1
autotööstus,1
korrarikkumine,1
laululava,1
moosipoiss,1
sünnitustuba,1
kontsertiino,1
väärkohtlemine,1
ökogeograaf,1
kirjandusuurija,1
kasvukoht,1
harrastuslaulja,1
juhuvahekord,1
alpinist,1
hauakaevaja,1
kütuseterminaal,1
stipp,1
antiikaeg,1
soojusvõlglane,1
naisterahvasoo,1
kokkerspanjel,1
automüügifirma,1
kontrollpakk,1
koerarasv,1
ID-kaart,1
dress,1
suitsukoni,1
rõivakollektsioon,1
põhiründaja,1
vindumine,1
kolonelleitnant,1
kaugsõidukapten,1
kalingur,1
e-kaubandus,1
lemme,1
kuukuma,1
eraldis,1
somaallanna,1
arhitektuuribüroo,1
lumevall,1
lekitamine,1
vastu-olu,1
uimasus,1
haavaleht,1
kokkuhoiupunkt,1
türklanna,1
koonderakondas,1
võrulane,1
hoidja,1
utiilraud,1
vormelikarusell,1
mootoririke,1
starteegili,1
eelisseisund,1
numbrituba,1
tarbimisühiskond,1
mõistmine,1
vääring,1
tasumäär,1
püksisäär,1
kõrgtehnoloogia,1
võltsreaalsus,1
muusikaõppur,1
vaikija,1
elektrinappus,1
märtrisurm,1
sundmobilisatsioon,1
kõrgtehnoloog,1
spetsialiseeritus,1
paralleelnimekuju,1
300-lennutund,1
veevõrk,1
pesulauaplekk,1
õigusrikkuja,1
sideoperaator,1
kodanikuportaal,1
tantsukoht,1
poliitbüroo,1
kogumispension,1
spagetikaste,1
maailmajagu,1
Ameerika-turnee,1
abordilugu,1
võõrus,1
laaneots,1
mereväelipnik,1
alkoholisituatsioon,1
kanjon,1
mittemuslim,1
kopt,1
Tele2,1
tamiil,1
maailmaliider,1
33GB,1
rahvasõber,1
kommikarp,1
ooperist-sümfoonia,1
karakter,1
raketitõrjelepe,1
eestvõitleja,1
lähiümbrus,1
alguskontsert,1
parteipoliitika,1
pajukoor,1
vallutusretk,1
kergemetall,1
tsisternauto,1
mammutprojekt,1
rasvkude,1
türmiuks,1
karistusasutus,1
par,1
tootesari,1
aatomipomm,1
20-tunni-piirang,1
üheteisttund,1
intriig,1
välisvabastaja,1
kirg,1
45-lise,1
hääletoru,1
aare,1
veinikelder,1
kinnistusregister,1
sionist,1
pressinõunik,1
sillamäelane,1
teekaart,1
telefonirike,1
kaardikeskus,1
parkimistrahv,1
kütuseala,1
brasillanna,1
võimutäius,1
pükskostüüm,1
kaifieksperiment,1
veislane,1
dolomiit-klompkivi,1
sotsialismisoo,1
väikeklient,1
heliarhiiv,1
varakapitalism,1
surmamõistmine,1
suurlinlane,1
näitusevõitja,1
ihutervis,1
politseiuurija,1
seksitäht,1
Venemaa-eestlane,1
merekivi,1
pooleteistaasta,1
lõuu,1
raketibaas,1
kommunismitont,1
gabardiin,1
rahvusromantik,1
finaalitriumf,1
mööblifanaatik,1
militarist,1
kodakondsussoov,1
pesunaine,1
põgenikeala,1
klaveripedagoog,1
töönõuandesari,1
krediit-aktsiate-esi,1
täiendõppur,1
murrangukümnend,1
modernkunst,1
ilmajaam,1
presidendikandidatuur,1
sigaretisuits,1
abielunaine,1
tööhullus,1
pendel,1
kruusaralli,1
sõnavalik,1
kaubalaadung,1
haldjaroll,1
loodusmets,1
rahamass,1
salaalkohol,1
meetripuu,1
armeeliider,1
rockmuusik,1
netiala,1
poeesia,1
horoskoop,1
metsaveer,1
kogumüük,1
lülitumine,1
gallon,1
konkursiruum,1
kommertslevik,1
kabinetiteadlane,1
teatrikost,1
vererõhumõõtja,1
paekivipaljand,1
tuluprognoos,1
entsüklopedist,1
avastart,1
hevi-bluusisegu,1
killuke,1
linnuhakkliha,1
lototerminaal,1
HIV-kandja,1
pikeesiid,1
haarem,1
paljusus,1
hakklihamass,1
salumets,1
hukkumispaik,1
maamaksuraha,1
aatomituum,1
küünlarasv,1
massaazh,1
nägemine,1
kauboi,1
langusturg,1
püügikoht,1
tšarterlennuk,1
probleemirägastik,1
kodupaik,1
suurkuju,1
käsitööring,1
üldvõit,1
euroskpetik,1
lennukartus,1
suusarahvas,1
moeuimasti,1
kaseniin,1
ühiskonnaheidik,1
kartulipõld,1
jäärak,1
umbusaldusavaldus,1
välisilme,1
dendroaed,1
biografism,1
energiatarbimine,1
tipp-produtsent,1
raamatupoliitika,1
vihasegu,1
politoloogiatudeng,1
albinootili,1
eksiarvamus,1
metallpolüester,1
käekiri,1
vastandus,1
afganistanitar,1
ese,1
astroloog,1
ahel,1
tagaajamisvõistlus,1
pesapallifänn,1
pang,1
sõjaväepõlgur,1
rahvaviis,1
päevpäev,1
oravanahk,1
otsesaade,1
telkmantel,1
politsei-ametnik,1
autopomm,1
palestiinalse,1
noahoop,1
nimesilt,1
metsavedu,1
armuandmispalve,1
sekspood,1
10-20-lise,1
nuhtlus,1
kassisoo,1
reisirong,1
lahingutehnika,1
stiiliala,1
spekulant,1
sinine,1
tollivormistus,1
siirderiik,1
poisslaps,1
riigilõivumäär,1
sosin,1
minimalist,1
telgitagune,1
liftöör,1
minevikuolevik,1
tubakaseadus,1
dedovshtshina,1
suurfavoriit,1
lõbujanu,1
steariin,1
liigtegevus,1
dispetsher,1
detektor,1
kasiinotõbi,1
kvisling,1
piinamine,1
tulareemia,1
bussitasku,1
35kantmeeter,1
saksalane,1
egotsentrist,1
elusaatus,1
mereohutusala,1
ämbiendiüritu,1
tuluteade,1
rekordimees,1
erakkondlane,1
tuhvlialune,1
südamemurdja,1
ajaraiskamine,1
võimlus,1
völasumm,1
tuumarelvastusala,1
integratsiooniprojekt,1
rumm,1
peoväsimus,1
protsenili,1
käsikorv,1
müügikäru,1
ühe,1
maanteemuhk,1
kuningriiklane,1
välgumihkel,1
andaluuslane,1
laskespordiala,1
puukuur,1
neuroos,1
väejuhatus,1
paviljon,1
auvalve,1
alkoholiuim,1
vastutustundetus,1
piiriületaja,1
kalapeo,1
kinnistamine,1
piidr,1
kohtuuks,1
väliskurv,1
teedeomanik,1
alkoholijutt,1
avalöök,1
rallisõitmine,1
viluveri,1
üllustunne,1
puudutus,1
sundroll,1
kompliment,1
kammermuusika,1
turutegija,1
haiguslugu,1
ekspastor,1
kujundamine,1
konfliktitsoon,1
pulmakülaline,1
kevadkonverents,1
mööbliehitaja,1
õnnemängur,1
purjei,1
mootorsõidukmaks,1
keedis,1
mittevadjalane,1
kodukaitsja,1
kaitsekolledž,1
neljamagnituud,1
tantsijakutse,1
enesekontroll,1
inflatioonili,1
valetamine,1
linnapeamet,1
kommertsilm,1
habemeajamine,1
dokumendivoor,1
tõusmine,1
kummipadi,1
kanalihamass,1
libedaoht,1
non-stop-aeroobika,1
lahend,1
ninasõõre,1
püstitamine,1
poptäht,1
rahusõdur,1
õllekultuur,1
intensiivravipalat,1
konstruktor,1
naistepäev,1
sarimõrtsukas,1
ehituskeeluvöönd,1
esindusnaine,1
presidendivalimine,1
roostik,1
humanitaartragöödia,1
vägivallaohver,1
optimismikriis,1
valimaskäik,1
huviring,1
lageraie,1
haldusjuht,1
ommunist,1
raskekahur,1
kõneliiklus,1
soroptimist,1
muuseumihoone,1
rahukokkulepe,1
toidutehnoloog,1
päikesekiir,1
kontrollpunkt,1
kivimaja,1
emast-isa,1
kinnisvaraobjekt,1
kaheksaprotsent,1
kaabeltelevisioon,1
telestuudio,1
tortilla,1
mürgitus,1
lennukiinsener,1
kaitseministeerium,1
tänavaauto,1
maooritar,1
valuuta-ahnus,1
saatuselaul,1
spionaazhikava,1
seelikutriibustik,1
töökohtumine,1
lehmakari,1
laskeväli,1
liinireisija,1
vigastuspaus,1
kõrvaltuba,1
rahastamisskeem,1
vastasmeeskond,1
jääkirmetis,1
pingelangus,1
rüütelprints,1
surmajuht,1
pulss,1
kreemikaskold,1
öördaja,1
turismindus,1
maapiirkond,1
meditsiiniteadlane,1
tegevusala,1
nailonkile,1
hektoliiter,1
veitslane,1
EM-kuld,1
igapäevarutiin,1
pioneer,1
partel,1
püüdja,1
miinipildur,1
liivakott,1
jäänuite,1
dekaan,1
klaasist-metall,1
taksopark,1
okupatsioonihäbi,1
maalikunst,1
vaene,1
leemekuubik,1
armulauasakrament,1
abipaluja,1
riigireserv,1
arengutee,1
platnoi,1
söögituba,1
sagin,1
garnison,1
hool,1
tantsupedagoog,1
teatrimaa,1
kinoinstituut,1
vastasoo,1
konkurentsiõigus,1
konkurentsiala,1
tekstiilitööline,1
maksuvabadus,1
rahakotihoidja,1
valgusprojekt,1
seitsmetonn,1
paadiretk,1
maosõber,1
jaanilinn,1
veepõhi,1
spordihaige,1
maoist,1
dogmatism,1
vallandamismasendus,1
rahvastiku-kriis,1
ühisoperatsioon,1
lõõg,1
turuärimees,1
komfort,1
šongleerimine,1
poluvernik,1
harfimängija,1
morfomeetrili,1
kasvukassett,1
hilissuvi,1
teoreem,1
metallikunstnik,1
kaoliinsavi,1
tervisehäda,1
poolepunkt,1
liigsöömine,1
naistemurdja,1
taevalaotus,1
telefoniterror,1
judaist,1
sajakroonine,1
maksimalist,1
tervishoiupoliitika,1
ekspordipiirang,1
käsimüük,1
alkoholiturg,1
salaviin,1
elamuehitus,1
aastaeksport,1
nooremseersant,1
reportaazhikabiin,1
keemiaõpetaja,1
mägironija,1
raevupuhang,1
meistrikursus,1
suitsiidterrorist,1
katsejänes,1
macho-armastaja,1
comment,1
kuuluvus,1
kardaan,1
paariastaatus,1
ülemaaline,1
kogumine,1
filmitegelane,1
nõudete,1
striptiisiagentuur,1
tervisekaitseala,1
aserbaidžaan,1
vahetuskurss,1
naelsterling,1
pääsenu,1
tuuma-energeetika,1
põllumajandusturb,1
USA-sõit,1
mereväeleitnant,1
kollektsionäär,1
grammatikakorrektor,1
allkirjaõigus,1
pärast-lõuna,1
kehamaaling,1
brutosissetulek,1
alkoholiprobleem,1
töökaalsas,1
tulistamine,1
võidupühakõne,1
rahvusvahl,1
interpretatsioonikonkurss,1
pliiats,1
läinudkolmapäev,1
lahingrelv,1
paarikümnekilomeeter,1
ülesseadmine,1
pingirida,1
lastekaitseala,1
militaar,1
baasvõrk,1
modellimaailm,1
lilla,1
kirjeldamine,1
tollifilter,1
poninahk,1
anakondanahk,1
põuaperiood,1
geneetika-ala,1
erotomaan,1
kanister,1
metanoolimürgitus,1
netosissetulek,1
turismitalu,1
vabamõtleja,1
kopsuhaige,1
teksasriie,1
trend,1
otsa-kool,1
sinoloog,1
vaatajahääletus,1
ennevana,1
tolerantsus,1
vene-sõit,1
suurlahing,1
kuriteokoht,1
kesvamärjuke,1
juhtfiguur,1
ravimiamet,1
kelgutaja,1
videomontaaž,1
ebarangus,1
suhtluspartner,1
valuutakomiteesüsteem,1
infojuht,1
topeltkodakondsus,1
töörabamine,1
kliimakokkulepe,1
Hiina-huviline,1
kossumängija,1
kallistus,1
kiirabitöötaja,1
surmasõitja,1
kristlikust-demokraat,1
ikoon,1
kreeditor,1
mitte-afgaan,1
kõnejärjekord,1
järjekorranumber,1
autorong,1
suhtete,1
kullavõitja,1
karussell,1
kisast-kära,1
autorendiala,1
siidisaba,1
majandusmõtlemine,1
peresuhe,1
meessuusataja,1
liivahunnik,1
urin,1
raehärra,1
olümpiasportlane,1
neer,1
sõrmusekandja,1
koalisatsioon,1
täistera,1
ujumistreener,1
plaatinametall,1
lubjakivitolm,1
mitmevõistlus,1
defektoloog,1
trahvimine,1
tobujuss,1
ishias,1
25-latt,1
septembrist-oktoober,1
taudipuhang,1
kukal,1
voodririie,1
oksarägu,1
progressipartei,1
staadionivärav,1
pottkivi,1
metallkangas,1
noviitsiseisus,1
läbilöögivõime,1
sääsepoeg,1
rodster,1
küpsetusahi,1
lennundusfanaatik,1
kuritarvitus,1
tähesõit,1
siilinahk,1
piimafestival,1
sortiment,1
salakaubaäri,1
eelolümpia,1
Pärnu-kodu,1
ankeetküsitlus,1
leivatööstus,1
suitsunurk,1
vangikamber,1
taallane,1
ravimieelarve,1
uulitsapoiss,1
klaaslaad,1
jõululau-päev,1
noorus-idealism,1
pisipillamine,1
korsiklane,1
haavanott,1
orkaan,1
ärasöömine,1
saueauk,1
modifikatsioon,1
spioonijahtija,1
asva,1
džuudoõpetaja,1
teaduskirjandus,1
soldat,1
ületreening,1
roosiristlus,1
lavastajakarjäär,1
nipp,1
saakloom,1
asüül,1
teletegija,1
neuroloog,1
suvilaterajoon,1
honorar,1
elamiloa,1
itallane,1
idakaar,1
töhusate,1
kokkukuhjamine,1
abordiõigus,1
motovõistlus,1
veresaun,1
särgipood,1
saavutus,1
helsinglane,1
olümpiaujuja,1
kehakultuurlane,1
ülekaalulisus,1
sudeedi-sakslane,1
teraskonstruktsioon,1
kanaarlanna,1
automüük,1
trafoalajaam,1
alkoholiäri,1
otsereportaaž,1
tehnikaintelligent,1
loomasöödaküna,1
saatesari,1
sõjapõgenik,1
paarikilo,1
õhutusaken,1
asutajaliige,1
granaadiheitja,1
arvutimaailm,1
impressionist,1
abielutõotus,1
parteipoliitik,1
üheksanädal,1
arg-püks,1
viievõistlus,1
kaetus,1
introvert,1
vasakdemokraat,1
suurrahvas,1
vabatahtlikkus,1
ususegu,1
peasüüdistaja,1
tippkorvpall,1
veetoru,1
süntesaator,1
aasta-aasta,1
istumisnurk,1
tavameditsiin,1
ravimtaimesegu,1
kindlustusmaksesüsteem,1
lisasissetulek,1
generatsioon,1
seksimasin,1
vaimupinge,1
17-26aastate,1
Ferrari-omanik,1
õhupallifänn,1
imperialist,1
muuseumieksponaat,1
hauarüüstaja,1
omandamine,1
40GB,1
lisa-tasu,1
putsh,1
politseikontroll,1
tankikolonn,1
metsapõleng,1
koorirepertuaar,1
arstiabi,1
valimaminek,1
loomasööt,1
münt,1
mitteettevõtja,1
idamaisete,1
kosmosetööstur,1
mitte-araablane,1
lühis,1
sõjaväeakadeemia,1
avangard,1
hullulehmatõbi,1
presumptsioon,1
töövõime,1
rutus,1
jaeturg,1
hooldepunk,1
lõunaprantslane,1
algsus,1
hobusekasvataja,1
põrandapesu,1
latipõrge,1
suveseiklus,1
20protsenili,1
naftabituumen,1
kuumaks,1
ladinakeel,1
ületöö,1
meisterlikkus,1
kuivatuspaber,1
läbiotsija,1
kasutuselevõtt,1
kõrgseltskond,1
pärishüppaja,1
tunnipikkus,1
ehitustöövõtuala,1
terrorismioht,1
raadioeeter,1
narkoman,1
ametiaeg,1
matt-klaas,1
koljat,1
tüütaja,1
vabapind,1
triikraud,1
kiirkäija,1
nisa,1
sump,1
hiigelkogus,1
keeris,1
tülinorija,1
juurdlusbüroo,1
kinnipeetu,1
uimastiannus,1
piraatsohver,1
raekojagraniit,1
trolliliin,1
öko-aktivist,1
onli,1
psüühika,1
näidend,1
tobuke,1
natsismitaak,1
silmapilgutuse-põhis,1
kõrvaltegevus,1
vahtraleheomanik,1
jaekaubandus,1
paremradikaal,1
diplomaatel,1
surnukeha,1
surnuteriik,1
blondiiniroll,1
aprikoos,1
mürgikarikas,1
jamaikalanna,1
bürootehnika,1
ükssarvik,1
siidmuaree,1
lillest-loom,1
kuller,1
laevareis,1
kuupinnas,1
pisihuligaan,1
maniküürija,1
ruberoid,1
mõttemaailm,1
filoog,1
raamatuturg,1
suurpuhastus,1
lillkapsas,1
tsiviilelanik,1
diagnoosipõhis,1
paraaduks,1
sölkupitar,1
eurointegratsioonibüroo,1
väljamöistm,1
maanteerehv,1
regress,1
silikoongeel,1
laamendamine,1
krediidiinfo,1
kuldvillak,1
vanglaautoriteet,1
präänik,1
tõelisus,1
meemaed,1
viljelemine,1
kaasroll,1
kaaskeskerakondlane,1
linnatänav,1
vahtraleht,1
ilukõneleja,1
võrkkott,1
madalkuumussavi,1
kamoflaažikostüüm,1
müügitulu,1
kõneminut,1
semester,1
tootearendus,1
ooperifänn,1
eesriie,1
uudistaja,1
siss,1
suitsumees,1
paberist-papi,1
küsimustik,1
kahjulikus,1
töel,1
valveseisund,1
laevastik,1
orienteerumine,1
lihasort,1
parteiametnik,1
põhisõna,1
kolmekuli,1
kaitseseisund,1
eelistung,1
profaan,1
metsalangetus,1
ekskeemik,1
rebat,1
mägedelaager,1
rahvusvahelste,1
avaldaja,1
ühistranspordivahend,1
maisus,1
eksporditoetus,1
joogipakendiaktsiis,1
tehasehoone,1
ebanormaalsus,1
pühapilt,1
kelk,1
murrak,1
palagan,1
äkkrünnak,1
okupatsioonivägi,1
kettsuitsetaja,1
tosina-aasta,1
pärimus,1
relvarahulepe,1
kloostrimets,1
klaasikunstnik,1
rahvusküsimus,1
matriarhaat,1
mängusõltlane,1
kodanikuühendus,1
puitmaja,1
vägivallatsemine,1
lange,1
pasteet,1
vabatehnikadistants,1
kaasmaalanna,1
autorallisarn,1
doktriinikoht,1
gaasileping,1
angažeeritus,1
juurdekasv,1
panganduspraktika,1
isast-poeg,1
vanapaar,1
kütteperiood,1
kõrva-nina-kurgukliinik,1
rapsitera,1
ümbersõidutee,1
seelikukangas,1
hokitali,1
käibemaksuseadus,1
kalatootja,1
kardioloogia,1
kohukesepakk,1
tariifikonverents,1
sketsh,1
rajameister,1
varras,1
art-house,1
meediakajastus,1
skiskofreenili,1
välisomanik,1
kursuseõde,1
tervishoiuraha,1
tsemendilinn,1
seapõis,1
naisüliõpilane,1
raad,1
šašlõkk,1
rippmenüü,1
naaberplaneet,1
kasumilang,1
keelekasutus,1
taimeparknahk,1
elektroonikafänn,1
kirjanikupere,1
vagonetilükkaja,1
filmkunst,1
lõunakodu,1
täismees,1
optsioon,1
blogipidaja,1
närimine,1
nõelasilm,1
homofoob,1
fetišism,1
aktsiamiljonär,1
baltisakslanna,1
vereplekk,1
rotipundar,1
lilleaed,1
avakõne,1
megabeibe,1
jalatsikapp,1
lustikummut,1
üksikriik,1
julla,1
surma-oht,1
eurokoolitus,1
saamatus,1
poolus,1
betoonivalu,1
vaatlusalune,1
poeuks,1
puitarhitektuur,1
kurbli,1
kokaraamat,1
palumine,1
ragulka,1
härrasrahvas,1
maailmameistritiitel,1
uuest-vana,1
hemotest,1
kartongimass,1
puitkiudmass,1
kinobuss,1
puutepunkt,1
eitamine,1
likviidsusabi,1
staarikompleks,1
birgitiin,1
universaalteenus,1
linnak,1
üleannustu,1
aastaküsitlus,1
jalaväelane,1
rahakinkimine,1
politseiosakond,1
rindejoon,1
pidulaud,1
aastakassa,1
rekvisiit,1
paranoia,1
nominaalaeg,1
igameheõigus,1
ingver,1
ühinemisplaan,1
armuuni,1
dubleerimine,1
teatriinfo,1
tühikargamine,1
tõsikristlane,1
kolmekümneprotsent,1
telelavastus,1
abiettevõte,1
sõnatüvi,1
võltsshampoonitehas,1
välikomandör,1
meediasuhtlus,1
kirjarahvas,1
tuvastusekspert,1
kahpäev,1
duumasaadik,1
betoonsõrestik,1
kolm-tõi,1
ornitoloog,1
international,1
kõrvalkabinet,1
väärtmaterjal,1
riigikogumantaad,1
teadusmees,1
samoalas,1
paigalduskoht,1
patendiamet,1
maaseadus,1
iraakalse,1
RTF-fail,1
argentinlas,1
logistika,1
metrooliin,1
lavašš,1
nordiga,1
mõõnaseis,1
pärslane,1
olümpiavõistleja,1
saalibändi,1
bassklarnet,1
maksja,1
vigurvänt,1
episood,1
galopp,1
täiskasepuit,1
intressinägemus,1
rahakassa,1
võimlemine,1
eelarvekasv,1
väliskirjandus,1
halvatus,1
äratundmine,1
elukorraldus,1
suhkrukogu,1
suusainstruktor,1
politseteenistus,1
aktiivravihaigla,1
mittenäitleja,1
siput,1
reserfond,1
peidupaik,1
tulvavesi,1
looduskatastroof,1
hõrenemine,1
piiblikirjastaja,1
harjutusväljak,1
ülijuht,1
lahesopp,1
standardikoht,1
tänavaauk,1
kriminaalosakond,1
poolesajaruutmeeter,1
vaseliinisarn,1
õhupuudus,1
tagasivaatepeegel,1
alarmsõiduk,1
majandusteoreetik,1
lambapiim,1
joogikopsik,1
väljakunurk,1
kaubareisija,1
non-stop-suhtlus,1
nagin,1
voodikoht,1
tööstushoone,1
saladokument,1
ehitusluba,1
harrastuskirjanik,1
pihtimus,1
20-protsenili,1
nädalapikkus,1
shaht,1
küünarluu,1
pistisevõtja,1
ajakirjanduspäev,1
jäje,1
kõlapinge,1
eagrupp,1
lauljakarjäär,1
unelm,1
islamimaa,1
A-divisjon,1
ohatis,1
ukselink,1
metsapark,1
tunnikontroll,1
piiritusetehas,1
repressiivsus,1
õunaaed,1
seebihoidja,1
plusskraad,1
jõuluvana-usk,1
infektsioon,1
allergeen,1
käibeliider,1
alkoholipood,1
valitsusaeg,1
suurtükiväelane,1
fassaad,1
sajandivahetus,1
rändkaupmees,1
banaanivabariik,1
mürkaine,1
ekspressionism,1
iseolemine,1
ristilipp,1
kuumakse,1
rallisport,1
lihalikkus,1
mittemetall,1
mitte-iraaklane,1
ühesentimeeter,1
töökoormus,1
videolint,1
diplomaadikohver,1
salakaubateenistus,1
karikakaitsja,1
kontseptsiooninäitus,1
patendiala,1
20sigaret,1
palituriie,1
1000-jüaan,1
peidukoht,1
riskikapitalist,1
keelepäev,1
heategu,1
kasvuhooneõhustik,1
talvekorter,1
kohupiim,1
sotsiaalhoolekanne,1
tuleoht,1
eriprogramm,1
zhenshenniala,1
filmikultuur,1
keskkoolisüsteem,1
heinategu,1
osavnäpp,1
impordilitsents,1
jutuvada,1
parklavangistus,1
kaubaladu,1
aher-ainemägi,1
saareke,1
sadulsepp,1
mädamunahais,1
euronorm,1
aidsiala,1
torpeedo,1
viie-kroon,1
prommil,1
maksudemaksmine,1
humanitaarala,1
koalitsioonikokkulepe,1
ümberarvestus,1
kõrberahvas,1
radioaktiivsus,1
rõivakonstruktor,1
tulevikumaterjal,1
antiikmööbel,1
liiklustakistus,1
eriasutus,1
niplispits,1
kooliiga,1
lausrünnak,1
postikott,1
modelliagentuur,1
uurimisala,1
internetirong,1
meediakära,1
põllumajandushuviline,1
lehemees,1
loomakaitseseadus,1
kehahoid,1
eluhellik,1
liiderlikkus,1
lihtameeriklane,1
rajakate,1
gaasisõltuvus,1
ametissenimetamine,1
fill,1
pilguheit,1
pesumodell,1
õnnistatu,1
raamatumüüja,1
pürami-daalse,1
autoärandaja,1
lõhehakkliha,1
maakoor,1
toidukaubavalik,1
reisrong,1
investeermisala,1
toiduahel,1
ühistegevusala,1
sarihuligaan,1
ümarkala,1
õhtumaa,1
hangumine,1
põllukultuur,1
äriidee,1
suvepraktika,1
siidniit,1
ruutkilomeeter,1
mitteimmigrant,1
argiolustik,1
umbrohutõrje,1
kompressor,1
mobiilsideoperaator,1
riigipeaamet,1
perea,1
külastamine,1
pangandusasjatundja,1
kirikuvürst,1
lennukikandja,1
molekulaarbioloogia,1
seekel,1
naftaiha,1
kaitse-eeskiri,1
naaberkorter,1
möödunudkolmapäev,1
kaitsekasarm,1
naeratus,1
mittenoortepära,1
politoloogia,1
eestiarmeenlane,1
ajuinfarkt,1
viiulipoogen,1
pühapäevasuitsetaja,1
karastusjook,1
moodul,1
süli,1
zoroastrist,1
raskerock,1
grillkana,1
reipus,1
poolteistsada,1
leppimine,1
äärekaitsja,1
kirikukogudus,1
sünnipäev,1
horisontaalasend,1
mille-ala,1
etioopialas,1
keldribaar,1
fašist,1
fookus,1
kütuseveok,1
juunioridekullavõit,1
näidisklaperjaht,1
radikaaldemokraat,1
võimukriis,1
vöimutüli,1
digifolk,1
sõpruslinn,1
sajajalgne,1
abielulahutus,1
folkloor,1
värvikasutus,1
võõrliik,1
kõhutäis,1
linnamüra,1
laevandusala,1
naerupelgus,1
vurle,1
viisaandmine,1
lõunaeurooplane,1
vedelkütus,1
börsihai,1
vaidlusalune,1
edasiminek,1
lahingulipp,1
vabrik,1
paaditootja,1
ajaloo-õpetaja,1
langevarjuklubi,1
lennumasin,1
naisekuju,1
filmitegemine,1
tipsutamine,1
tribunal,1
miilitsamentaliteet,1
kultuurikomisjon,1
VIP-reis,1
kiisutädi,1
puiestee,1
rannajoon,1
palgatase,1
välismaalastevihkaja,1
haljasriba,1
ravikindlustusmaks,1
võõrtööjõud,1
Venemaa-kompleks,1
eni,1
veitslanna,1
A-finaal,1
krimiromaan,1
lennundushuviline,1
kosmeetika,1
aukandja,1
pöögipuu,1
informatsiooniala,1
joomarlusepahe,1
metallsulam,1
sillaorg,1
hariduskorraldus,1
majandusminister,1
tombak,1
elevandisadul,1
linnusevärav,1
teooriaosa,1
tammeparkett,1
toss,1
kangialune,1
maitsetaim,1
paduliberaal,1
jahimehelaul,1
jagatav,1
piraadirünnak,1
naistepõlgur,1
ametitool,1
tagurlane,1
linateos,1
ekspartisan,1
e-posti-uputus,1
legoklots,1
vaimupimedus,1
lepavõsa,1
saadikuamet,1
hoolekanne,1
altarituli,1
tarkvaraarendusfirma,1
kindralmajor,1
kordamine,1
jaoülem,1
kotist-pintsakust-jope,1
kriminaalhooldaja,1
tõrvatilk,1
taskumärkmik,1
sõstar,1
majandusreformaator,1
lennuväemarssal,1
garaažiboks,1
rattatreening,1
stretš,1
sookurg,1
aastagune,1
ebamugavustunne,1
humanitaar-abi,1
väärtusruum,1
aarialane,1
puruvana,1
konföderatsioon,1
läheneja,1
peosaal,1
pakkepapi,1
balsapuit,1
üksikese,1
lennuväebaas,1
sigimispaik,1
eksdissident,1
kohtlajärvelane,1
saepurubrikett,1
labasus,1
Siberi-aasta,1
prillitoos,1
hokimänedžer,1
koloniaalsõltuvus,1
sööming,1
doos,1
keldrikorrus,1
veerandtoon,1
ajalehekiosk,1
tollitsoon,1
vabaõhumuuseum,1
liikurkemmerg,1
kirjandusmuuseum,1
juhiamet,1
lärm,1
vanglamäss,1
asfaltbetoonitehas,1
SSlane,1
koopiamasinamaks,1
mitte-peronist,1
matkasell,1
poolmari,1
mõnesajalooline,1
tööstusettevõte,1
bakalaureuseõpe,1
jaanalinnumuna,1
sõjakurjategija,1
vuste,1
tenoripartii,1
tantsuetendus,1
heakorraala,1
leivakorv,1
mündimass,1
kinoskäimine,1
porno-šikk,1
kamajahu,1
tselluloidsavi,1
näitekunst,1
juhtimistava,1
viieliiter,1
poisipõnn,1
burgundlane,1
natsivõim,1
jutu-ajamine,1
alkoholiseadus,1
kommuunikaaslane,1
putiigipidaja,1
malaysialas,1
narkolabor,1
nõelapits,1
autolukksepp,1
seksinälg,1
võluriõpilane,1
ülikulaps,1
tippmale,1
teleripult,1
plasttoru,1
looduspära,1
rahvusmeeskond,1
hooldusmehhaanik,1
juubelikontsert,1
epideemiaoht,1
kodujuust,1
tekstiiliprofessor,1
mitte-erialainimene,1
valijaregister,1
pisifirma,1
töövaidluskomisjon,1
kaardimakse,1
kavatsus,1
nõelraviarst,1
kanala,1
koosolekusaal,1
diagonaalriie,1
töötukindlustussüsteem,1
valimistsükkel,1
doktorikraad,1
peenar,1
mold,1
kodanikuühiskond,1
vanamate,1
saatusekaaslane,1
töö-koha,1
justiitsrünnak,1
paberteatis,1
sotsiaal-abi,1
parkimismaks,1
üheksapildise,1
vaimulähedus,1
träni,1
perekonnaliige,1
rallikarjäär,1
kõrgsurvelaminaat,1
metsaala,1
tuuma-energia,1
miinimumtellimus,1
maniokijuur,1
maikrahvi-esine,1
nooreestlane,1
vahemaandumine,1
vihmamets,1
gurmee,1
puittaburet,1
presidendikoht,1
keskkonnaseisund,1
tootmisosakond,1
sprotitegija,1
rehabilitatsioonikeskus,1
saadik,1
rahapesu,1
loomakäsitlus,1
500,1
garaazhikompleks,1
evolutsiooniteooria,1
püsiklientuur,1
kliendihaldur,1
tavaintress,1
kandideerija,1
enne-ja-pära,1
eelroog,1
pliin,1
laviin,1
ime,1
avarus,1
türannia,1
piraaditsemine,1
võlamülgas,1
somp,1
suitsetamissõltuvus,1
MM-hooaeg,1
suhkruvaru,1
Slovakkia-mäng,1
sületäis,1
lintaken,1
saunapõleng,1
talisportlane,1
ebaviisakus,1
embrüoonili,1
osalenu,1
turvaelement,1
lülisammas,1
kunstkarv,1
riigikogulasetöö,1
telefirma,1
armukolmnurk,1
muinaslugu,1
nakkusoht,1
kiviparkett,1
aegajati,1
anime,1
Ameerika-lembus,1
korterivaras,1
kunstihoone,1
semiootikaklassik,1
maksureform,1
sambalaulja,1
pangabuss,1
loomapidaja,1
süüdistatav,1
ühinemiskogemus,1
fondihaldur,1
kuuselaud,1
lavakunstnik,1
ornitoloogiaala,1
õppesisu,1
eesistumine,1
rutiinist-rollikest,1
vahtpolüstüreen,1
firmakaaperdaja,1
põhiosa,1
kalalaevakapten,1
nomaad,1
uuenemine,1
aktsiisimaksja,1
päevakäive,1
grillimenüü,1
lossipark,1
hinnakontroll,1
õliriie,1
sallivusevajadus,1
tööjõuturg,1
kooli-aeg,1
nukitsamees,1
kinkepaber,1
üleilmastumine,1
kookospähkel,1
Potteri-maailm,1
originaalmuusikaplaat,1
metsseakasvataja,1
kodanikusoo,1
kullast-kard,1
eestkostja,1
hoolivus,1
kuveitlane,1
abiprogramm,1
inimelu,1
galaktika,1
pütt,1
kanakoivalaadung,1
dividenditulu,1
kivisüsi,1
puänt,1
tööstusajastu,1
astrofüüsika,1
eurosarn,1
erainvestor,1
monoliit,1
galvaanikatsehh,1
linnugripipaanika,1
1930-1940-ndai,1
toidust-joogi,1
sõimeiga,1
aastatoodang,1
tootmisviga,1
kaerahelbepuder,1
ulmeala,1
võimukeskus,1
suure-mate,1
e-notar,1
põhimõtel,1
kopsuravi,1
hinnamuutus,1
hobuveski,1
liivapaber,1
kanderakett,1
rahuvahendaja,1
taluomanik,1
ragbimäng,1
bodypump,1
seitsmenädal,1
lapp,1
rahvakunstiala,1
kulukus,1
rahamees,1
korrarikkuja,1
paariprotsent,1
väärtustase,1
haljastus,1
jaotuspunkt,1
loodussäästlikkus,1
peakava,1
kalaõgija,1
laulupäev,1
ülesastumine,1
lahendus,1
plastmassitootja,1
krutskivend,1
metalliasjatundja,1
patriotismitunne,1
savitellis,1
nirginahk,1
küpressipuu,1
keskkonnapoliitika,1
raha-teenete-esi,1
kolmekilomeeter,1
turbatoodang,1
inimloom,1
kivitükk,1
koolipiiga,1
seakarjane,1
kalavõrk,1
laadalkäik,1
regivärss,1
hiigelnaaber,1
peit,1
klassiruum,1
reservmaa,1
suurvargus,1
kõikemuutev,1
tiitlivõit,1
hingus,1
vahepeatus,1
raamatuala,1
mesinduspäev,1
absindijoomine,1
seelikuriie,1
segaperekond,1
pühitsus,1
joogisõber,1
abiosutaja,1
euroreferendum,1
mälumäng,1
rindeajakirjanik,1
klaasimaal,1
priimägi,1
hõbelõvi,1
nädalast-paar,1
võistlejaterivi,1
müüdu,1
krimkakirjanik,1
heinalakk,1
natsi-ideoloogia,1
riigilipp,1
parteilisus,1
süsiniksulam,1
heategevusaktsioon,1
punetus,1
avavesi,1
autoost,1
rahvasport,1
esipiloot,1
ülemängimine,1
sahtel,1
silikaltsiit,1
mõisapark,1
kõhklus,1
kantripeo,1
rublane,1
infopäev,1
tavamaailm,1
üüriseadus,1
lemmiktoit,1
korterinaaber,1
relvakandmisõigus,1
karjääriala,1
tuberkuloos,1
tõuge,1
uurimismaterjal,1
näitlejaskond,1
firmaklient,1
europali,1
piirüür,1
maailmavalitsemine,1
teletorn,1
mundrikandja,1
vaeselaps,1
uskmatu,1
ääsituli,1
tasakaalupõhimõte,1
trump,1
ilmä,1
iläm,1
vallavara,1
eelkooliiga,1
luuletus,1
postindus,1
sotsialismikants,1
pantvangitragöödia,1
aknaalune,1
protestija,1
ärkamine,1
suvefestival,1
pöörang,1
autorilaulja,1
böömikris-tall,1
kruvi,1
trompetist,1
rahvateater,1
eine,1
lukksepp,1
WRC-sari,1
kõikvõimsus,1
laulumees,1
autunne,1
stardikiirendus,1
jääkreostus,1
pulmaveekogu,1
pommiekspert,1
valmimine,1
dublant,1
asjandus,1
veetarnija,1
halvenemine,1
käimismaraton,1
koduvägivald,1
sõiduvahend,1
segaabielu,1
elektriraudtee,1
basiilika,1
kooliprogramm,1
abordihullus,1
moreen,1
metsklaas,1
opaalklaas,1
rikkus,1
tuumaplahvatus,1
tasakaalustatus,1
paberirull,1
seadmehooldaja,1
rahvaasemik,1
turundusjuht,1
baasaine,1
alkoholisõltuvus,1
erapoolikus,1
kujutluspilt,1
reklaamikonkurss,1
alkomeeter,1
tõeotsija,1
apteekriabiline,1
põgenikelaine,1
arengukoostööala,1
tünnisaun,1
kontoriiludus,1
tagamine,1
australlaste,1
sadamaehitaja,1
turismiinfopunkt,1
abisild,1
veepuudus,1
üllitis,1
reklaamitegija,1
atendaad,1
kaubandusembargo,1
merevalvekeskus,1
mitte-poliitik,1
silmitsiseis,1
taastõus,1
tähelepanek,1
luulesõber,1
Laulukarusseli-veteran,1
traumapunkt,1
keelegeto,1
rallimeister,1
kehalisus,1
viisaruum,1
põlduba,1
reedehommik,1
tripleksklaas,1
laulik,1
hällilaul,1
üldhaigla,1
nõiakunst,1
keedutaigen,1
arvutihoole,1
rallifänn,1
krokodillipaar,1
kuiv,1
publikuhääletus,1
rünnakuoht,1
liigtarvitamine,1
avalikkus,1
asustus,1
messikülastaja,1
ruumilõik,1
pea-tükk,1
majandussegadus,1
konkursivõit,1
kalaliit,1
avamatsh,1
selle-ala,1
nõukoda,1
presbüter,1
võsu,1
puhvetipidaja,1
lonkur,1
esmavalija,1
rinnapiimaasendaja,1
isikumandaat,1
mammutikütt,1
sirelililla,1
leinapäev,1
sõim,1
jõulupeo,1
tiigrike,1
elamurajoon,1
lillering,1
motivatsioon,1
osavõtutasu,1
õppe-eesrindlane,1
ühisavaldus,1
vaimulikurüü,1
täis-võimsus,1
röövelparun,1
77millimeert,1
perm,1
silmamoondaja,1
sars,1
kartulipõllundus,1
udaraveerand,1
lehestik,1
logotsentrism,1
literatuursus,1
Step-aeroobika,1
onüh,1
keemialabor,1
välgutabamus,1
efektlõng,1
maksualandus,1
tort,1
väljaanne,1
panus,1
sportmäng,1
tahtluseteooria,1
iseloom,1
hoolsus,1
instrument,1
elutajumine,1
hermeneutili,1
konfliktisituatsioon,1
rõhuasetus,1
kõrgkoolipink,1
veesegu,1
tootmisprotsess,1
tarneleping,1
videolaenutus,1
vikk,1
otepäälanna,1
veiseluu,1
teenindusluba,1
lühiiseloomustus,1
keratiin,1
põhjapõdrasarv,1
loomahammas,1
puhm,1
kontrollvariant,1
telehooaeg,1
erilisus,1
tsa,1
kuriteomõiste,1
lepinguvabadus,1
käitumisstandard,1
kaassüü,1
võlasuhe,1
tõusumorfeem,1
džässileksikon,1
kasumiaruanne,1
võrrand,1
arengutase,1
kogumõju,1
poltiil,1
variatsioon,1
ruutfunktsioon,1
tohusuga,1
selgroolüli,1
lihakarn,1
rändkäsitööline,1
pindluu,1
juurutamine,1
sealuu,1
vidin,1
frantsiskaanlane,1
väljatulem,1
wääril,1
orjakaubandus,1
hotentott,1
mustanahalisus,1
väiketarbija,1
kodupind,1
arhetüüp,1
linaõli,1
segajõusööt,1
orienteeritu,1
silbitekst,1
semantika,1
langusmorfeem,1
tärkamine,1
kaeratoodang,1
küpsusaste,1
mislaadili,1
õigusrikkumine,1
rindetegevus,1
germanistikadoktor,1
germanist,1
diagonaal,1
pekipaks,1
orjapidaja,1
kujutis,1
staar,1
härjaliha,1
idavirulane,1
papitükk,1
ruumiosa,1
kammitsetus,1
vaarikas,1
sarlakk,1
purpur,1
lõbustuspaik,1
ihuelu,1
igävä,1
võõrastus,1
kunstvalgus,1
uksevalvur,1
sloveenitar,1
kruusarada,1
lendmaterjal,1
motiveeritus,1
stiimul,1
voodus,1
soolatolm,1
lasuriid,1
mäekivi,1
poksiring,1
donna,1
veebisait,1
debiil,1
kriminoloogiaala,1
kolmikhüppaja,1
näoilme,1
õlakott,1
karjatalitaja,1
kuueruutmeeter,1
jalgrattakumm,1
ooperidirigent,1
rukkimaarjapäev,1
hall,1
rahvusromantism,1
tipptegu,1
maamess,1
geneetel,1
klaverisaatja,1
ruumiterminal,1
aigu,1
ekstrasenss,1
natsionaalsotsialism,1
vormelisari,1
konkurentsieelis,1
terasraudbetoon,1
kandilisus,1
ootamatus,1
suguühe,1
ukseklaas,1
kruusahunnik,1
tookordne,1
kohamääratlus,1
07suitsetamine,1
kalakaubandus,1
higihais,1
mõrvapaik,1
koolimetsakogu,1
lennundusohvitser,1
hääletuskabiin,1
loodusastmik,1
ooldus,1
rahurikkumine,1
kiviraidur,1
arstipalk,1
koolitali,1
intensiivraviosakond,1
vürtsiotsija,1
vahakuju,1
floora,1
ärkamismeeleolu,1
ebausk,1
saientoloog,1
modelleerimissavi,1
veeprogramm,1
tammeplank,1
korvpalliturniir,1
suitsusukelduspaar,1
kümnekordne,1
kodakondsuspoliitika,1
klaasvitraaž,1
Euro-vision,1
kepikõnd,1
kibuvits,1
köögisoperdis,1
tormihäda,1
baarmen,1
Euroopa-turnee,1
kanalisatsiooniauk,1
hapnikudefitsiit,1
maskisõud,1
lähiringkond,1
keelefoorum,1
heitesektor,1
trafo,1
ühisvõistlus,1
inimväärikus,1
nišitoode,1
cruising,1
autoparaad,1
visand,1
sisustus,1
kaju,1
perepäev,1
jalavägi,1
narkojoove,1
muinaslinnus,1
rahareform,1
sõna-võtt,1
raeköök,1
kloor,1
edutamine,1
kutsala,1
teenijatüdruk,1
rongaisa,1
linna-osa,1
nöörring,1
retro-fänn,1
viiesentimeeter,1
piletitulu,1
lavastusperiood,1
sutenöör,1
võrdsustumine,1
külaturniir,1
kaasamaalane,1
ravva,1
sõudmine,1
viktoriin,1
seaduskuulekus,1
toorsiid,1
hobusenahk,1
turuinformatsioon,1
luukere,1
vähempimedus,1
tarantinofänn,1
nurgatagune,1
julgestus,1
kõvaplastik,1
tavahind,1
jefreitor,1
kuusissetulek,1
lastekodupoiss,1
maksujõulisus,1
vakstunahk,1
neenetsinaine,1
rusikahoop,1
põllumajandusosakond,1
ili,1
padrik,1
ühismajand,1
sunnitöölaager,1
tubakasuits,1
jahupuru,1
kunstsiid,1
jumalaema-plakat,1
kaasinimene,1
ülemeksorts,1
oktoobrilaps,1
gringo,1
murel,1
esmakursuslane,1
fundamentalist,1
kola,1
uiguur,1
riigireiting,1
luurekindral,1
maomürk,1
armuafäär,1
olu,1
liikmepilet,1
ühe-kahemagnituud,1
valloon,1
taiga,1
peigmees,1
bojaarisoo,1
kavalus,1
anglofiil,1
frisöör,1
korrektsus,1
altkäemaksuvõtja,1
kõrvallatter,1
aura,1
elulugu,1
king,1
esme,1
dioksiin,1
kährikunahk,1
napsitamine,1
pisimootor,1
seapidamine,1
väljavõte,1
riigiegoism,1
võtja,1
kalkar,1
alternatiiv,1
animaalsus,1
teisipäevaõhtu,1
loomakliinik,1
dabaa,1
naftainsener,1
koondamistasu,1
aadel,1
mauritaanlane,1
pärnulane,1
autokraat,1
tegel,1
täpsuslaskja,1
dzhässimängija,1
tapakihk,1
järskkallas,1
näidendiproov,1
koobastik,1
kloostrikirik,1
välisaeg,1
mägiõhk,1
kivinukk,1
looduskirjanik,1
pangaametnik,1
reklaamipaine,1
seadusandli,1
narts,1
avangardist,1
aupaiste,1
kirelaine,1
kultuurifilosoof,1
kooliekskursioon,1
kompetents,1
reaparteilane,1
uurimisretk,1
heteroseksuaal,1
metsateadlane,1
angazheeritus,1
dokumentalistika,1
väravatorn,1
teatritegelane,1
kohtuprotsess,1
reatöötaja,1
ühetaolisus,1
proua,1
tualetiuks,1
ämblikuvõrk,1
loogilisus,1
areen,1
hüüdnimi,1
lokilammas,1
istumajäämine,1
markii,1
ridaelamukodu,1
kohtuarst,1
frikassee,1
paleomiljonär,1
rahvalaul,1
pangautomaat,1
põlvkonnatrots,1
peaministri-amet,1
numbriliikuvus,1
kontrabassimängija,1
lapsepõlvepikendaja,1
esmaehmatus,1
vaesusemülgas,1
kajutiaken,1
surmamotiiv,1
võlurikübar,1
moondumine,1
peoperemees,1
perekonnasõber,1
kõikumisvahemik,1
ärikarjäär,1
rahvusriik,1
augustivalk,1
shvamm,1
mitteleedulane,1
terratsoplaat,1
paaritumine,1
võimupirukas,1
pooleteist-tund,1
šerpa,1
paistetus,1
pahameel,1
tavatarbija,1
nõuandesaade,1
suvesuplus,1
pihkvalane,1
tõutervis,1
lõhkekeha,1
liitil,1
helistuudio,1
viiner,1
ajaloosündmus,1
teatripisik,1
vällä,1
üte-tõi,1
mardipäev,1
juustuvabrik,1
lauatennis,1
riigiülikool,1
MM-norm,1
blankett,1
Snoras-pank,1
eelduspära,1
rändakrobaat,1
bordellikoka,1
Maksim-kuulipilduja,1
töönädal,1
04kanepikasvataja,1
lihunik,1
aiandusinstituut,1
rekordigraafik,1
lüpsiaparaat,1
kuuik,1
parlamendipatt,1
pätu,1
esitlus,1
koolikord,1
lauslappimine,1
rahvakunstiansambel,1
silikaattellis,1
ringkonnakonstaabel,1
kehahoiak,1
pomm,1
vesileotis,1
saviliivmuld,1
viroid,1
söödakogu,1
staatusekoht,1
antiatelektaatili,1
trammivagun,1
eesmadu,1
odratärklis,1
ütstõi,1
juurdetulek,1
metalliärimees,1
hiigelkuju,1
säilitusaeg,1
ionisatsiooniala,1
kilerull,1
maksukogukond,1
jälestustunne,1
cool,1
rämpsuhunnik,1
hüaliinkõhr,1
aort,1
vaagnaava,1
keskvaagen,1
välimik,1
suurvaagen,1
teivashüpe,1
hääletusobjekt,1
allakirjutaja,1
kulutus,1
elektoraad,1
gradatsioon,1
ülesehitus,1
kohort,1
sinder,1
politseimeister,1
täiskuu,1
aiaomanik,1
välispassiomanik,1
allveelaevnik,1
shamaan,1
kopist,1
tänulikkus,1
ametissepanemine,1
aadliseisus,1
voorimees,1
teleoperaator,1
teenistusaste,1
arhiivifond,1
häirekeskus,1
kolkaküla,1
erialakoolitus,1
tavapärasus,1
koevolutsioonili,1
puukooremuster,1
mimeed,1
diivanikast,1
semiootikaala,1
teatavatüübili,1
kirjanduspreemia,1
auhind,1
tähenduseproblemaatika,1
oksüümoron,1
arhiiviaines,1
tähenduspära,1
eelvaade,1
import-tooraine,1
prototekst,1
matkasport,1
hange,1
valvekaamera,1
teknoterrorist,1
kergasfaltbetoon,1
konsistoriaalringkond,1
kodanikuseisus,1
ajalookramp,1
kirikukantsel,1
kirikukorraldustüüp,1
kirikuseadus,1
pärimisõigus,1
kümnestkond,1
viimine,1
vanalinnastuudio,1
raskejõustiklane,1
põlevkivituhkgaasbetoon,1
jäätmesavi,1
andmisviis,1
kassaruum,1
klinkerkivi,1
looduseuurija,1
kujutlushaare,1
keelejuht,1
kuulamine,1
valuvõte,1
kõrkjameri,1
rakurss,1
alligaatorinahk,1
medtöötaja,1
linnamaastur,1
sõjasaak,1
vanuseklass,1
vigurivänt,1
kohtufarss,1
robootili,1
leeripeo,1
mitteoskaja,1
dendroloog,1
lepalömm,1
projektiruum,1
raketiväelane,1
eesolev,1
instruktor,1
igasuu,1
sisseastuja,1
kuldriie,1
transpoditööline,1
tõsisi,1
langevarjusiid,1
vägevus,1
aastapäev,1
miilitsamees,1
pappkarp,1
piibunäperdaja,1
šokokolaad,1
krae,1
ajukäär,1
jõukus,1
kardinariie,1
mehisus,1
ripats,1
täiskalev,1
mäerinnak,1
määrustikukoht,1
relvaliik,1
sõjaala,1
kännuämblik,1
marudate,1
geeniloovutaja,1
dalbergia,1
liblikas,1
leivä,1
koristaja-jutt,1
garammatili,1
sandaal,1
puussepp,1
pugimine,1
kõlbul,1
templirüütel,1
riidekangas,1
punapaber,1
piisoninahk,1
showtants,1
agulipoiss,1
tisler,1
pugemine,1
lootusetusejõgi,1
kunstsarv,1
plekktoos,1
tarasiug,1
sisetunne,1
eradetektiiv,1
rublatsoon,1
suurmaaomanik,1
puuhalg,1
nimekaart,1
rahvakool,1
rahvariie,1
võttekoht,1
laulustuudio,1
01erakond,1
sektsioonkapp,1
mänedzheritöö,1
puertoricolas,1
bensiinihais,1
talitaja,1
haiglaõde,1
liutoru,1
olla-või-mitte-olla-peegel,1
32detsibell,1
politseikapten,1
invamärk,1
presbüterlane,1
teisipeäva,1
tarbesõiduk,1
rahvakunst,1
homoerootilisus,1
siidpaber,1
lumeonn,1
disainiala,1
prügikasti-tõrge,1
veinitoimetaja,1
talveaed,1
gang-bang,1
hetkesituatsioon,1
õllest-jäätis,1
eestlasest-inglane,1
enampakkumiskonkurss,1
käibemaksukohustuslane,1
teenusterivi,1
lingvistikaala,1
liimpusidu,1
ürgaegsus,1
maitsmine,1
sissemakse,1
šokolaadikook,1
politseiohvitser,1
orjalikkus,1
klubiseltskond,1
ralliasjatundja,1
tonaalsus,1
manerism,1
želee,1
reich,1
tsaariaeg,1
posöör,1
arendus,1
põhimeeskond,1
esifirma,1
reklaamidirektor,1
poeomanik,1
kannatanu,1
maavärinafänn,1
pärastlõunapäike,1
saatür,1
glasuur,1
saapakarp,1
veskiaken,1
andja,1
portree,1
rõngas,1
initsiatsiooniriitus,1
ülemõde,1
osalemisõigus,1
jidiš,1
paberitükk,1
Ata-türg,1
rästikukarjane,1
kastekann,1
kirjutatu,1
tuuldeloopimine,1
ookeanipõhi,1
tongala,1
ülalpidaja,1
ebaküpsus,1
õndsus,1
hotelliäri,1
egoism,1
seebivahk,1
fuuria,1
plastiktops,1
hüperrealism,1
plekk-karp,1
murulapp,1
särgikäis,1
täis-elajas,1
silmatera,1
võtmepunt,1
lang,1
sõjahirm,1
elujulgus,1
popklassik,1
õndsuslooline,1
kommitootmine,1
väikepoodnik,1
šeff,1
kümnesentimeeter,1
nimemaagia,1
soolatoos,1
mõrvar-kunstnik,1
normaalbensiin,1
peatumissignaal,1
kaheteistkilost-kolmandiksekk,1
kirjanduslikkus,1
1980-1990-ndate,1
poleemilisus,1
seletamine,1
teoloogiaprofessor,1
palgaarmee,1
kuraator,1
teadustoodang,1
salaviinaajamine,1
leivatainas,1
münchenlane,1
sordirühm,1
aurulaev,1
rahapaber,1
naftafirma,1
lasteajakiri,1
maastikuauto,1
vanem-inspektor,1
rahvusfundamentalist,1
murrang,1
saksmaa-reis,1
ajalookirjutus,1
seedripuit,1
1000unts,1
mitme-kordne,1
põletamine,1
kirjandusajakiri,1
meediakontsern,1
toormaterjal,1
töötamisviis,1
ettevõttekultuur,1
asfaldispets,1
terminoloogia,1
piiratus,1
varik,1
palgatagatisfond,1
reguleerimisala,1
pae-kivi,1
flaam,1
MAk-profiil,1
pipraveski,1
kete,1
vaatetorn,1
vuse,1
kumba,1
vene-hirm,1
naminevik,1
kambajõmm,1
vutt,1
guste,1
ajakirjanikueetika,1
vaimuveri,1
eraldistartd,1
rahvusühiskond,1
tagasisaamine,1
punakivitellis,1
vastandseos,1
kloorakne,1
sõnakasutus,1
mitteaadlik,1
omadus,1
inimkäitumine,1
loend,1
sõjalugu,1
punatellis,1
kõigevägevam,1
kuivkäimla,1
kamikadze,1
pietist,1
singitükk,1
ekstramenüü,1
õpetlane,1
kaablikutt,1
töörügaja,1
grupipilt,1
kleidimood,1
ampertund,1
maksupoliitika,1
igatund,1
avantürist,1
tselluloositehas,1
õigusemõistja,1
ketshua,1
pärimuslikkus,1
metrist,1
rahvatants,1
kirjeldatu,1
moraaliapostel,1
süsinikkangas,1
koomiksipilt,1
biologist,1
olend,1
küllus,1
autsaideriroll,1
Ameerika-fänn,1
whiteboy,1
välisviimistlus,1
stagna,1
madrats,1
ajaloopärand,1
linnriik,1
nurjatus,1
rannavalvestaap,1
tapalaud,1
lillekauplus,1
kümnetund,1
igasügis,1
salu,1
plekist-klaas,1
puskariajaja,1
tõsi-elu,1
uurimisisolaator,1
veiniala,1
massimeedia,1
armastuslugu,1
külmhoone,1
zolotaja,1
mälumaht,1
olümpiarahu,1
absorbent,1
talupojakeel,1
erihooldus,1
roiskkapitalist,1
ühepäevaliblikas,1
riideriba,1
ordenikandja,1
jõuluvanavärk,1
süütuseaeg,1
Jarretti-klass,1
eksvalgevenelane,1
suvesari,1
automaadiomanik,1
tõkend,1
1250-liir,1
ürganne,1
tumu,1
kaardilaud,1
tuaal,1
keelemees,1
aroomiala,1
MM-või,1
mittemiljonär,1
veovoorimees,1
biskviitportselan,1
jõuluklassik,1
raamatukogutöötaja,1
liitumissegadus,1
raamatukoi,1
andronoidi,1
esilaternaajam,1
Exeli-tabel,1
ristsugutis,1
lõunanurk,1
dogma,1
kisamine,1
jäävangistus,1
pingelang,1
lainurk,1
pühapuu,1
suhkrukaramell,1
luurajaelu,1
kivist-puu,1
raadiotöötaja,1
kamoflaazhikostüüm,1
diferentsiaal,1
spordireporter,1
kõvaketas,1
rokimees,1
jamps,1
usuõpetaja,1
ilmakaar,1
tehasevärav,1
hapupiim,1
jungle,1
protagon,1
enesekriitika,1
tülgastus,1
ehitustöö,1
millibool,1
regulaarviisa,1
puhumistest,1
anti-õpik,1
noorkirjanik,1
laopood,1
punnseis,1
maaserv,1
kalevalavärss,1
maamõõtja,1
tammevanilliin,1
tanniin,1
traditsioonipimedus,1
kontsessioon,1
lilleseadja,1
kagebiid,1
veebsait,1
lugulaul,1
narkoseminar,1
ekspordidirektor,1
peasponsor,1
igapäva,1
suhtekorraldaja,1
telefonimüüja,1
mööbliajalugu,1
kapakali,1
mitmekanal,1
õigusfilosoofia,1
rahamäng,1
nädalalõpulisa,1
jidish,1
üüriline,1
traatkangas,1
rituaalmõrvar,1
kinoteater,1
kokaiinisõltlane,1
pussikangelane,1
meditsiinipealinn,1
kordnik,1
nägemisinvaliid,1
pöök,1
kloaak,1
nimilugu,1
kanepikangas,1
valitsusliidukaaslane,1
lennutund,1
trepikojanaaber,1
hüppaja,1
kuumoodul,1
linnapiir,1
kokkusaamisõigus,1
töödik,1
PR-mees,1
porgandirõngas,1
näitlejaloomus,1
katuseplekk,1
sõjakäik,1
protsessimudel,1
lohk,1
kosilane,1
parašütist,1
palgastandard,1
inimõigusaktivist,1
aktus,1
Jeesuse-lood,1
külalisterohkus,1
gigavatt-tund,1
mootorrattahull,1
salkkond,1
kultuuripilt,1
sõjapartei,1
isupärssija,1
koolilõpukirjand,1
klaasiserv,1
gibon,1
puitvõrestik,1
teatrimaailm,1
argiprobleem,1
märgistamine,1
firmakauplus,1
epateerija,1
tiba,1
vandalismiakt,1
hoolealune,1
anumine,1
kuuekümnemeeter,1
punavägi,1
hokikepp,1
kentaur,1
marginaalsus,1
duce,1
terasuks,1
ohutustehnika,1
kunstkristall,1
pearivaal,1
teadusdirektor,1
ehituskehand,1
brainland,1
infoajastu,1
alaelal,1
kuub,1
raskustung,1
võõraslaps,1
keskerakondlanna,1
tunnetuslabürint,1
rattaproff,1
viie-tasku-konstruktsioon,1
pläss,1
pornokirjastaja,1
amatöörjalgpallur,1
kopteriavarii,1
kommunikatsiooniala,1
dzhentelmen,1
naispensionär,1
kohvisarn,1
seinakell,1
tubakatööstus,1
kelmik-keel,1
füüsikadotsent,1
merekeskus,1
sikusarv,1
ood,1
diivan,1
seadusekoht,1
laevaõnnetus,1
vanavanaema,1
presentriie,1
düslektik,1
lustiveri,1
magistraat,1
kunstitöö,1
esinejanimi,1
videoamatöör,1
põllumeestekogulas,1
tipprežissöör,1
humanitaarabi,1
nukupresident,1
laudalakk,1
rändamine,1
kolmest-kuub,1
heegelpits,1
moelooja,1
psühholoogel,1
süüteootsus,1
StGB,1
esimse,1
planeerimine,1
heinasületäis,1
kooperatsioon,1
edasikaebus,1
surmakutsar,1
rööpjoonestik,1
ajalooprogramm,1
õppetööala,1
vanaaeg,1
suundumus,1
füüsikateadlane,1
ähvardaja,1
bambusepuu,1
enesealalhoiuinstinkt,1
lillebukett,1
hiidokastraat,1
alaväärsus,1
arvutuite,1
vastikus,1
rihm,1
kartulikott,1
lollpea,1
piiritlemine,1
keskkooliõpilane,1
soomõiste,1
portselanlaminaat,1
definitsioon,1
muutlikkus,1
punakisakõri,1
äkkrikkus,1
viinavend,1
registraator,1
arveametnik,1
supipilu,1
nukleaarmeditsiin,1
ööhämarus,1
sinepiplaaster,1
renegaat,1
kantmeeter,1
kuusehekk,1
virn,1
plastsulam,1
rändtsirkus,1
pillerkaar,1
samss,1
teaduskonverents,1
parteiajaloolane,1
ühikalift,1
hüsteerik,1
inimahv,1
kolmetoll,1
kohvilaud,1
õhuvärskus,1
pais,1
loendus,1
Tahtamaa-asi,1
kavatsusekoht,1
umbkott,1
poolrootslane,1
sanatooriumituba,1
tugevuskategooria,1
õgija,1
vankriredel,1
piinlikkustunne,1
lõikaja,1
selgrookõverdus,1
naisehääl,1
kraanivahetaja,1
moondamine,1
tervitus,1
sunnitöö,1
talveliiklus,1
päikeseenergia,1
repetiitor,1
allergia-ala,1
pea-laad,1
paarikümnepealis,1
laagriliuamaterjal,1
tahvelnahk,1
õngevarustus,1
kahhel,1
tragism,1
mägikristall,1
dieedikuninganna,1
rekordilie,1
infoliin,1
diskotümps,1
tabu,1
öörong,1
ebausurituaal,1
keeltepaabel,1
mögafon,1
optika,1
hotellikoht,1
tänavarealist,1
pintsakutasku,1
segamine,1
temavanus,1
ajupuit,1
majanduskonsultant,1
puuklots,1
Liége-veteran,1
kisakõri,1
padrunivöö,1
isikukoht,1
rüblik,1
Tallinna-kodu,1
meistersportlasemärk,1
hingesopp,1
atestaat,1
pagaripood,1
teepood,1
madratsitehas,1
loomakaitseaktivistist-terrorist,1
linariie,1
metsaskäimine,1
rõduuks,1
ennelõuna,1
kõrbeliiv,1
kaarnakivi,1
polaarala,1
talõšš,1
särbul,1
sümfoonia,1
gaskoonlane,1
haldusreformiala,1
peaots,1
pronksmedalikoht,1
lambaröövija,1
eksiõpetus,1
sisepõlemismootor,1
pinginaaber,1
ülikoolipõli,1
kätepaar,1
lahingusuits,1
kallaletungiproov,1
sularahakriis,1
sheviot,1
kurjavaim,1
määneg,1
tankitõrjepüss,1
kokkuleplane,1
silmitsiolek,1
ori-gladiaator,1
kaotusehirm,1
tähelepanufookus,1
koplivärav,1
sokolaad,1
panda,1
koorik,1
friis,1
joomapidu,1
kamlot,1
patutukaristus,1
teenijasoo,1
kada,1
ankeet,1
loodusevaatleja,1
interjöör,1
koorisolist,1
ühiskonnatüüp,1
tanklarööv,1
lõbunaine,1
mõjustamisvirtuoos,1
vate,1
kokkukõla,1
tillipuru,1
jõuallikas,1
metalliäri,1
poisisoo,1
naiskolleeg,1
lammutamine,1
vineerist-papi,1
masque-muusika,1
vest,1
korrakaitsja,1
iludus,1
transportaan-valk,1
naturaalmajandus,1
degusteerimine,1
õietolm,1
sonaadikunst,1
mannekeenikarjäär,1
madalus,1
telekarp,1
preestrinnast-maag,1
ballisaal,1
melioraator,1
spordimeedik,1
hooajatöö,1
orke,1
proletariaat,1
tetei,1
kiste,1
hegemoonilili,1
peaosa,1
kümnekraad,1
idaots,1
turuputka,1
konsortsium,1
vastuluure,1
tüüpsituatsioon,1
teatamine,1
miljöö,1
neurootik,1
nimekontroll,1
ministeeriumitöö,1
10-aaker,1
rostbiif,1
kõmu,1
rahakopikas,1
riigikukutaja,1
linnavara,1
kaubamaja-esine,1
klaasist-plekk,1
puuvillriie,1
lase,1
proge,1
metadoonitarbimine,1
suitsupakk,1
ajalookogemus,1
šveislane,1
spiikrikoht,1
sissijuht,1
valitseja,1
seln,1
kangelaslikkus,1
eruadmiral,1
latte,1
lasteaiakulu,1
veekriis,1
püha-päev,1
fentanüül,1
koduteater,1
tähis,1
puutöömees,1
naisteneelaja,1
tööohutusala,1
Muusikamarket,1
tsiasõrg,1
miljööteater,1
naiseõde,1
küljelaud,1
kehakunst,1
mölder,1
meilboks,1
firmagraafika,1
valikusõel,1
veri-nina,1
kaevanduskäik,1
õigusnõunik,1
istumine,1
tasandusfond,1
maksimumkiir,1
minajutustaja,1
süžee,1
puhkpill,1
jahipidamine,1
potentsiaal,1
ülalpeetav,1
vaimukriis,1
õhtukultuur,1
veits,1
plenaarsaal,1
põhiviisik,1
filister,1
kohviärimees,1
malk,1
teenijaseisus,1
klaastekstoliit,1
naishääl,1
laibanäkk,1
tagasipöördumine,1
graafikatriennaal,1
pärgament,1
kori,1
teoori,1
tuulehoog,1
maksimalism,1
monitooring,1
abitus,1
pornostaar,1
sitsiriie,1
majandus-kriis,1
peremeheõigus,1
tööbörs,1
sinisukk,1
lahingutegevus,1
rannapiirkond,1
distsiplinaarmenetlus,1
linnamaja,1
poolsits,1
santehnik,1
neegersõdur,1
ülekuulamine,1
eneseteostus,1
lingvistika,1
miilitsaülem,1
kasuahnus,1
kinotäht,1
paberautomudel,1
seoperä,1
suurt,1
kaubavedu,1
statuut,1
aiand,1
kasvatusala,1
pooleteisetund,1
sulaspoiss,1
tsiklisõit,1
pargijooks,1
jõulumuinasjutt,1
otepäälane,1
korraldajalinn,1
sportlasekarjäär,1
afterparty,1
ulualune,1
hakklihamasin,1
maailmakuulsus,1
vahtkond,1
mestiits,1
sapoteeg,1
relvavendlus,1
rühma-kaaslane,1
kulutuli,1
debüütalbum,1
lüpsimasin,1
etnopopp,1
ebakommunikatsioon,1
call-girl,1
kahvatupunane,1
kummipaadiralli,1
viktoriaan,1
vürtsiräim,1
olümpiaheeros,1
marodöörsus,1
peaministrikoht,1
tippturniir,1
puhkekuurort,1
ületöötamine,1
bigge,1
kosmoloogia,1
tarbekunst,1
kupeldaja,1
fennougrist,1
jutustaja,1
edenemine,1
autorikaitse,1
puhkekeskus,1
alpispoon,1
seelikumaterjal,1
aktsiaturg,1
taimetoiduaktivist,1
võltsvana,1
kursisolek,1
laevandusmagnaat,1
puhvertsoon,1
diplomilavastus,1
tootejuht,1
kokaiinik,1
romantika,1
müüdistumine,1
hääleõiguselik,1
resistentsus,1
valgalane,1
taimerasv,1
mardikas,1
erametsaomanik,1
torupillimuusika,1
suurpeo,1
valgamaalane,1
naaes,1
sõjaväehoone,1
rahvuskultuuriala,1
afald,1
hasartmängija,1
karjalaut,1
uljusproov,1
üte,1
penss,1
mahapanek,1
liikumistakistus,1
tuntus,1
keemia-ala,1
tööriistakast,1
nimemuutus,1
aina,1
tänavasillutis,1
valemartsipan,1
väljakukkumistsoon,1
suvepealinlane,1
tantsijatesumm,1
riigiraha,1
võistlustöö,1
täheteadlane,1
malaisialas,1
metallisegu,1
ekspresspersoon,1
surf-popp,1
köiejupp,1
platsmass,1
palkamine,1
east-coa,1
õlleraba,1
piirnorm,1
allapanu,1
peatusteekond,1
sõnnikuaun,1
sõnnikuhoidla,1
impotentsus,1
söödaproteiin,1
põld,1
filmivägivald,1
valitsusliige,1
kirjanduselu,1
kõhuvalu,1
meteoroloogiaala,1
põllumajanduskommuun,1
lähikeskkond,1
ööbimine,1
lambamaks,1
puunikerdus,1
maatüdruk,1
kolp,1
seebikultuur,1
vutihuviline,1
päästevest,1
mädajooks,1
kasulaps,1
inimsagin,1
hulgikaubandus,1
numeroloogia,1
suitsetamisharjumus,1
jalgpallifanaatik,1
väljatõmbamine,1
tomatikasvataja,1
kilepaber,1
köögitüdruk,1
kirves,1
living-theatre,1
hobuseliha,1
asendimuutus,1
pliaad,1
küüliku-urg,1
rõõmustamine,1
rambipalavik,1
looduskaitse,1
surelikkus,1
kontorihoone,1
energiavajadus,1
makaron,1
filterpaber,1
erastamisprotsess,1
ekshibitsionist,1
seksrekord,1
hingevalu,1
pornokunn,1
antreprenöör,1
kergsavi,1
massiivsavi,1
kontrolljoon,1
jäikus,1
importijariik,1
võidupreemia,1
pinnalisus,1
jäljendus,1
ahtrikalle,1
õllesaal,1
olümpiamelu,1
dotatsioon,1
avantüür,1
tavaühiskond,1
kambodzhalas,1
bussiuks,1
megamarket,1
vibeveteran,1
emaroll,1
sõjaväepensionär,1
pojapoeg,1
droog,1
värviteler,1
kirjakoht,1
essime,1
lugupidamatus,1
kompensatsioonisumm,1
tarretis,1
koertepüüdmine,1
magala,1
äravoolutoru,1
kujunemislooline,1
keskjaam,1
digitaalkeskjaam,1
kirikuajalugu,1
pisirikkuja,1
kubemelihas,1
huvijuht,1
tippkirurg,1
valutehas,1
kindlustusmaakler,1
vaatajaskond,1
börsikrahh,1
pitsatooja,1
ebard,1
võimleja,1
dilemma,1
memuarist,1
käänulist-väänul,1
tippjurist,1
ajalimiit,1
relvamüük,1
lahkumisskandaal,1
klassitöö,1
haridusteaduskond,1
tugiheli,1
silp,1
prosoodiaala,1
sõnarõhk,1
vältus,1
täisveri,1
rakukest,1
proteolüüs,1
sümbioos,1
diskursus,1
seismajäämine,1
läbielav,1
toimimisviis,1
õiguskeel,1
Lissaboni-kodu,1
intelligiibel,1
kausaalsus,1
seos,1
sealihasült,1
koordinatsioon,1
altkäemaksusüsteem,1
õigusnorm,1
baaskäsitlus,1
kontrollsort,1
võrdlussort,1
kodakondus,1
valiidu,1
geograafia,1
ekskaratemeister,1
maakonnakeskus,1
elektripost,1
uusaasta,1
importija,1
tasa-ja-targu-poliitika,1
teatrikool,1
õppehoone,1
magistrand,1
veoautokoorem,1
mitmetasandilisus,1
vaatajaroll,1
ehtenäitus,1
sündmustik,1
stereotüüp,1
küllusesarv,1
varalahkunu,1
puukooruke,1
sisimus,1
peazootehnik,1
mitteasiaat,1
leegion,1
kirjandusprotsess,1
kvaliteetajakirjandus,1
kooliõu,1
naiskitarristist-improvisaator,1
pikast-pikk,1
ühistuliige,1
ekshipi,1
müra-sound,1
torumees,1
koridorisopp,1
ohvristaatus,1
kriminaalkoodeks,1
vabakaubandus,1
hunta,1
metafüüsika,1
kunstivargus,1
laskemoon,1
Tartu-visiit,1
otsevalimine,1
turureform,1
isoleeritus,1
telefoniomanik,1
tudengirallimeister,1
lavastajast-filminäitleja,1
kunstiinstituut,1
elukiri,1
moeajakirjanik,1
lihalisverel,1
telekommentaator,1
eelarvesumm,1
riigiarst,1
kruntvärv,1
mänguasjadepood,1
hundinahk,1
esindusühing,1
soojusallikas,1
karistusaeg,1
toksilisus,1
aeroobikatrenn,1
tuts,1
lahinguarvestus,1
narodnik,1
nimitegelane,1
diplomitöö,1
maksava,1
kimbatus,1
vähemusvalitsus,1
viisarezhiim,1
õigusjärgsus,1
liikluspolitseinik,1
perekonnainimene,1
trikotiin,1
rokkmuusik,1
konvent,1
dekaadide-tagune,1
Kiiev-klass,1
sundaeg,1
kontinuiteediteooria,1
normatiivsüsteem,1
osatähtsus,1
vedurihange,1
raadiovestlus,1
ktil,1
deiks,1
referent,1
sürjan,1
kellesarn,1
vaimulikuseisus,1
kirikuteenistus,1
metsatööstus,1
linnakodanikuseisus,1
farss,1
laulurida,1
ohustaja,1
maanteetolm,1
julgeolekuvaakum,1
katsetamine,1
haletsus,1
ihusoojus,1
pidusööming,1
fantoom,1
laagriarst,1
jälestus,1
sukasäär,1
trompetimängija,1
õigussubjektsus,1
õpetus,1
mitteotstarbekoht,1
kontinuiteet,1
kõnesolev,1
veekahur,1
kiskja,1
infolevi,1
korraldusstiil,1
eelarvestamine,1
eksamitesõel,1
arvutipartii,1
kultuurifenomen,1
tundra,1
laenuressurss,1
siserekord,1
üksikõndija,1
õilsus,1
kiiktool,1
kitsh,1
meelelahutus-kirjandus,1
inimgrupike,1
hiigelvõlg,1
parter,1
enne-enneminevik,1
enneminevik,1
täisminevik,1
kommunikatsioon,1
antipaatia,1
luupainaja,1
süümevanne,1
tehnikageenius,1
inspiratsioonisäde,1
kunstiõpetaja,1
maffiakahtlus,1
inimveri,1
netopalk,1
allveesport,1
aiandustehnikum,1
majandusgeograaf,1
tolmusaaste,1
loodusmaja,1
salapärasus,1
käeandmine,1
piirilepe,1
algklassiõpetaja,1
surmaviirus,1
psalm,1
meediakanal,1
vormelirool,1
atashee,1
aade,1
edasikaebamine,1
kottpimedus,1
öökaar,1
lobiseja,1
poolvääriskivi,1
krõmpsluu,1
sporditreener,1
laatsarus,1
uksepilu,1
tukatikuld,1
veinipood,1
kaitsetegevus,1
soerd,1
püüdlus,1
linnaaednik,1
pesemine,1
veskimees,1
segarahvus,1
tentsik,1
endisaeg,1
keltsasegu,1
sovett,1
imetlusvoog,1
sepisraud,1
kolmestsaja,1
lakard,1
näidis,1
keskkaitse,1
kahjurõõm,1
eluiha,1
maailmaliteratuur,1
õpipoisipõlv,1
ümbrikutööstur,1
toidupood,1
ujuja,1
laenuprojekt,1
peapiiskop,1
vikaar,1
kornil,1
vanglarahvas,1
mittevolinik,1
kurvastus,1
mürgistus,1
stigma,1
suveuni,1
saarmas,1
naiivik,1
leiliruum,1
teivas,1
maitsetus,1
elukorter,1
koduküngas,1
menisk,1
rivimäärustik,1
punakaskold,1
pärist,1
kitarriterror,1
vare,1
naistrio,1
tööstaazh,1
algperiood,1
tark,1
tulevikueestlane,1
revisjon,1
pankrotitoimkond,1
kiviplaat,1
meeskirjandus,1
sidrunimahl,1
püstiolev,1
robotsohver,1
vahuvein,1
registreerimisnimekiri,1
kaanestaar,1
apaatia,1
sõiduasend,1
segasoo,1
puurtorn,1
sisal,1
ludri,1
sinisilm,1
ehitusärimees,1
lahmimine,1
rüoliid,1
õppekompanii,1
puksiirköis,1
HIV-nakkus,1
vitamiin,1
tähekaart,1
tillusõit,1
kardinapilu,1
mikrokosmos,1
raportöör,1
riigimaa,1
taluliit,1
diversant,1
tollieeskiri,1
paun,1
hoorapoeg,1
taevakivi,1
kadakajuur,1
pesumaja,1
ekspordikoridor,1
jobu,1
europoliitika,1
antiigifanaatik,1
stsenaarili,1
kõrgsulamteras,1
magamiskott,1
jaspis,1
kalliskivi,1
laamavill,1
filmiimportija,1
operatiivstruktuur,1
teravilja-siguri-oasegu,1
kaleviriie,1
mauritar,1
assassiin,1
maur,1
tupp,1
kavalpea,1
ülemeelikus,1
vennatapja,1
nekropol,1
isetegevus,1
maamõis,1
tasand,1
õlavars,1
lipitsemine,1
uimastikaubandus,1
jahmatus,1
elevandivõhk,1
seljakotimõrvar,1
surmaretk,1
tsoonitabel,1
bukleekangas,1
lüreks,1
viskoos-mohäärkangas,1
poisterahvasugu,1
tudengielu,1
seitsmekilomeeter,1
suhkruvatt,1
lemmiknäitleja,1
provintsikool,1
kultuuriauhind,1
mittepsühholoog,1
kuriteoliik,1
auhinnakoht,1
langetamine,1
parlamentarism,1
viieteistkilo,1
majanaaber,1
noorreporter,1
õpilastöö,1
tere,1
veetrass,1
jahusegu,1
hallikaskold,1
skuutrisõidukeeld,1
sinasõber,1
väikesuli,1
sisekäive,1
malmtoru,1
juveelikaupmees,1
pöökpuu,1
magistrikraad,1
narkokaubandus,1
hüppeliigeseoperatsioon,1
tormisurm,1
eostumine,1
rahandusspetsialist,1
piinapõli,1
klorofüll,1
kaljunõlv,1
roomatt,1
ponitäkk,1
loodusime,1
töötuba,1
vakk,1
alkoholijoove,1
kiviplokk,1
pisipartei,1
üleskihutaja,1
finantspealinn,1
tõkkejooksja,1
kaubakäive,1
mudilane,1
erikaebus,1
põllumajandustudeng,1
sherpa,1
meremuda,1
ajakaaslane,1
langemine,1
ehisnahk,1
ilusepis,1
kordumatus,1
päevitus,1
lattraud,1
värviving,1
paberimäärija,1
heinaköide,1
diplomand,1
ülevõim,1
parunisoo,1
sõjaväeõppus,1
suurpära,1
kõrvalklass,1
paerüngas,1
oksahunnik,1
ajahaud,1
portselansavi,1
kevadetüdruk,1
päälm,1
ammusi,1
kesk,1
hääpool,1
pärlinöör,1
eestilaulg,1
poissmepõli,1
aiaprits,1
invasioon,1
ajukahjustus,1
suitsuhais,1
puguja,1
maailmaeeter,1
õisil,1
unikiri,1
eurokips,1
pühadefond,1
paarisekund,1
estraaditäht,1
sarnakaar,1
antiigiviktoriin,1
hõise,1
nikkelraud,1
vabanemine,1
k-kedag,1
kahestsaja,1
maarjamaa,1
sulgumine,1
vaimsus,1
rongikäik,1
ameerikaitaallane,1
öökull,1
voolukatkestus,1
veerandliitrine,1
talupoiss,1
purgike,1
kibe,1
veeaur,1
saame,1
miljonilinn,1
alumiiniumkauss,1
võikast,1
bussikonduktor,1
talutütar,1
pesuriie,1
boss-bass,1
supipada,1
traktor,1
sõjamägi,1
Shoppingu-hullus,1
tegematajätmine,1
funk,1
jazz-rock,1
pärlmutterpuna,1
päevatelk,1
klaverimäng,1
hobuvanker,1
linnavalitsusesine,1
infoisolatsioon,1
taiwanlane,1
teatrikriitik,1
rahavool,1
kaevik,1
hoor,1
kõiv,1
hullus,1
tõlkekohustus,1
ärikuulsus,1
sotsiaaldemokraatia,1
sundusl,1
mõisapõletaja,1
eelinfomull,1
reservleitnant,1
esiosa,1
kärsitus,1
tagasikutsumine,1
müügisurve,1
gnoom,1
hotellidirektor,1
klaasiava,1
kõmpimine,1
toimkond,1
künanärija,1
relvaraud,1
kodanlasekorter,1
huliganštšik,1
kubuülem,1
dopingusüüdistus,1
dekadent,1
õpikutevõlg,1
kolkapatrioot,1
loomatapja,1
kolmetund,1
eneseanalüüs,1
randmelõikus,1
uurijahuvi,1
kalasabariie,1
sügisepori,1
varga-enesetunne,1
albilane,1
sänikael,1
esik,1
sulasepoeg,1
koolmeistripoeg,1
ärkel,1
miilitsavalitsus,1
öötaevas,1
haldjalinn,1
mägimatk,1
maailmatase,1
relvakasutusoskus,1
keeleteadusala,1
autoriõigus,1
hingeharidus,1
järelkäru,1
geenimutant,1
väevõim,1
kaputsiinlane,1
siil,1
polügooninurk,1
pidalitõbi,1
analüüsimeetod,1
energiatarve,1
taskuarvuti,1
kolmikliitlane,1
haiglapalat,1
liiges,1
mittearvutispetsialist,1
armuõpetus,1
piimahabe,1
informaatikaala,1
like,1
ilmaelu,1
nooremveebel,1
kleepimine,1
edukangelane,1
muruplats,1
aukartus,1
süst,1
läbisuruja,1
kalmistu,1
kilobait,1
otsepilt,1
dzhässpianist,1
hõbedaesindus,1
taasliitumine,1
uskuge-või-mitte-kategooria,1
valutsehh,1
patareiraadio,1
süvaõpe,1
kaitsenimekiri,1
võltsmaterjal,1
kroom-koobalt,1
lombitagune,1
ekskaitseminister,1
museoloogia,1
agraarpoliitika,1
päikeselõõsk,1
abonementtasu,1
suursaavutus,1
ratastooliinvaliid,1
lapsevanker,1
vihmasuvi,1
haige,1
laadamelu,1
vahvlitaigen,1
põhjamaalane,1
korvpallimäng,1
sõnalavastus,1
AA-rühm,1
vähesus,1
hoiuseraha,1
ümbrus,1
tippmitmevõistleja,1
jahionn,1
liitriline,1
maailmameistrimatsh,1
valulävi,1
toiduraha,1
fliiskangast-vilt,1
fliiskangas,1
MMvõi,1
kriiskamine,1
hiirevaritsemine,1
pshhhedeelili,1
keskkaallane,1
kotionu,1
mahajääja,1
ühiskonnasanitar,1
perefirma,1
kühmuke,1
hobiturist,1
kinopõlgur,1
õudus,1
shõukülastaja,1
poolkoks,1
nurgakino,1
sünteetika,1
suitsuala,1
maakoht,1
kivikamakas,1
historitsism,1
hongkonglane,1
valmis-olek,1
hoolitsus,1
tootetsükkel,1
põhisüüdlane,1
stagn-aeg,1
seadusandja,1
vedamine,1
süütaja,1
pooleteisestsaja,1
litoplekk,1
liigküll,1
natuuristuudium,1
välipudel,1
tänavateater,1
mõisapreili,1
ujula,1
lehtraud,1
lesbifeminist,1
inglike,1
lillemaal,1
aurupoti,1
unionist,1
laast,1
carmol,1
ideekavand,1
mõrvalugu,1
web,1
til,1
helsingitar,1
katartili,1
filmidelindistaja,1
doonorveri,1
doomino,1
finishikoridor,1
suusaprofessor,1
raamatuhuviline,1
väekontingent,1
lepingupartner,1
hirmuhigi,1
soomuk,1
õlle-pruul,1
tundralind,1
pagasiosakond,1
põhinimekiri,1
andmeside,1
tajuväli,1
aktsent,1
kultuurivaldkond,1
nimestik,1
talitus,1
ülespanemine,1
sovjett,1
marsa,1
saadikutool,1
hetkemugavus,1
piiribürokraatia,1
surmaauto,1
gaullist,1
katapult,1
android,1
maksukohuslane,1
ajatariif,1
konkurendihulk,1
krohvimine,1
liugtee,1
personalitöötaja,1
ratsionalist,1
manihheism,1
kivitäke,1
avastaja,1
vasakäärmuslane,1
mandrimees,1
paistikk,1
juurviljapood,1
saiataigen,1
võrdõiguslikkus,1
vasktraat,1
nurgapealne,1
käärkamber,1
vabakuulaja,1
vahelagi,1
ülevaatustähtaeg,1
realiteet,1
paigaltammumine,1
tänavapilt,1
kunstisõber,1
kroonpress,1
kõrvalmaja,1
Jeesuse-poos,1
visnapuu,1
kuumarabandus,1
tolliala,1
naftasõltuvus,1
plöga,1
sanitaartund,1
triennaal,1
linnaväljak,1
mittemuusik,1
kahhelmosaiik,1
konverentsikeskus,1
tiimitöö,1
loosungikandja,1
tshempionaat,1
lauljakoht,1
pildirida,1
vilka,1
meteoriit,1
valikuprintsiip,1
riisitera,1
karkassmaja,1
ideoloogel,1
inimnägu,1
möga,1
efektiivsus,1
riisk,1
sõnamäng,1
sõjaplaan,1
ahvatlemine,1
lõunasadam,1
laga,1
alpakavill,1
kojusõit,1
argirutt,1
helikunstnik,1
hooldusõigus,1
fotoamatöör,1
kaupleja,1
tegevuslitsents,1
lisatulu,1
teiesarn,1
kiirmaantee,1
joonistusvõistlus,1
narratiiv,1
terastross,1
ühistantsupidu,1
kveeker,1
tolmuimeja,1
proletaarlane,1
rattaomanik,1
ekskurss,1
saematerjal,1
vaimulaad,1
ühtsus,1
tehinili,1
kevadsoe,1
munamägi,1
kulunorm,1
universaalpood,1
rahulolu,1
plikake,1
algidee,1
shamaanikoda,1
lootsindus,1
ühispleenum,1
linnapraht,1
vulkaanipurse,1
müügivõrk,1
figuraalplastika,1
sügissemester,1
pulmavalss,1
tshiillane,1
emotsioon,1
finishiala,1
väänik,1
sehkendaja,1
tviidriie,1
kullajanu,1
lont,1
poiss-sõber,1
rinne,1
kaukatäitur,1
reformikas,1
maatulundusmaa,1
börs,1
südameoperatsioon,1
eluperiood,1
rahvusekoht,1
väärtluule,1
võimenduskast,1
tupsufänn,1
aknaauk,1
portfellinvestor,1
keskerakondaste,1
klassikupaatina,1
fallosekadedus,1
barokkpärand,1
glam-rokkar,1
meeskunstnik,1
kartulipüree,1
signaalrakett,1
folkveteran,1
iseseisvusjoovastus,1
kolmemiljoniline,1
dekonstruktsioon,1
Pärdi-fänn,1
bard,1
autojälitaja,1
VIBE-korraldaja,1
terminoloogia-ala,1
rahvusl,1
rahakriis,1
põllutööline,1
tuuperä,1
meepoti,1
raudkonstruktsioon,1
telefonivõrk,1
kursuslane,1
nihilist,1
eksprerimentaator-bass,1
ind,1
madalsoo,1
katseaaja,1
malolaktili,1
rahvakirjanik,1
psühhodraama-ala,1
individuaalturist,1
külgjoon,1
000-litt,1
personalifirma,1
meediakriitika,1
ülik,1
loomsümbol,1
kosjasobitus,1
murdekeel,1
eelmägi,1
pileti-majandus,1
lühiooper,1
kaubamajakülastaja,1
klatsh,1
laevaomanik,1
kolmekuu,1
liug,1
agraaraadel,1
tehisjärv,1
karistusmäär,1
gümnaasiumiharidus,1
siluett,1
esmakasutamine,1
juuraala,1
intressimäär,1
võltsklants,1
paljand,1
kutsealune,1
nõginäpp,1
lihtaktsia,1
bistroo,1
mafioosnik,1
kroonikukutaja,1
E-kaubamaja,1
funktsionalist,1
alanduskuristik,1
bensiinimuundur,1
alevielu,1
valvemeedik,1
solvumine,1
olelemine,1
julgeolekutöötaja,1
kunstidiskursus,1
seltskondlikkus,1
interpretatsioon,1
tsellofaan,1
baarimees,1
meenepood,1
imetervendaja,1
liiderdaja,1
plasmafüüsik,1
riisitärklis,1
kloostrikivi,1
püsipuit,1
paindlikkus,1
randmeoperatsioon,1
vilu,1
hällilaps,1
rahanälg,1
rahvanali,1
x-arv,1
kõrsumine,1
üleskäigutrepp,1
näitusetegevus,1
peaturniir,1
konsul,1
valuutavahetaja,1
lõuna-osariiklane,1
lavasügavus,1
taaskohandamine,1
kommunaar,1
ettekääne,1
nõete,1
käskkiri,1
põletushaav,1
raharong,1
kohtuskäimine,1
minimisanstseen,1
maisijahu,1
sifoon,1
mardilaat,1
väärisgaas,1
sõjapealik,1
polümeerbituumen,1
APP-bituumen,1
poolboheemlane,1
SBS-bituumen,1
bituumenmaterjal,1
katuseremont,1
bituumenpapi,1
tipptreeneritöö,1
vanemuislane,1
eelpuberteetik,1
sõjaväepatrull,1
werner,1
bilansimaht,1
vabagraafika,1
riigikesksus,1
rammija,1
kastraat,1
kartulisaak,1
turunishsh,1
geisha,1
ralliäss,1
kollaboratsionist,1
koto,1
riisijahu,1
normatiiv,1
kohalolnu,1
manipulatsioon,1
tagaajamine,1
metallitööline,1
tõuk,1
politili,1
sammet,1
kodumäng,1
kapitalism,1
hilisimpressionism,1
saanilaenutusfirma,1
kasiinospetsialist,1
inimtahe,1
maatee,1
võrdus,1
seiklejast-rahvamees,1
rahamaailm,1
granaat,1
üksildus,1
surmaingel,1
äädikas,1
poolrasv,1
arengufond,1
spordihall,1
telklaager,1
pitskangas,1
montaazhiruum,1
ristiema,1
parkimisala,1
korvpallisaal,1
annetaja,1
välispoliitel,1
nenda,1
peripateetik,1
hokiturniir,1
nishsh,1
õhkutõus,1
eksnarvalane,1
sitsiillanna,1
muusikaskolastika,1
valuraha,1
kritiseerimine,1
finantsminister,1
paremäärmus,1
jumalasõna,1
kiivustunne,1
ühisprojekt,1
keskkonna-ala,1
mägikotkas,1
maaparteilane,1
pahandus,1
laevapuusepp,1
kuri,1
jõulurõõm,1
bayernlane,1
kummituslinn,1
individuaalehitaja,1
kevadpäev,1
õigusloome,1
roomlane,1
tshellist,1
allveeobjekt,1
taastusravikeskus,1
desinflatsioonili,1
kehtestaja,1
eesime,1
kõrvalseisja,1
vorstisaba,1
näitlejast-muusik,1
tadzhikk,1
juunioriiga,1
palgamõrv,1
päälinn,1
põhimõiste,1
pakendiaktiis,1
viiulisoolo,1
naismajandusteadus,1
tortsuva,1
spordikool,1
viiekilomeeter,1
teleboss,1
paekivist-betoon,1
jalgpallisõber,1
investeeringutoetus,1
liikmeksolek,1
erakiri,1
kortsriie,1
instrumentaalpala,1
börsipäev,1
notsu,1
lumpen,1
vastusõdimine,1
usuküsimus,1
millenniumiviga,1
salaelu,1
jeen,1
karvkate,1
karvakasv,1
arestant,1
looge,1
kokkukutsumine,1
uudisetooja,1
kassatsioonikohus,1
suurmeister,1
arter,1
kondiitriäri,1
miljonivaras,1
asüülitaotlus,1
loodusravi,1
intrigaan,1
klotsihunnik,1
rahasaam,1
igituttav,1
poliitikaajakirjanik,1
tühermaa,1
looduskaitsetöötaja,1
tuisupea,1
usuharidus,1
kantimisskeem,1
rahakantimine,1
mikrolaineahi,1
lõunalaager,1
turvaklaas,1
majandusteaduskond,1
kompensatsioonitaotlus,1
naftapuurija,1
tallermaa,1
globaalnähtus,1
kandideerimisõigus,1
eelteade,1
keeleõpe,1
pürjel,1
euroküsimärk,1
mikstuur,1
pressiosakond,1
kooliõpilane,1
pealtvaataja,1
lennukitäis,1
küsitav,1
talvemantel,1
marketingiala,1
lastekaitsetöö,1
kontrolljoonetagune,1
lahesõda,1
veredoping,1
edumaa,1
olen-eikeegi-kõigi-hulk,1
näonahk,1
peatumiskoha,1
pint,1
tagi,1
asjaajamine,1
000-ndese,1
laevaohver,1
metallitudeng,1
käkisilm,1
rockikangelane,1
seksuaalsuhe,1
malesuurmeister,1
hobusejuht,1
otstarbekus,1
spordiajakirjanik,1
töökaitsenõukogu,1
nimetus,1
põhipreemia,1
gripiviirus,1
väravajoon,1
lüüs,1
võimutipp,1
väliskonveier,1
arheoloogiaprofessor,1
grupijuht,1
sajandik,1
melatoniin,1
unepiim,1
lennukitehing,1
raudteekassa,1
elektrikitarrist,1
ristikäik,1
pedagoogitöö,1
maailmamees,1
valvatu,1
klimatoloog,1
svennsoni,1
12-kantmeeter,1
linnakool,1
tõekuulutaja,1
kolmevõistlus,1
annelinlane,1
palgapoliitika,1
sotsiaalteaduskond,1
investeerimisfirma,1
side-õppekompanii,1
lisavalk,1
metsajärv,1
lumeinimene,1
tippteadlane,1
majandusstagnatsioon,1
erandklausel,1
nimetahvel,1
hobujõud,1
omanikutulu,1
matusetalitus,1
eruohvitser,1
kroonik,1
saadikurühm,1
lahingulendur,1
sõnalisus,1
üheksatund,1
shashlõkk,1
viieteist-kroon,1
inimkeskkond,1
lihtrahvas,1
pastoritöö,1
psühhoteraapia,1
naaberkelder,1
kindlapalagal,1
komöödiavihkaja,1
pidali-tsükkel,1
kojanarr,1
tööõiguseala,1
eelmüügikassa,1
amatöörsport,1
eneselummus,1
lisatool,1
armatuur,1
operatiivbüroo,1
kristallklaas,1
täiuseihalus,1
hainu,1
sovjetismiaja,1
psühhoterror,1
ajalookäsitlus,1
kohtumõistja,1
ägedus,1
keerutatavaste,1
ekssõjaväelane,1
kolmeööpäev,1
lainemisring,1
põhjamaisus,1
täiskursus,1
trepja,1
kujundiräga,1
alampalgamäär,1
alampiir,1
peiler,1
lossiköök,1
omandisuhe,1
ebakindlushetk,1
ringsõit,1
pagariäri,1
ilmik,1
unelmatemees,1
suhtelisus,1
mõnesentrimeeter,1
linnarahvas,1
salakoosolek,1
iseotsustus,1
ülemvagunisaatja,1
techno,1
asutaja,1
puhastustuli,1
sportlis,1
seaküla,1
fluorograafia,1
punaimpeerium,1
hamstrinahk,1
prefekt,1
oportunist,1
tundetase,1
biitel,1
karatshai,1
helin,1
internetikaubamaja,1
pardijaht,1
tippärimees,1
verejoodik,1
polümeerbetoon,1
naispersonal,1
uunikum,1
vööriluuk,1
vormisolemine,1
lehtsalat,1
ülikalli,1
rusikavõitlus,1
moenarr,1
ajalooõpik,1
eitus,1
lask,1
videoteek,1
abordiühiskond,1
skooritegija,1
kuubalanna,1
teleajakirjanik,1
suvilapiirkond,1
käibemaksuvabastus,1
eraklus,1
taies,1
relvakoodeks,1
tegevusplaan,1
tõrjelahing,1
õpikoda,1
suurmajaelanik,1
zhürii,1
järverannake,1
maksapasteet,1
motett,1
keelpillirühm,1
tööpõlgur,1
eurokohtumine,1
aktsiaportfell,1
kompuutrispetsialist,1
võrgupiirkond,1
eelvõistlus,1
vallitorn,1
C-grupp,1
asuvaste,1
reakodanik,1
kolhoosikeskus,1
piletimüügifirma,1
eurorong,1
särgikaelus,1
päevakeskus,1
ving,1
koletus,1
koondbilanss,1
rahaseis,1
tehnill,1
madrus,1
CD-hunnik,1
dünaamika,1
maismaa,1
folkloorifestival,1
peanahk,1
humanitaarteadlane,1
olümpiaettevalmistustoetus,1
kursusevend,1
dünamo,1
ajapunkt,1
eemalejäämine,1
siseinformatsioon,1
olümpiapalavik,1
kahvanägu,1
sugupuu-uurija,1
muldvana,1
eleviisor,1
N-rühm,1
ridaelamu,1
Interneti-võrk,1
õlikuningas,1
ainuõigus,1
päevamaht,1
valimisvõimalus,1
toornafta,1
monetarist,1
vanadekodu,1
öövaht,1
lillepeenar,1
filoloogiatudeng,1
elulaad,1
üldplaneering,1
loorberijagamine,1
valitsuslepe,1
mustus,1
talupidamine,1
tiraazh,1
reklaamiseadus,1
tüdruksoo,1
piiriküsimus,1
kübarakandja,1
malaaria,1
telesport,1
olümpiavõi,1
tunniplaan,1
postimüügifirma,1
seitsmemagnituud,1
kunstiponnistamine,1
tuhandenägu,1
antimateeria,1
vihk,1
kahepuud,1
paadialune,1
kähmlus,1
matrikkel,1
lähilöök,1
pärnulanna,1
hambapesu,1
töölisnaine,1
mainimine,1
väävlisisaldus,1
omamaalane,1
tänavatüdruk,1
konkreetsus,1
ohtikemate,1
uusasunik,1
rongkäiguluba,1
mängukeeld,1
impordimaht,1
lavaauk,1
sõnastik,1
stampnipp,1
sõnameister,1
lugemik,1
noteering,1
oteu,1
sulametall,1
põlluharimine,1
represseerimine,1
liisingmakse,1
prioriteetsus,1
ASVELi-klass,1
ametiühinguala,1
usundiuurija,1
noteerimiskohustus,1
kullatolm,1
rongiaken,1
pahapoiss,1
uusgaullist,1
iiveldus,1
hilineja,1
tulnu,1
autokauplus,1
vinkel,1
turvatsoon,1
argireaalsus,1
mõtleja,1
nominaal,1
venivillem,1
vahtpolüstürool,1
infoühiskond,1
mesila,1
liitriik,1
seltskonnadaam,1
marsivaimustus,1
kingakarp,1
sideamet,1
liiakasuvõtja,1
rukis,1
sisegrupp,1
mundrimees,1
kaugsõiduautojuht,1
idamaiseste,1
audiovisuaaltoodang,1
alajahtumine,1
liidrigrupp,1
tõlkijanna,1
viitamine,1
teismelise-iga,1
kaubahind,1
kontra,1
kollektiivantenn,1
konnarasv,1
doonor,1
mõnekümnekroon,1
talveaeg,1
ajanihe,1
iharus,1
ilmaala,1
suvemõis,1
tolmurull,1
lehmanahk,1
mohäärlõng,1
kivim,1
välisukrainlanna,1
D-klass,1
eeskoda,1
õhuseireala,1
kaevikusõda,1
45-kaliiber,1
ekspressionist,1
soojendusvõistlus,1
parkal,1
tõste,1
kohver,1
naisevõtt,1
idamaalane,1
trammitee,1
koolipingikoht,1
maandumiskast,1
pealtpanija,1
tagandamishääletus,1
kalasadam,1
arvutitarkvara,1
üldtantsupidu,1
üldlaulupidu,1
tubakasõltuvus,1
Kristina-sarn,1
meditsiiniressurss,1
eneseväljendus,1
eksamikomisjon,1
muuseumimess,1
nikist-näkk,1
poliitohvitser,1
visiir,1
mõõnaperiood,1
laulurästas,1
motopisik,1
lumevaip,1
mineraalkristall,1
eestlaskond,1
maratonedetabel,1
lumekoristustöö,1
emeriitprofessor,1
välisvõlg,1
sünniaasta,1
tuumahäving,1
omvaheli,1
abitaotlus,1
hoiupankur,1
stanniolpaber,1
koolilõpetaja,1
kaaskodanik,1
kaarsild,1
lilleküla,1
seitse,1
endalaug,1
lavaesine,1
enesehävitusmaania,1
jonnimine,1
sioonili,1
maailmanäitus,1
aserbaidzaanlane,1
pesapaik,1
esiorav,1
korgitäis,1
4-magnituud,1
metsaelu,1
chill,1
surf,1
valuvelg,1
tantsuproov,1
noorsugu,1
väävlitolm,1
fm,1
õlleuim,1
jårje,1
tütrukute,1
kelleg,1
korp,1
zeppeli,1
härm,1
m6ne,1
mitteminister,1
eeldus,1
eksriigikontrolör,1
vägitegu,1
metallriist,1
jahipidaja,1
vembumees,1
fosforpronks,1
pärdikuplika,1
arvutustehnika,1
tulemustasu,1
humoorili,1
joller,1
seisukohavõtmine,1
planet,1
spetsiifikalitsioonili,1
plakat,1
kõusaar,1
denonseerimine,1
ekvivalentfond,1
sünnimajand,1
püünis,1
püügitegevus,1
tapaarv,1
perekonnaelu,1
karskusühing,1
mudaärimees,1
lauajalg,1
vokaal-instrumentaalansambel,1
jääk,1
perepoliitika,1
veoautokonteiner,1
nimekast,1
novgorod,1
taga,1
kohanimi,1
mõnitund,1
kostüümiriie,1
seppäla,1
tollipiirkond,1
päritoluettevõte,1
piimatoodang,1
lähetuspiirkond,1
laap,1
diibimate,1
akrüülkiud,1
järelevalvetsoon,1
vastuvõtmiskoha,1
netopositsioon,1
v6istkond,1
uksepiit,1
lew,1
tibla,1
30,1
hommikutelevisioon,1
6hu,1
nõelapadi,1
tolvan,1
põhisõit,1
raikkonen,1
koss,1
idanaaber,1
99,1
norse,1
oigu,1
juhtimiskriis,1
ööklubiomanik,1
osavõi,1
tegutsemislitsents,1
teateujumine,1
kaminatuli,1
struktuuriala,1
kloostrielu,1
jupike,1
relvaärimees,1
arenguala,1
hüvitusmehhanism,1
superametkond,1
riigiabiala,1
täiestjõu,1
tös,1
merebioloog,1
majamüük,1
Interneti-miljardär,1
puruvaesus,1
hõbelusikas,1
sporditoimetaja,1
hernes,1
saalipimedus,1
vabrikudirektor,1
loobumisotsus,1
külmaravi,1
olümpiahõbe,1
arvutiserver,1
ingverimahl,1
egotsentrik,1
punastamine,1
millionite,1
suvakoht,1
kung,1
lugemine,1
mängutaktika,1
suurejoonelisus,1
rminu,1
purgikori,1
plaadipood,1
turvatunne,1
ndra,1
jäähall,1
krokodill,1
öigu,1
hämming,1
võrgend,1
lakkekrans,1
alkoholist,1
europõrgu,1
ostukorv,1
uimasti,1
kanepitarvitamine,1
mljon,1
fikseering,1
agnostik,1
juur,1
nurgavoodi,1
soovõrdsus,1
tuupur,1
koolielu,1
terviklikkus,1
vördsete,1
ebameeldivus,1
raam,1
kahtluseuss,1
filmikunstnik,1
järeleksam,1
tantsukool,1
grupitöö,1
sendmail,1
tudengkonn,1
hoolimine,1
abipakkumine,1
õitseng,1
delff,1
tõbras,1
internetireklaam,1
kakleja,1
märul,1
filmikriitik,1
autobiograafia,1
inimvalu,1
odaviskesektor,1
helirida,1
maksimarket,1
linnajagu,1
iganeljapäev,1
muusikafilm,1
pindnahk,1
veesõber,1
komeet,1
superliiga,1
sissesaamine,1
kinnisvaraarendus,1
viasa,1
kärdla,1
kuullaager,1
klubihämarus,1
põhiseaduskomisjon,1
kodanikkond,1
magnaat,1
tatrapuder,1
teadmine,1
megaherts,1
loosung,1
salasuhe,1
teatrilava,1
speltajahu,1
profitennis,1
keskarhiiv,1
naabrimaja,1
pildifail,1
leek,1
päevikuleht,1
sigma,1
hetkemeeleolu,1
säritus,1
weebiruum,1
36,1
Zonealarm,1
ignolist,1
rep,1
lilleneid,1
crash,1
tõestus,1
maksusumm,1
suhkrupeet,1
vits,1
hüppeliiges,1
agropank,1
hajameelsus,1
pixli,1
cgtalk,1
paint,1
plaatite,1
publistl,1
öpetu,1
švamm,1
mary-chr,1
tavamaastik,1
point,1
siniseküll,1
krempel,1
veiniosakond,1
ebatsuuga,1
kummimaterjal,1
rahvasuu,1
lõualuu,1
põllumajandusteadlane,1
plekikoht,1
moldovlane,1
maailmaavastaja,1
välismaalanna,1
vooluring,1
orukallas,1
vägikaikavedu,1
tudengijoogi,1
pullitegemine,1
kunstsamss,1
igahali,1
parlamenditöö,1
rahn,1
mandrieurooplane,1
eksperimentaalkangas,1
väljakukkumine,1
rannahotell,1
kinnismõte,1
hinnavõitlus,1
kuulsusesära,1
tsunami,1
aknafirma,1
alael,1
tervisesport,1
raadioaparaat,1
lõhkamine,1
lumelobjas,1
tennisefanaatik,1
neliküritus,1
spikker,1
kostiveri,1
veevärk,1
moment,1
maamajandus,1
väikeettevõtlus,1
rehvivahetus,1
Narva-visiit,1
suhkrulahus,1
välisfilee,1
kalastaja,1
vinüülmaterjal,1
iil,1
ületamine,1
reggae,1
katteriie,1
marihuaana,1
nektar,1
üksuslane,1
töörežiim,1
toidutegemine,1
eessõudja,1
džäss,1
veesõda,1
teksamüts,1
lõbupühamu,1
sund,1
majavare,1
ribi,1
rahukorpuslas,1
vabadussõdalane,1
semiootikakonverents,1
lihaliit,1
kõige-kõigemate,1
jätkusõda,1
3-lise,1
ilmatupikk,1
ROKI,1
viinamarjaaed,1
õllefirma,1
manipulaator,1
relvakaupleja,1
rannapeo,1
kutsikas,1
politseireporter,1
kümnepaisal,1
vanalind,1
hambakivi,1
jutuvestmine,1
rahe,1
sillasiluja,1
lõpparve,1
Koidula-tõlge,1
väiketalunik,1
F-viirus,1
anakronism,1
energiaseadus,1
koormaauto,1
päkapikukoalitsioon,1
kuuekilo,1
laserkahur,1
bia,1
ilutulestikuala,1
yldis,1
söeühendus,1
tuletõrjepaak,1
finaaletapp,1
top-postitamine,1
open,1
magasin,1
applet,1
main,1
pisikse,1
pidamismääre,1
spets,1
järelhooldus,1
küljekang,1
0,1
conf,1
Intel,1
unica,1
broadca,1
6-kantvarras,1
spetsteras,1
juhtmeauk,1
puitlaastplaat,1
peno,1
survepesu,1
nadala,1
maasektor,1
flopidraiv,1
poolhaldjatar,1
billinahk,1
microsoft,1
lihatööstus,1
mittetunnustamispoliitika,1
aknate,1
laristamine,1
news-server,1
ainevaldkond,1
hambaomanik,1
NAT,1
funet,1
browser,1
tray,1
149,1
herts,1
rsapoeg,1
töövõimalus,1
mailer,1
küpsetamine,1
92,1
erinevte,1
tavakasutaja,1
võrkpalliklubi,1
pegasus,1
hädaabinumber,1
failitabel,1
US-klaver,1
HTTP,1
klaviatuur,1
laenutus,1
mittesoovimine,1
bitinikerdaja,1
aiavärav,1
reportaaž,1
koolivorm,1
möllumees,1
reielihasevenitus,1
vertikaalasend,1
suhkruglasuur,1
nefriit,1
jaepangandus,1
kolmepäis,1
taandareng,1
loodusetundja,1
kriisiilming,1
elektritegelane,1
spämm,1
ehitus-vestlus,1
lõug,1
eurokohaneja,1
siseturumaht,1
torniehitaja,1
moralist,1
saturnili,1
solkfilm,1
töösuvi,1
poliitikaala,1
valuutakriis,1
taba,1
isikkoosseis,1
humalakibedus,1
rootsieestlanna,1
keskendumine,1
sarvnahk,1
kalandusala,1
vesikond,1
okupatsioonipärand,1
talunikupoeg,1
kaaba,1
armuakt,1
teenindusjaam,1
lausvihm,1
eriorganisatsioon,1
naabermaakond,1
tündersepp,1
veepuhastus,1
jäätmekäitlus,1
veekadu,1
spordifüsioloog,1
lubiaine,1
poodis,1
supra,1
metaalel,1
veesurm,1
tobetate,1
masit,1
lammutus,1
järvekallas,1
mr2,1
elevants,1
yleeelmine,1
duk,1
poära,1
26,1
vabavara,1
rahapesuala,1
tunnelipõleng,1
näru,1
näituseruum,1
otasa,1
saks,1
düsgraafik,1
streetrace,1
hj,1
porsche,1
lindpriilas,1
kirvemate,1
taju,1
2fa,1
humanoidauto,1
nos-balloon,1
litter,1
tassitäis,1
missikroon,1
A-kategooria,1
kitsevõi,1
ökoehitus,1
kompromisspakkumine,1
kleptomaan,1
kärbik,1
eluvaatleja,1
anna,1
väärtkangas,1
olümpiamaraton,1
lihakamakas,1
pühapäevanapsitaja,1
põhjala,1
liiklusvõhik,1
peomaja,1
gigahertz,1
modifitseerimine,1
200ml,1
rallitamine,1
teesklus,1
bernhardiin,1
alpakanahk,1
uputus,1
korvpalliäss,1
koolihirm,1
töötlemine,1
pakendamisviis,1
kuuriomanik,1
vembutaja,1
eesolija,1
kõrgharidusvabrik,1
sygis,1
punktiskoor,1
väerida,1
lavakunst,1
stock,1
vajalikue,1
ringplats,1
turiseis,1
faktite,1
nextnextfinishimees,1
j2rgmise,1
objektiiv,1
naturaalmahl,1
lassikal,1
joonis,1
movie-brat,1
reformlane,1
kurjustamine,1
tegijamate,1
muutumisind,1
kullavõit,1
jõmm,1
osoonikihiala,1
sõstramahl,1
sidustusala,1
evangeelium,1
organza,1
naabriproua,1
altkäemaksujuhtum,1
kuriteojuhtum,1
rytas,1
majandusolümpiaad,1
ühesarn,1
kolikamber,1
titaankeraamika,1
riigimuuseum,1
peatoru,1
kaldtee,1
medalisaaja,1
puuvillniit,1
antiigipood,1
koloniaalpoliitika,1
juhtidee,1
võrkmaterjal,1
teatrikollektiiv,1
vanarahvakomme,1
hääleseade,1
pesemisvõimalus,1
molekulaaronkoloogia,1
mõtteaine,1
poolkuutorn,1
linnuluu,1
muuseumimõte,1
atmosfäärirõhk,1
seostatus,1
autoriõigusala,1
moe-show,1
amortisatsioon,1
kaasettekandja,1
loodusvara,1
oboemängija,1
virtuaalmaailm,1
lõpuklass,1
miinimumkogu,1
insult,1
liigitus,1
andmeedastus,1
infosüsteem,1
tekkeriik,1
sissenõudmisõigus,1
kohandus,1
siseveetransport,1
pardavaruladu,1
sene,1
tolliolukord,1
terrakota,1
suveresidents,1
juurepess,1
sundteenistus,1
päevaaeg,1
pedofiiliasüüdistus,1
termokapp,1
metall-lõng,1
tehisfilamentlõng,1
sünteesfilamentlõng,1
kammvill,1
kraasvill,1
kavandamisjärk,1
sidustütarettevõtja,1
kogupikkus,1
seirevõrk,1
vahtpolüstüreenikiht,1
lõpptoodang,1
kosjasobitaja,1
taimeselektsiooniala,1
trajektoor,1
füüsikaseadus,1
berliin,1
epli,1
scouts-pataljon,1
koolilaulik,1
väiekste,1
mne,1
vägivallatseja,1
draagil,1
11,1
taktikasl,1
l6butsemine,1
omaalafanatt,1
eestikeeleõpetaja,1
indieriie,1
pensioneerimine,1
omakaitse,1
õigusloomeala,1
laveerimislaadne,1
koolibilanss,1
kindavaras,1
kärgvõrk,1
emo,1
terepäev,1
reaal,1
slaavlanna,1
hõõrumine,1
skänner,1
interneti-pank,1
siisminu,1
bändimees,1
suva,1
synn,1
säästukas,1
näolapp,1
j6u,1
garaaz,1
täiskumm,1
lät,1
garaažiõli,1
risoom,1
eksamikeskus,1
münhen,1
bock,1
rämpstoit,1
notar,1
valimisala,1
suutikk,1
parandžaa,1
eskalaator,1
kilulinn,1
siidikäsi,1
ekool,1
tualetifilosoofia,1
paypal,1
virtsapütt,1
skinhead,1
154,1
ftp,1
datamet,1
k6rvalisete,1
v2hese,1
p6hil,1
tantsuansambel,1
laks,1
tootlus,1
v2ikemees,1
n2ril,1
horisontaalste,1
seede,1
task-manager,1
hevimetallist,1
EL,1
koguhulk,1
ventiil,1
kartulitärklis,1
väikie,1
breemen,1
nni,1
okupatsiooniaeg,1
reaalmajandus,1
miinimumnäitaja,1
tõise,1
õiguspoliitika,1
sulgemine,1
kartser,1
eri-õppekasvatusasutus,1
planeering,1
planeeringukavatsus,1
seaduserikkumine,1
sundtäitmine,1
reserveerimine,1
koguheide,1
kvartsplaat,1
soojenduskamber,1
lennukõrgus,1
ümberkruntimine,1
avastamine,1
fäärilane,1
üleneja,1
selgitus,1
ettelugemine,1
jaotussüsteem,1
väljaostmine,1
töörõhk,1
gaasikeskus,1
kaitsevall,1
tegevuskava,1
subsidiaarsusprintsiip,1
telg,1
eelarvedefitsiit,1
kõrtsilaud,1
piimandus,1
veerentsel,1
kuhi,1
ornitoloogia,1
banaan,1
praamiliiklus,1
töödistsipliin,1
kirjamees,1
geeniteadlane,1
harrastuskalastaja,1
rannikumeri,1
kooskõlastus,1
lõhkematerjaliladu,1
numeratsiooniplaan,1
telekommunikatsioonivõrk,1
tolerand,1
võistlusader,1
libaliberaal,1
magasiait,1
karistatus,1
ülikooliaeg,1
pangadirektor,1
erisegu,1
luiskam,1
turustiihia,1
lehmapidamine,1
näitlejatöö,1
väikemaaomanik,1
töölisliikumine,1
maastikuhooldustoetus,1
piimatöötleja,1
toitlustamine,1
uuniklane,1
vallakohus,1
telefonipost,1
personaliülem,1
piimakvoot,1
kirjandusprofessor,1
eksmaavanem,1
päevatõus,1
kaevuriamet,1
press,1
mitteerakondlane,1
koostee,1
krohv,1
katseaed,1
piimatootja,1
uurimus,1
kindlustusjuhtum,1
statsionaar,1
adjuvantravi,1
hapnik,1
maksimumhind,1
teatavakstegemine,1
dinaatriumfenüülfosfaat,1
vedelikukiht,1
kadu,1
ekspordimaks,1
aangepa,1
teostamine,1
eelisjurisdiktsioon,1
kullasoov,1
vähendamiskohustus,1
nakkushaigusjuht,1
igemetasku,1
kahjujuhtum,1
trombootili,1
algkolle,1
radiatsioon,1
põis,1
antropomeetrili,1
kuluaarivestlus,1
kolmekanal,1
regeneratsioon,1
neuroleptili,1
antifibrootili,1
õendusala,1
energiaring,1
kapillaarveri,1
amnestiaala,1
lihtkvoot,1
ametirelv,1
kattevara,1
kodakondsusala,1
koostoime,1
tujukus,1
hajusus,1
arupärimine,1
tööpoliitika,1
alusõ,1
eriosa,1
väljaränne,1
üldhariduskool,1
arstkond,1
tonotoopili,1
kaasomand,1
reaalosa,1
mootorsõidukiaktsiis,1
välislaen,1
põhikapital,1
migratsiooniamet,1
moraaliala,1
liitumiskoha,1
künd,1
paberkiud,1
kõneside,1
päritoluliikmesriik,1
linnuliik,1
kontsentreerumine,1
emaettevõtja,1
normaalväärtus,1
eluahel,1
kolmadate,1
Pyrex-klaas,1
nakatumiskahtlus,1
hulgibaas,1
koputamine,1
tüdrukutebänd,1
sotsiaalkomisjon,1
majanduskomisjon,1
keskkonnakomisjon,1
põhieelarve,1
merealapiir,1
kriisisituatsioon,1
aeglus,1
karistusseadustik,1
erimärgistamine,1
soolestik,1
orjarahvas,1
targutaja,1
nõmedik,1
sulesepp,1
dopinguköök,1
valgustusaeg,1
pett,1
suguharu,1
wannabe-intellektuaal,1
eksalkohoolik,1
marksismist-leninism,1
Suvorovi-austaja,1
ekvatsioon,1
norra,1
klaarimine,1
ressurss,1
interventsiooniala,1
ravimiregister,1
asukohamaa,1
eratervishoiuala,1
süstemaatika,1
loooogikaa,1
alalhoid,1
liikumiskiir,1
rahuvalveõppus,1
võrre,1
mänguhimu,1
seeru,1
antennisarn,1
läbiviija,1
tómmunahal,1
naabrinaine,1
veresus,1
rguse,1
järjelugu,1
empaatia,1
kosmoloogol,1
teadvuseaste,1
veda,1
jungiaan,1
veebipõhis,1
õiend,1
okupatsioonist-laut,1
isamaalate,1
jõulukink,1
haridussfäär,1
maaelufond,1
mitmet,1
instants,1
maaler,1
frame,1
raipesööja,1
murdesõna,1
eraldaja,1
lektor,1
harimisvõimalus,1
kvaliteedikontroll,1
piitspaat,1
81,1
pluginn,1
reisijateliiklus,1
pilapood,1
tööturuamet,1
lammar,1
info-auto,1
piimakari,1
pidurisüsteem,1
toppostitaja,1
talk,1
umbes,1
stockholmlane,1
vallaleht,1
ilmavaade,1
teaduspoliitikaala,1
sõnavahk,1
transpordiettevõte,1
majandusministeerium,1
huvitatus,1
ümarlauanõupidamine,1
data,1
ekraanipilt,1
mäluõgard,1
faktiviga,1
backup,1
150,1
rgu,1
KDE,1
tsirkulatsioon,1
rpm,1
softijada,1
4GB,1
configte,1
luud,1
Al-kärg,1
mikropragu,1
palgaaste,1
parandusettepanek,1
tähistamine,1
sotsiaalkindlustusamet,1
loonuspalk,1
kriisireguleerimisala,1
operatiivsus,1
aktsiisimaksmine,1
grammofoniasjandus,1
kuue-aasta,1
tuxracer,1
LANG,1
php,1
dselect,1
OpenBSD,1
pine,1
respect,1
ajaväänaja,1
hädapätakas,1
pihumine,1
gootifänn,1
scifil,1
comŽ,1
metalikuulaja,1
avi,1
80GB,1
dildo,1
700,1
toorik,1
hash,1
tervisekaitseosakond,1
isikkooseis,1
lehmatoetus,1
teevõrk,1
kaitsepolitseiamet,1
tsiviilkontroll,1
SG-1,1
holograafia,1
3,1
floyd,1
pintsel,1
saarmakarv,1
21-jaan.,1
lüürika,1
üliinimene,1
etv,1
vaguniaken,1
salahomo,1
šhokolaad,1
luuk,1
8vol,1
lauatennisetaevas,1
keskkoolisurrogaat,1
otsesügavkülm,1
tsisternkali,1
suhkrutoos,1
küündimatus,1
absint,1
jungli,1
dnb-kuulaja,1
leibur,1
chr,1
igapäevasus,1
eriväelane,1
altots,1
vennasrahvus,1
css,1
roki-raudmees,1
näopool,1
121,1
mõe,1
lotokiosk,1
veepuhastaja,1
rasvakiht,1
kreatiin,1
plekkpurk,1
ila,1
pohmakas,1
maapiim,1
präa,1
baierlanna,1
adru,1
kondiiter,1
majandijuht,1
põhjus,1
mädarõigas,1
automatkaja,1
GMO-skeptik,1
prügikastimees,1
korjus,1
tervikpindala,1
tripp,1
fotovaene,1
weblog,1
mail,1
1250,1
ravimiala,1
õigluseideaal,1
järsak,1
poolsaar,1
tuulejõujaam,1
foonikiirgus,1
munitsipaalomand,1
tärmin,1
naturalisatsioon,1
sõidusoodustus,1
taimekasvatus,1
keskkonnastrateegia,1
allohvitserkond,1
tõlgendus,1
linavilt,1
küttekolle,1
kapitalinappus,1
suurlinn,1
tüdrukupõlv,1
riidekaupmees,1
märapiim,1
mälusopp,1
kriisiseis,1
koormatus,1
rekvisiitor,1
laevamehhaanik,1
pulbrieksport,1
rahv,1
retseptuur,1
võsastumine,1
mall,1
kõpp,1
loomaarmastaja,1
mõttetöö,1
malesimultaan,1
litsmets,1
metsümiseja,1
eesnäärmevähk,1
purjespordikool,1
pataljoniülem,1
lihakaubandus,1
probleemidepundar,1
0-tariif,1
arhiiviala,1
meetod,1
hobiklass,1
suguvõsalugu,1
grupivend,1
erialaselts,1
tuulepark,1
kollaboratsioon,1
soovija,1
põõsas,1
kantseleidressuur,1
retrofuturist,1
plastaken,1
riiklis,1
koduvald,1
eks-seakasvataja,1
kaitsekontseptsioon,1
operaatorist-lavastaja,1
hetketegelikkus,1
tegevusvaldkond,1
veterinaaria,1
transformatsioon,1
suhel,1
ÄHO-patsient,1
reumatoloogiaala,1
üleminekuiga,1
isokraatili,1
limaskest,1
eel-mRNA,1
vanuserühm,1
minevikudimensioon,1
anatoomiaala,1
protsentiil,1
ühishuvi,1
nahapind,1
tsütoplasmaatili,1
raviasutus,1
baasjoon,1
haldusüksus,1
majandusteadus,1
ravimuda,1
maaelanikkond,1
keeldumisõigus,1
seto,1
näi,1
sibulatootmine,1
mahatulek,1
osakonnajuhataja,1
juhtivkomisjon,1
läbimüük,1
endokrinoloogia,1
serotoniinergili,1
astmapuhk,1
postiala,1
koolitäis,1
piiritus,1
seaduskoht,1
infomüra,1
hukatus,1
hasartmänguala,1
justiitsministeerium,1
ravikindlustusala,1
vasturääkivus,1
ülesõit,1
diplomaatiaala,1
invaliidistumine,1
enamosalus,1
mõttevahetus,1
pensioniala,1
punasärklane,1
tasaarveldus,1
pretensiooniõigus,1
mereinstituut,1
naisteajakiri,1
liidueestlane,1
impregriie,1
kindlustusselts,1
kahemiljoniline,1
suuurg,1
arenguvariant,1
40-ainepunkt,1
kalakapital,1
mobiliseerimine,1
saamlane,1
distsiplinaararest,1
ullatu,1
n2gem,1
piiks,1
riiklusala,1
zelle,1
jääätt,1
güroskoop,1
jõff,1
õõõdak,1
koli,1
ökonomist,1
plikataru,1
maximarket,1
saat,1
haaaaaare,1
öömaja,1
lol,1
õlavigastus,1
viva,1
suaru,1
lahendaja,1
pätisoo,1
twi,1
vihmaveerenn,1
ostaru,1
vannipõhi,1
suvepealinn,1
vall,1
ezime,1
igawus,1
spordipoiss,1
seep2ra,1
sanman,1
ykstei,1
djcrule,1
saunaomanik,1
imekiir,1
pepu,1
musa,1
aur,1
nteise,1
suts,1
türa,1
tim,1
k6ige,1
ika,1
kommodoor,1
talin,1
raadio2,1
emu,1
aomastaru,1
konfliktipiirkond,1
politseikonstaabel,1
k6rgu,1
briketisuits,1
mou,1
jalkamäng,1
tradicioonili,1
kudumine,1
m-soo,1
aastavahetus,1
raudsild,1
1kiht,1
kaalep,1
mlle,1
orajõgi,1
koduhoov,1
sabarakk,1
varn,1
eeeeteeeeeveeeee,1
ööse,1
tsu,1
ssse,1
taenaskoda,1
kütusetransiidiärimees,1
misse,1
zoooofiiil,1
l6u,1
kesk-eest,1
issi,1
mate,1
systlakallenarva,1
sekll,1
under,1
jazzfusion,1
pl2ta,1
mosse,1
r2ffa,1
eliot,1
hansapank,1
miksju,1
narva,1
t6e,1
skript,1
elva,1
roopimine,1
tekk,1
junn,1
kriks,1
käisse,1
tarts,1
boafiil,1
summ,1
t6el,1
nublu,1
anatoomik,1
džässijaam,1
marukenailusatvaraja,1
pronksineid,1
desoto,1
pela,1
ikkak,1
tores,1
sygamine,1
kadri28tlnna,1
bänn,1
sörk,1
väejooks,1
kark,1
asjaee,1
uusrikkur,1
lumehang,1
armutua,1
tühik,1
okkiku,1
kümnekas,1
chauvin,1
dziisane,1
uxe,1
lõ-eest,1
kääbik,1
yldsus,1
rvi,1
kof,1
ui,1
rado,1
ennemui,1
rooc,1
meta,1
pohh,1
solgiämber,1
yxtei,1
sealtsamus,1
cämm,1
6pett,1
kakoi,1
pihkur,1
gruusia,1
paarikraad,1
homik,1
hai,1
joomine,1
kusjuur,1
daggr,1
kiiskuke,1
õps,1
illeg,1
poiss18tartu,1
privabv,1
massina,1
yhetei,1
maarjas,1
terev,1
n2o,1
kuusetaat,1
j6uluvana,1
jälleg,1
lambui,1
koduloom,1
antiikühiskond,1
jummla,1
n-soo,1
sedasamm,1
teils,1
öhta,1
iiris,1
nagu,1
taslbas,1
söimamine,1
jutupool,1
abiprefekt,1
pizike,1
keelpillimängija,1
lobutu,1
kotpyks,1
millestk,1
sidepataljon,1
max,1
regi,1
igasuhu,1
pervar,1
poltei,1
kylgkorv,1
hummul,1
tartaan,1
salajoodik,1
napsinarkoos,1
rahvusfanaatik,1
jaapan,1
ikkeg,1
karneval,1
password,1
parmaad,1
varmastus,1
kanal2,1
päixel,1
fie,1
valdusfirma,1
perepääva,1
omo,1
mõneg,1
valmisvõitlus,1
craad,1
tõng,1
narkoparun,1
hašš,1
ommikus,1
karlova,1
suhelemine,1
treila,1
k6rva,1
jõesuu,1
chat,1
rihosolo,1
õeraa,1
p2tt,1
emanikkuja,1
jaagup,1
badde,1
mp3,1
ktu,1
viimaneju,1
winamp,1
II,1
mmille,1
näegm,1
mafia,1
ikse,1
Moskva-kesksus,1
võsafilosoof,1
hub,1
sinumasin,1
actor001,1
jobi,1
sõjavää,1
veebikaamera,1
karupoeg,1
tuliilu,1
perselakkuja,1
nautija,1
eifel,1
krai,1
roland,1
bättel,1
top,1
omikus,1
6igus,1
eit,1
musi,1
sõõbralist,1
kõrs,1
7,1
liiniajamine,1
esipipar,1
naljanina,1
üldsuund,1
yleyld,1
terrv,1
yhtu,1
gotovno,1
teenistuskohustus,1
lahas,1
kašastan,1
luunja,1
cybersex,1
munn,1
mitteg,1
jui,1
terevitt,1
taskuvargus,1
kiuzupunn,1
pudelisõber,1
citty,1
varb,1
vitt,1
moeshow,1
ntfs,1
mik,1
teeots,1
soime,1
oca,1
hoomik,1
kunda,1
jota,1
emakargaja,1
makstu,1
oisu,1
keige,1
keelekas,1
narkolepsikk,1
prääga,1
pasun,1
tatipanemine,1
dzha,1
õllelihas,1
beff,1
lmab,1
söödanaerise,1
rabi,1
riidenagi,1
ufo,1
kõnepruuk,1
onanist,1
porno,1
keskdepositoorium,1
nniimeja,1
plus,1
p6lva,1
lindikäristaja,1
sutsetaja,1
gaun,1
kla,1
mehepoeg,1
latex,1
omk,1
kuskant,1
sink,1
toepool,1
önnistu,1
eesnahk,1
niase,1
syytys,1
digijeesus,1
lää,1
nase,1
padi,1
jalgumaa,1
kannataja,1
koff,1
seelle,1
magu,1
t6i,1
valgamaakond,1
pipragaas,1
kelliga,1
noortekas,1
nikk,1
shita,1
emakonnija,1
pangaarve,1
aladdiniIMElamp,1
muille,1
polev,1
tie,1
asell,1
jahimaja,1
loogisu,1
runescape,1
suunurk,1
järue,1
winmx,1
astaa,1
cvi,1
vilm,1
orkester,1
sitaleotaja,1
seele,1
kick,1
