sentence_id,sentence,instance_form_long,instance_form,instance_lemma,comp1_id,comp1_form,comp1_feats,comp1_lemma,comp2_id,comp2_form,comp2_feats,comp2_lemma,manual_annotation,comment,gpt1,gemma1
10529383,"Eelmisel aastal käis poeg koos isaga Prantsusmaal ja oli muidugi reisist vaimustuses , selles eas poistel on üldse tähtis koos isaga midagi ette võtta .",ja oli muidugi reisist vaimustuses,reisist vaimustuses,reisist vaimustus,11,reisist,sg el,reis,12,vaimustuses,sg in,vaimustus,other,government,other,other
4486869,Näilise energeetilise iseseisvuse põlevkivist alusmüür on raiskamise tõttu muutunud inflatsioonitõkkeks eurole ülemineku teel .,näilise energeetilise iseseisvuse põlevkivist alusmüür,põlevkivist alusmüür,põlevkivist alusmüür,4,põlevkivist,sg el,põlevkivi,5,alusmüür,sg n,alusmüür,elative_material,,elative_material,elative_material
8652297,Pronksmehest jagu saamiseks pidi linttraktor ta trossiga kõigepealt külili tõmbama .,pronksmehest jagu,pronksmehest jagu,pronksmehest jagu,1,pronksmehest,sg el,pronksmees,2,jagu,sg n,jagu,error,verbal idiom,other,elative_attribute
10421841,Enamik piiblist tuttavaid kohti on Iisraeli kesk- ja põhjaosas .,enamik piiblist tuttavaid kohti,piiblist kohti,piiblist koht,2,piiblist,sg el,piibel,4,kohti,pl p,koht,error,syntax,other,other
7151606,Lükkasin selle naise selili – kuidagi ootamatult jõhkra jõuga vastu seda valusat kivinukist nõlvakut .,seda valusat kivinukist nõlvakut,kivinukist nõlvakut,kivinukist nõlvak,13,kivinukist,sg el,kivinukk,14,nõlvakut,sg p,nõlvak,error,adjective,other,other
12308067,Eesti keele ja kirjanduse liitmine ei võimalda õpilastel enam kirjandust lõpueksamiks valida ega esitada kirjandusalast uurimistööd .,kirjandusalast uurimistööd,kirjandusalast uurimistööd,kirjandusalast uurimistöö,15,kirjandusalast,sg el,kirjandusala,16,uurimistööd,sg p,uurimistöö,error,adjective,other,other
9238651,"Ütleksin vaid , et tegevuskunsti puhul annavad paar tundi ja mõned täpselt aktsentueeritud aktsioonid ajaliselt palju mõjusama tulemuse kui terve päeva või kogu nädala kestvad festivalid paljude eri klassist esinejatega .",paljude eri klassist esinejatega,klassist esinejatega,klassist esineja,29,klassist,sg el,klass,30,esinejatega,pl kom,esineja,other,collective,other,other
11460081,"Eelmise seaduse järgi tuli 5% tegelikult kinni pidada ka siis , kui oli tegemist füüsilisest isikust ettevõtjaga .",", kui oli tegemist füüsilisest isikust ettevõtjaga",isikust ettevõtjaga,isikust ettevõtja,16,isikust,sg el,isik,17,ettevõtjaga,sg kom,ettevõtja,elative_attribute,,elative_attribute,other
961287,Seda väitis neljapäeval parlamendidebatil opositsioonilise Demokraatliku Revolutsiooni ( PRD ) partei liikmest senaator Felix Salgado .,opositsioonilise demokraatliku revolutsiooni ( prd ) partei liikmest senaator felix salgado,liikmest senaator,liikmest senaator,12,liikmest,sg el,liige,13,senaator,sg n,senaator,elative_attribute,,elative_attribute,elative_attribute
12547462,Thessalonikes elav eestlasest õigeusu preester külastas just saatkonda - oli elus ja terve .,eestlasest õigeusu,eestlasest õigeusu,eestlasest õigeusk,3,eestlasest,sg el,eestlane,4,õigeusu,sg g,õigeusk,error,syntax,elative_attribute,elative_attribute
1223949,"Pärast veerandtunnist heitlust teenis Andres Oper penalti , mille löömisel Indrek Zelinski küll eksis , kuid vv Soso Grishikashvilist tagasi põrkunud palli põrutas 17. minutil võrku Raio Piiroja .",pärast veerandtunnist heitlust,veerandtunnist heitlust,veerandtunnist heitlus,2,veerandtunnist,sg el,veerandtund,3,heitlust,sg p,heitlus,error,adjective,other,other
7298644,"Säärane lähenemine saab tuge ka Peirce'i pansemiootilisest vaatest , mis ei eelda tingimata elusolendist interpreteerija osalust märgiprotsessi defineerimise alusena .",elusolendist interpreteerija,elusolendist interpreteerija,elusolendist interpreteerija,14,elusolendist,sg el,elusolend,15,interpreteerija,sg g,interpreteerija,elative_attribute,,other,other
14106944,Juriidilisest isikust liikme lõppemisel liikmesus lõpeb .,juriidilisest isikust liikme,isikust liikme,isikust liige,2,isikust,sg el,isik,3,liikme,sg g,liige,elative_attribute,,elative_attribute,other
10719978,"Seda raamatut ei ilmu , ” raiuvad eluaegsest poksijast poksitreener ja endisest kiirkäijast kirjamees kui ühest suust .",eluaegsest poksijast poksitreener ja endisest kiirkäijast kirjamees kui ühest suust,poksijast poksitreener,poksijast poksitreener,9,poksijast,sg el,poksija,10,poksitreener,sg n,poksitreener,elative_attribute,,elative_attribute,elative_attribute
9698489,"C-alagrupist edasipääsejad kohtuvad playoff-mängude avaringis ( 13. ja 20. jaanuaril ) D-grupi parematega : C esimene mängib D neljandaga , C teine D kolmandaga , C kolmas D teisega ning C neljas D esimesega .",c-alagrupist edasipääsejad,c-alagrupist edasipääsejad,c-alagrupist edasipääseja,1,c-alagrupist,sg el,C-alagrupp,2,edasipääsejad,pl n,edasipääseja,other,ja-ending,other,other
4584183,""" Nägin , et osa mehi väljub majast ülikonnas - küll on kiired poisid !",majast ülikonnas,majast ülikonnas,majast ülikond,8,majast,sg el,maja,9,ülikonnas,sg in,ülikond,error,syntax,other,other
14237721,"c ) 18. juuli ja 28. septembri 1983. aasta kirjavahetus selle kohta , et füüsilisest isikust ettevõtjate suhtes ei kohaldata kokkuleppeid määruse artikli 69 alusel makstava töötushüvitiste tagasimaksmisest loobumise kohta seoses Gibraltariga .",füüsilisest isikust ettevõtjate suhtes,isikust ettevõtjate,isikust ettevõtja,16,isikust,sg el,isik,17,ettevõtjate,pl g,ettevõtja,elative_attribute,,elative_attribute,other
9143004,"Tegemist oli vaid juudivastasusega , ja saksa soost psühhoanalüütikud võisid edasi tegutseda Göringi vennapoja juhtimisel .",saksa soost psühhoanalüütikud,soost psühhoanalüütikud,soost psühhoanalüütik,8,soost,sg el,sugu,9,psühhoanalüütikud,pl n,psühhoanalüütik,other,collective,other,other
5738118,"Just mägedelaagrist tulnuna sai ta korraliku aja liblik- ( 27,88 ) ja selilisprindis ( 30,36 ) , nõrgema aga põhialal kroolis ( 26,60 ) .",just mägedelaagrist tulnuna,mägedelaagrist tulnuna,mägedelaagrist tulnu,2,mägedelaagrist,sg el,mägedelaager,3,tulnuna,sg es,tulnu,other,u-ending,other,other
5535590,"Natsikurjategijaid paljastava ülemaailmse juutide organisatsiooni , Simon Wiesenthali Keskuse Iisraeli osakonna direktor Efraim Zuroff ( 53 ) saabus Tallinna , et peaminister Mart Laarile üle anda Venezuelas elava väliseestlasest miljonäri Harry Männili ( 81 ) toime pandud juutide mõrva tõestavad dokumendid .",venezuelas elava väliseestlasest miljonäri harry männili ( 81 ),väliseestlasest miljonäri,väliseestlasest miljonär,29,väliseestlasest,sg el,väliseestlane,30,miljonäri,sg g,miljonär,elative_attribute,,elative_attribute,elative_attribute
719701,"Osaliselt tunnistas ennast inimsmugeldamises süüdi Al-Shammari kaaskohtualune tuneeslasest Rootsi kodanik Abdelaziz Ben Ajmi Glaied ( 29 ) , kelle sõnul sattus ta inimsmugeldamisse juhuslikult oma eestlasest sõbra kinnisvaramaakler Jaanus Rannu ( 31 ) kaudu .",oma eestlasest sõbra,eestlasest sõbra,eestlasest sõber,26,eestlasest,sg el,eestlane,27,sõbra,sg g,sõber,elative_attribute,,elative_attribute,elative_attribute
12822583,"Hõrgutisest tavaeineks Kui mitu aastat oli Ami-Ja Tallinna ainuke sushisöömise paik , siis tasahilju on see maitsev ja tervislik roog üha populaarsemaks muutunud .",hõrgutisest tavaeineks,hõrgutisest tavaeineks,hõrgutisest tavaeine,1,hõrgutisest,sg el,hõrgutis,2,tavaeineks,sg tr,tavaeine,other,MILLEST MILLEKS,other,other
2909170,"Kohta , kus on kirjutatud ühest ravitsejast prohvetist , kelle vanemad pidid surema , on kirjutatud "" Giuseppe "" .","ühest ravitsejast prohvetist , kelle vanemad pidid surema ,",ravitsejast prohvetist,ravitsejast prohvet,7,ravitsejast,sg el,ravitseja,8,prohvetist,sg el,prohvet,elative_attribute,,elative_attribute,elative_attribute
1505306,"Prantsuse veokijuhid jätkasid neljapäeval kütusehoidlate blokeerimist , rohelised esitasid sotsialistist peaministrile Lionel Jospinile ultimaatumi .",sotsialistist peaministrile lionel jospinile,sotsialistist peaministrile,sotsialistist peaminister,10,sotsialistist,sg el,sotsialist,11,peaministrile,sg all,peaminister,elative_attribute,,elative_attribute,elative_attribute
6285478,"Sinimäe räägib elavalt , kuidas soojad ilmad sadakonna püsielaniku elu suveajal ööst päevaks muudavad , kui elu käima läheb .",ööst päevaks,ööst päevaks,ööst päev,12,ööst,sg el,öö,13,päevaks,sg tr,päev,error,syntax,other,other
7772106,Tema käe läbi saab võsaga kaetud lohust järv .,võsaga kaetud lohust järv,lohust järv,lohust järv,7,lohust,sg el,lohk,8,järv,sg n,järv,elative_material,?,other,elative_attribute
13511304,Politsei tabas ja trahvis üleeile Tallinnas ja linna lähiümbruses läbiviidud politseireidi käigus 45 seaduserikkujast veoautojuhti .,45 seaduserikkujast veoautojuhti,seaduserikkujast veoautojuhti,seaduserikkujast veoautojuht,14,seaduserikkujast,sg el,seaduserikkuja,15,veoautojuhti,sg p,veoautojuht,elative_attribute,,elative_attribute,elative_attribute
2532360,"Vabariiklasest senaatori Richard Lugari andmetel on mitteametlik vastuvõetavate nimekiri laienenud seitsmeliikmeliseks ning NATO-sse saamist on loota Eestil , Lätil , Leedul , Slovakkial , Sloveenial , Bulgaarial ja Rumeenial .",vabariiklasest senaatori richard lugari,vabariiklasest senaatori,vabariiklasest senaator,1,vabariiklasest,sg el,vabariiklane,2,senaatori,sg g,senaator,elative_attribute,,elative_attribute,elative_attribute
13608454,"Üks ameeriklasest Vietnami sõja veteran on kohal oma lendavate helikopterimudelitega , mis raadio teel juhituna õhus imevigureid teevad .",ameeriklasest vietnami sõja,ameeriklasest sõja,ameeriklasest sõda,2,ameeriklasest,sg el,ameeriklane,4,sõja,sg g,sõda,error,syntax,elative_attribute,elative_attribute
13419033,"Great Western Forumis oli peategelaseks küll Lakersi täht Shaquille ONeal , kuid nimele märgitud 39 punktist ja 15 lauapallist kodumeeskonna võiduks ei piisanud .",15 lauapallist kodumeeskonna võiduks,lauapallist võiduks,lauapallist võidu,19,lauapallist,sg el,lauapall,21,võiduks,sg tr,võidu,error,syntax,other,other
1414663,"Muide , kolm päeva enne Wise'i tegi sama tembu brasiillasest väravavaht Claudio Taffarel , kes UEFA karikavõitja medalit vastu võttes lasi autasu kaela panna hoopis tema kukil istunud pojale .","brasiillasest väravavaht claudio taffarel , kes uefa karikavõitja medalit vastu võttes lasi autasu kaela panna hoopis tema kukil istunud pojale",brasiillasest väravavaht,brasiillasest väravavaht,10,brasiillasest,sg el,brasiillane,11,väravavaht,sg n,väravavaht,elative_attribute,,elative_attribute,elative_attribute
566771,"Eelistada tuleks kestvat ja suuremat hulka lihaseid hõlmavat tegevust - kõndimist , matkamist , jooksu , jalgrattasõitu , suusatamist , tantsimist , sõudmist , trepist tõusu , ujumist , uisutamist ( ka rulluiskudel ) ja vastupidavust arendavaid sportmänge .",", trepist tõusu",trepist tõusu,trepist tõus,25,trepist,sg el,trepp,26,tõusu,sg p,tõus,other,movement,other,other
11686374,Koolist kooli,koolist kooli,koolist kooli,koolist kool,1,koolist,sg el,kool,2,kooli,sg g,kool,other,KUST KUHU,other,other
8885592,Inglise keelest Maia Planhof .,inglise keelest maia planhof .,keelest maia,keelest Maia,2,keelest,sg el,keel,3,maia,sg n,Maia,other,ellips,other,other
12924005,"Respublikaanist Tallinna linnapea Tõnis Palts tahab lammutada Lauluväljaku lähedal asuva 16korruselise maja Pirita teel , kirjutab Eesti Ekspress .",respublikaanist tallinna linnapea tõnis palts,respublikaanist linnapea,respublikaanist linnapea,1,respublikaanist,sg el,respublikaan,3,linnapea,sg n,linnapea,elative_attribute,,elative_attribute,elative_attribute
15769728,"Sellised on tervishoiupersonali keskregister , tuberkuloosi esmasjuhtude register ja sugulisel teel levivate haiguste esmasjuhtude register , samuti esimesed haiglast lahkunute aruandesüsteemid , mis hõlmasid tuberkuloosisanatooriume ( alates 1956 ) , psühhiaatriahaiglaid ( alates 1957 ) ja üldhaiglaid ( alates 1960 ) .",haiglast lahkunute,haiglast lahkunute,haiglast lahkunu,19,haiglast,sg el,haigla,20,lahkunute,pl g,lahkunu,other,u-ending,other,other
12642494,Teine oli eraldistardist sõidu maailmameister Leontien van Moorsel ( Holland ) ja kolmas sakslanna Hanka Kupfernagel .,eraldistardist sõidu,eraldistardist sõidu,eraldistardist sõit,3,eraldistardist,sg el,eraldistart,4,sõidu,sg g,sõit,other,KUST MIS,other,other
13092612,"Anne-Liisi tsooniterapeudist sõbranna Hele Jaagu tunnistab , et on Anne-Liisiga pärast tema lahkumist kontaktis olnud .",anne-liisi tsooniterapeudist sõbranna hele jaagu,tsooniterapeudist sõbranna,tsooniterapeudist sõbranna,2,tsooniterapeudist,sg el,tsooniterapeut,3,sõbranna,sg g,sõbranna,elative_attribute,,elative_attribute,elative_attribute
2510007,"Linnavalitsuse otsusega kinnitati kolmapäeval keskerakondlasest abilinnapea Jaan Moksi nõunikuks Pille Arjakas , kes on Kekserakonna peasekretäri Küllo Arjakase abikasa",keskerakondlasest abilinnapea jaan moksi,keskerakondlasest abilinnapea,keskerakondlasest abilinnapea,5,keskerakondlasest,sg el,keskerakondlane,6,abilinnapea,sg n,abilinnapea,elative_attribute,,elative_attribute,elative_attribute
10082425,Nende sinisest vildist otstele on kirjutatud vaid number .,nende sinisest vildist otstele,vildist otstele,vildist ots,3,vildist,sg el,vilt,4,otstele,pl all,ots,elative_material,,elative_material,elative_material
7270976,"Müra on üks asi , prügi teine ja kolmas see , kui aiast lipid kaovad nii , et pere suur koer sealt vabalt läbi mahuks .",aiast lipid,aiast lipid,aiast lipp,13,aiast,sg el,aed,14,lipid,pl n,lipp,error,syntax,other,other
2341890,"Statistika kohaselt on tüüpiline vanalinnas tegutsev kurjategija vene keelt kõnelev , just vanglast vabanenud narkosõltlasest mees .",", just vanglast vabanenud narkosõltlasest mees",narkosõltlasest mees,narkosõltlasest mees,15,narkosõltlasest,sg el,narkosõltlane,16,mees,sg n,mees,elative_attribute,,other,elative_attribute
587209,alkoholiaktsiisist eraldise tegemine Kultuurkapitalile ?,alkoholiaktsiisist eraldise,alkoholiaktsiisist eraldise,alkoholiaktsiisist eraldis,1,alkoholiaktsiisist,sg el,alkoholiaktsiis,2,eraldise,sg g,eraldis,error,syntax,other,other
10779907,"Tartlane ei suuda veel matil endise hooga tegutseda , kuna elas aasta tagasi läbi tõsise autoavarii ( traumeeritud jalast eemaldatakse metallist tugevdused aastavahetusel ) .",metallist tugevdused aastavahetusel,metallist tugevdused,metallist tugevdus,21,metallist,sg el,metall,22,tugevdused,pl n,tugevdus,elative_material,,elative_material,elative_material
16052482,Pakkumismenetluse tingimused peavad tagama kõigi asjaosaliste võrdse võimaluse menetluses osaleda ja võrdse kohtlemise sõltumata nende asukohast ühenduses .,ja nende asukohast ühenduses,asukohast ühenduses,asukohast ühendus,16,asukohast,sg el,asukoht,17,ühenduses,sg in,ühendus,other,government,other,other
14581885,"Võibolla tõesti - arvatavasti Venemaa poliitilisest juhtkonnast osa laseks selle Teteenia vabaks - aga kardetakse - siis tuleb edasi sõjad Dagestanis , mujal Kaukaasias jne - võibolla Venemaa juhtkond teab - Venemaal enamus rahvast ja juhtkonnast ( eriti sõjaväelased ) ei taha kuuldagi derava lagunemisest - T. iseseisvusega leppimise puhul võib tekkida Venemaal sõjaline riigipööre , mida rahvas toetab .",venemaa poliitilisest juhtkonnast osa,juhtkonnast osa,juhtkonnast osa,7,juhtkonnast,sg el,juhtkond,8,osa,sg n,osa,other,government,elative_attribute,other
10092813,"Kuid minu meelest on alati koomiline , kuidas see välja paistab , kui mõni mu “ pilpast ” naistuttav kasvatab endale järsku mingi vaadi ette .",mõni mu “ pilpast ” naistuttav,pilpast naistuttav,pilpast naistuttav,17,pilpast,sg el,pilbas,19,naistuttav,sg n,naistuttav,elative_attribute,,other,other
8180994,"Kaks aastat tagasi ehitasid tundmatud , ent andekad ja sümpaatsed noormehed Chad Hugo ja Pharell Williams ( the Neptunes ) digitaalsetest klotsidest ja toorest naishäälest kolossi nimega “ Kaleidoscope ” .",ja toorest naishäälest kolossi nimega “ kaleidoscope ”,naishäälest kolossi,naishäälest koloss,25,naishäälest,sg el,naishääl,26,kolossi,sg g,koloss,error,syntax,other,elative_attribute
8508110,"Keegi pakkus , et juhul kui tal ei õnnestunud mägede kaudu plehku panna , istub ta kusagil varjendis või siis ühes paarist terveks jäetud hoonest linna keskuses .",või siis ühes paarist terveks jäetud hoonest linna keskuses,hoonest keskuses,hoonest keskus,25,hoonest,sg el,hoone,27,keskuses,sg in,keskus,error,syntax,other,other
9979566,"Sama kurb olukord valitses Tallinna Väärtpaberibörsil , mida Eesti suurima pangaga seob tolle tütarfirma Crebit hooldatav arvutivõrgust nabanöör .",tolle tütarfirma crebit hooldatav arvutivõrgust nabanöör,arvutivõrgust nabanöör,arvutivõrgust nabanöör,17,arvutivõrgust,sg el,arvutivõrk,18,nabanöör,sg n,nabanöör,elative_material,,other,other
2168970,"Suulisest meediast ja raadiost kirjutab raamatus Silvia Karro , televisioonist Kiili kooli meedia ja suhtlemise õpetaja Eino Tandre ning meediaõpetusest koolides Paide gümnaasiumi eesti keele , kirjanduse ja meedia õpetaja Ülle Rohtma .",", televisioonist kiili kooli meedia ja suhtlemise õpetaja eino tandre ning meediaõpetusest koolides paide gümnaasiumi eesti keele , kirjanduse ja meedia õpetaja ülle rohtma",televisioonist õpetaja,televisioonist õpetaja,10,televisioonist,sg el,televisioon,16,õpetaja,sg n,õpetaja,other,ellips,other,other
15404547,"Püha Vaim ) ii ) soomekeeles on DAVAJYE ZHITJ DRUZHNO- maailmapilt armsa muumimammast President Tarja halosega eesotsas - loomulik on kõik see mis on HENKI ( ihmishenki , Pyhä Henki jne. ) ja ebaloomulik on , kui see HENKI on miskistpärast HALB või HALVAL TEEL ( paha henki 'kuri vaim' ) ( iii ) venekeeles on DUSHA ( =inimene ) ja DUH ( =mitte-inimene ) vastandus ja sellest tulenev slaaviortodoksia ( iv ) inglise keeles toimus ( Yukoni eestlasest preestri Aini sõnutsi  viiekümne aasta eest üleminek EESTIKEELE-loogika Püha vaimu THE HOLY GHOSTilt SOOMEKEELE-loogika Pyhä Henki THE HOLY SPIRITILE . ...",( yukoni eestlasest preestri aini sõnutsi .,eestlasest preestri,eestlasest preester,84,eestlasest,sg el,eestlane,85,preestri,sg g,preester,elative_attribute,,elative_attribute,elative_attribute
12409914,Rongis olnud umbes 300 reisijast enamikku tabas katastroof une pealt .,umbes 300 reisijast enamikku,reisijast enamikku,reisijast enamik,5,reisijast,sg el,reisija,6,enamikku,sg p,enamik,other,government,elative_attribute,elative_attribute
8198399,Juhani Seilenthali Nordea panga juhatuse esimehe kohalt välja vahetanud soomlase Christer Rosenströmi ülesanne on muuhulgas Nordeale uus eestlasest juht leida panga praeguse juhtkonna hulgast .,juhani seilenthali nordea panga juhatuse esimehe kohalt välja vahetanud soomlase christer rosenströmi ülesanne on muuhulgas nordeale uus eestlasest juht leida panga praeguse juhtkonna hulgast .,eestlasest juht,eestlasest juht,18,eestlasest,sg el,eestlane,19,juht,sg n,juht,elative_attribute,,elative_attribute,elative_attribute
6006769,""" Ma usun , et sellest saab rahu valitsusaeg kõigile religioonidele , "" ütles filipiinlasest arst Lorenzo Gallegos Manila kirikus peetus missal .",filipiinlasest arst lorenzo gallegos,filipiinlasest arst,filipiinlasest arst,15,filipiinlasest,sg el,filipiinlane,16,arst,sg n,arst,elative_attribute,,elative_attribute,elative_attribute
10959644,"Mängur tahab sõjale lõpu teha tõestamaks , et ta on kõvem mees kui tema kuueaastane pärismaalasest turvamees .",kui tema kuueaastane pärismaalasest turvamees,pärismaalasest turvamees,pärismaalasest turvamees,16,pärismaalasest,sg el,pärismaalane,17,turvamees,sg n,turvamees,elative_attribute,,elative_attribute,elative_attribute
11853168,Eile Tallinna jõudnud ameeriklasest tsenter Seth Sundberg on ühe Kalevi korvpalluriga juba varem koos mänginud - eelmise hooaja esimese poole veetis ta Vene klubis Permi Ural Great koos venelasest ääre Andrei Laletiniga .,eile tallinna jõudnud ameeriklasest tsenter seth sundberg,ameeriklasest tsenter,ameeriklasest tsenter,4,ameeriklasest,sg el,ameeriklane,5,tsenter,sg n,tsenter,elative_attribute,,elative_attribute,elative_attribute
9675024,Sellepärast moodustab osa kirjavahetusest väljalõiked meil ilmuvast ajakirjandusest .,kirjavahetusest väljalõiked,kirjavahetusest väljalõiked,kirjavahetusest väljalõige,4,kirjavahetusest,sg el,kirjavahetus,5,väljalõiked,pl n,väljalõige,error,syntax,other,other
3832518,Keskerakondlasest abilinnapea Kalev Kallo sõnul kaaluti Keskerakonna laiendatud juhatuse ja fraktsiooni istungil põhjalikult umbes kümne inimese kandidatuuri .,keskerakondlasest abilinnapea kalev kallo,keskerakondlasest abilinnapea,keskerakondlasest abilinnapea,1,keskerakondlasest,sg el,keskerakondlane,2,abilinnapea,sg n,abilinnapea,elative_attribute,,elative_attribute,elative_attribute
13871255,"Madalal kasepuust laual on selge , lihtne vorm ; selle keskosa ehib reljeefne puidupind .","madalal kasepuust laual on selge , lihtne vorm ; selle keskosa ehib reljeefne puidupind .",kasepuust laual,kasepuust laud,2,kasepuust,sg el,kasepuu,3,laual,sg ad,laud,elative_material,,elative_material,elative_material
12138348,« California poliitikas on kõrgel positsioonil olnud kolm vabariiklasest filmitähte .,kolm vabariiklasest filmitähte,vabariiklasest filmitähte,vabariiklasest filmitäht,9,vabariiklasest,sg el,vabariiklane,10,filmitähte,sg p,filmitäht,elative_attribute,,elative_attribute,elative_attribute
15634398,"Juan Perron oli Argentina diktaatorist valitseja , kes tõi riiki juhtima ka abikaasa Evita .","juan perron oli argentina diktaatorist valitseja , kes tõi riiki juhtima ka abikaasa evita .",diktaatorist valitseja,diktaatorist valitseja,5,diktaatorist,sg el,diktaator,6,valitseja,sg n,valitseja,elative_attribute,,elative_attribute,elative_attribute
9502876,“ Postimees ” on kirjutanud ka neljast viimasest õnnetusest raudteel .,neljast viimasest õnnetusest raudteel,õnnetusest raudteel,õnnetusest raudtee,9,õnnetusest,sg el,õnnetus,10,raudteel,sg ad,raudtee,other,MIS KUS,other,other
2343564,"Konservatiivne Bush peab oma Saksamaavisiidil lisaks protestijate vihale muretsema ka Saksamaa sotsialistist kantsleri Gerhard Schöroderi kriitika pärast , sest ka Schöderil on palju öelda USA poliitika vastu .",saksamaa sotsialistist kantsleri gerhard schöroderi,sotsialistist kantsleri,sotsialistist kantsler,12,sotsialistist,sg el,sotsialist,13,kantsleri,sg g,kantsler,elative_attribute,,elative_attribute,elative_attribute
4914424,"Alkohoolikust ema ja isa võivad olla väga head lapsevanemad , on "" Lapsele oma kodu "" sotsiaaltöötajad veendunud .",alkohoolikust ema ja isa,alkohoolikust ema,alkohoolikust ema,1,alkohoolikust,sg el,alkohoolik,2,ema,sg n,ema,elative_attribute,,other,elative_attribute
15549575,"« Pärast pühapäevast õnnetust tundus olevat kindlam maanduda , » ütles kompanii esindaja .",pärast pühapäevast õnnetust,pühapäevast õnnetust,pühapäevast õnnetus,3,pühapäevast,sg el,pühapäev,4,õnnetust,sg p,õnnetus,other,adjective,other,other
7719136,"Eestisse on jõudnud ka uued looduses liikumise vormid - maal ja veel liikumiseks kasutatakse järjest rohkem mootorsaane , skuutreid , klaasplastist süstasid , maastikurattaid jm. kaasaegseid vahendeid ning see toob paratamatult kaasa uusi probleeme .",", klaasplastist süstasid",klaasplastist süstasid,klaasplastist süst,21,klaasplastist,sg el,klaasplast,22,süstasid,pl p,süst,elative_material,,elative_material,elative_material
13617906,Margus Sirts ei soostunud avaldama Lääne politseiprefektuurist lahkunute nimesid .,lääne politseiprefektuurist lahkunute,politseiprefektuurist lahkunute,politseiprefektuurist lahkunu,7,politseiprefektuurist,sg el,politseiprefektuur,8,lahkunute,pl g,lahkunu,other,u-ending,other,other
8704691,"Haarasin tikutoosi ning libistasin tikuga mööda tikutoosi serva , mis oli kaetud abrasiivainega , nii et kui tikku vastu seda hõõruda , tekib soojus , mis süütab tiku peas oleva väävli ja veel paari keemilisse koostisesse kuuluva aine segu , ning mis omakorda süütab tiku puidust osa .",tiku puidust osa,puidust osa,puidust osa,46,puidust,sg el,puit,47,osa,sg n,osa,elative_material,,elative_material,elative_material
681048,Austria konsultandid soovitavad Tartu Ülikooli kliinikumil loobuda enamikust praegustest hoonetest ja ehitada nende asemele kahe miljardi krooni eest Euroopa moodsaim haigla .,enamikust praegustest hoonetest,enamikust hoonetest,enamikust hoone,8,enamikust,sg el,enamik,10,hoonetest,pl el,hoone,other,government,other,other
968201,"Genotsiidis süüdistatud Läti kodanikust endine KGB ohvitser Vassili Kirsanov suri pühapäeval südamepuudulikkusse , teatas Läti peaprokuratuuri pressisekretär Dzintra šubrovska .",genotsiidis süüdistatud läti kodanikust endine kgb ohvitser vassili kirsanov,kodanikust ohvitser,kodanikust ohvitser,4,kodanikust,sg el,kodanik,7,ohvitser,sg n,ohvitser,elative_attribute,,elative_attribute,elative_attribute
13541008,"Nii-öelda konfiskeerimisele kuulusid söögid , joogid , suitsud , tulemasinad , kirjutusvahendid , lõhnaõlid , deodorandid juukselakid jms . , noad olenemata sellest , kas tegemist oli päris noaga või suveniirist võtmehoidjaga .",või suveniirist võtmehoidjaga,suveniirist võtmehoidjaga,suveniirist võtmehoidja,31,suveniirist,sg el,suveniir,32,võtmehoidjaga,sg kom,võtmehoidja,elative_attribute,huvitav erand,other,other
2283818,"Pärnu volikogu reformierakondlasest esimees Väino Linde ütles , et Keldri 10. juulil erakonna juhatusele saadetud kirjalik lahkumissoov tuli talle ebameeldiva üllatusena , kuigi Kelder oli varemgi rääkinud oma otsusest sügisel kohalike omavalitsuste valimistel mitte kandideerida .",pärnu volikogu reformierakondlasest esimees väino linde,reformierakondlasest esimees,reformierakondlasest esimees,3,reformierakondlasest,sg el,reformierakondlane,4,esimees,sg n,esimees,elative_attribute,,elative_attribute,elative_attribute
4082657,"Kui mõni nimekirjast väljajäänu jõuab hea tulemuseni , ootab teda kohe tunnustus . """,mõni nimekirjast väljajäänu,nimekirjast väljajäänu,nimekirjast väljajäänu,3,nimekirjast,sg el,nimekiri,4,väljajäänu,sg n,väljajäänu,other,u-ending,other,other
14615276,"Tartu Ülikooli prorektor Toivo Maimets on seisukohal , et riigieelarvest ülikoolide ühiselamute remondiks raha leidmine või mitteleidmine on regionaalpoliitiline küsimus .",riigieelarvest ülikoolide ühiselamute remondiks,riigieelarvest remondiks,riigieelarvest remont,10,riigieelarvest,sg el,riigieelarve,13,remondiks,sg tr,remont,error,syntax,other,other
6510697,Egiptlasest endine terrorist Arafat suri mullu 11. novembril Pariisi haiglas 75aastasena .,egiptlasest endine terrorist arafat,egiptlasest terrorist,egiptlasest terror,1,egiptlasest,sg el,egiptlane,3,terrorist,sg el,terror,elative_attribute,,elative_attribute,elative_attribute
14566782,"Pole väliselt palju teil ühist , teda pidada malbeks ei või , ent ta vürstlikult ülevast rühist hing mul terveni mässama lõi .",vürstlikult ülevast rühist hing,rühist hing,rühist hing,17,rühist,sg el,rüht,18,hing,sg n,hing,error,syntax,other,other
4862005,"Teine üllatus oli see , et Missis Worldi 35 võistlejast enamik oli Ameerikast .",missis worldi 35 võistlejast enamik,võistlejast enamik,võistlejast enamik,10,võistlejast,sg el,võistleja,11,enamik,sg n,enamik,other,government,elative_attribute,elative_attribute
14480939,Autospordi vastu äratas türklanna huvi tema motospordifännist kasuisa .,tema motospordifännist kasuisa,motospordifännist kasuisa,motospordifännist kasuisa,7,motospordifännist,sg el,motospordifänn,8,kasuisa,sg n,kasuisa,elative_attribute,,elative_attribute,elative_attribute
3396493,""" Esmalt on avatud autokapott , välja tõmmatud akujuhtmed , täielikult on lõhutud või lõigatud juhipoolse ukse lukk , purustatud aknaklaas ning varastatud autost esemed , "" kirjeldab Kõiv varaste tegutsemist .",ning varastatud autost esemed,autost esemed,autost ese,24,autost,sg el,auto,25,esemed,pl n,ese,error,syntax,other,other
8302507,TAVAPäRASELT ON JAGUARITEL väärispuiduga kaetud armatuurlaua alumine pool ning samast materjalist ehisdetailid ilutsevad ka kõigil ustel .,samast materjalist ehisdetailid,materjalist ehisdetailid,materjalist ehisdetail,11,materjalist,sg el,materjal,12,ehisdetailid,pl n,ehisdetail,elative_material,,elative_material,elative_material
12943002,"Parts peab aga tolle õnnetu kõne eest võtma löögi enda peale , kuigi õnnetuse tõid talle kaela kaitseministeeriumi ametnikud ja argpüksist kaitseminister Jaak Jõerüüt .",ja argpüksist kaitseminister jaak jõerüüt,argpüksist kaitseminister,argpüksist kaitseminister,21,argpüksist,sg el,argpüks,22,kaitseminister,sg n,kaitseminister,elative_attribute,,other,other
8157180,Europarlamendi keskerakondlasest vaatleja Peeter Kreitzberg oli välislähetustes 35 päeva .,europarlamendi keskerakondlasest vaatleja peeter kreitzberg,keskerakondlasest vaatleja,keskerakondlasest vaatleja,2,keskerakondlasest,sg el,keskerakondlane,3,vaatleja,sg n,vaatleja,elative_attribute,,elative_attribute,elative_attribute
1674138,""" See on esimene sellesarnane maopüünis maailmas , "" ütles 12-liikmelise ekspertrühma rootslasest juht Jan Sundberg .",12-liikmelise ekspertrühma rootslasest juht jan sundberg,rootslasest juht,rootslasest juht,13,rootslasest,sg el,rootslane,14,juht,sg n,juht,elative_attribute,,elative_attribute,elative_attribute
3172239,Vähemalt üks maja on Tiesenhausenitele vanalinnas veel kuulunud - Rüütli tänava majas number 14 on säilinud kivist aknapõsk sugupuu reljeefiga aastatest 1606-1621.,kivist aknapõsk,kivist aknapõsk,kivist aknapõsk,17,kivist,sg el,kivi,18,aknapõsk,sg n,aknapõsk,elative_material,,elative_material,elative_material
8746923,Saksa keelest Katrin Kaugver .,saksa keelest katrin kaugver .,keelest katrin,keelest Katrin,2,keelest,sg el,keel,3,katrin,sg n,Katrin,other,ellips,other,other
12506393,"Läänemerele kanuuga ringi peale teha üritava rootslasest seikleja Bengt Hanssoni merereis takerdus üleeile Narvas , kui Vene piirivalve ta kinni võttis ning viisa olemasolust hoolimata Eestisse tagasi saatis .",läänemerele kanuuga ringi peale teha üritava rootslasest seikleja bengt hanssoni,rootslasest seikleja,rootslasest seikleja,7,rootslasest,sg el,rootslane,8,seikleja,sg g,seikleja,elative_attribute,,elative_attribute,elative_attribute
3742172,"Rahvaliitlasest nõukogu liige Cardo Remmel märkis : "" Isiklikult püüan vältida poliitika sekkumist meditsiini , kultuuri ja teistesse valdkondadesse .",rahvaliitlasest nõukogu,rahvaliitlasest nõukogu,rahvaliitlasest nõukogu,1,rahvaliitlasest,sg el,rahvaliitlane,2,nõukogu,sg g,nõukogu,error,syntax,elative_attribute,elative_attribute
8875433,"1918. aastal tuli Tartusse , töötas joonistusõpetajana kaubanduskeskkoolis ja õhtugümnaasiumis , alates 1922. aastast Eesti Noorsoo Kasvatuse Seltsi koolis .",", alates 1922. aastast eesti noorsoo kasvatuse seltsi koolis",aastast koolis,aastast kool,14,aastast,sg el,aasta,19,koolis,sg in,kool,other,MIS AJAST KUS,other,other
4317543,Männisindlist katus tõmmati tõrva asemel üle toonitud puiduimmutusvahendiga .,männisindlist katus,männisindlist katus,männisindlist katus,1,männisindlist,sg el,männisindel,2,katus,sg n,katus,elative_material,,elative_material,other
15753712,"Nimetatud valmistamisetapis võib seega importida nii džuudist põhimikku kui ka/ või tehislõnga , kui massiga seotud tingimused on täidetud .",nii džuudist põhimikku kui ka / või tehislõnga,džuudist põhimikku,džuudist põhimik,7,džuudist,sg el,džuut,8,põhimikku,adt,põhimik,elative_material,?,elative_material,elative_attribute
4457539,"Üks loomateadvuse uurijaid on eesti soost närviteadlane Jaak Panksepp , kes peab loomadel teadvuse olemasolu enesestmõistetavaks .","eesti soost närviteadlane jaak panksepp , kes peab loomadel teadvuse olemasolu enesestmõistetavaks",soost närviteadlane,soost närviteadlane,6,soost,sg el,sugu,7,närviteadlane,sg n,närviteadlane,other,collective,other,other
15706322,"Kuna kõneminutihind Eesti Telefoni võrgust mobiiltelefoni võrkudesse oli tollal tunduvalt kallim ( ASil EMT 4.53 , Radiolinja Eesti ASil 3.90 ja ASil Ritabell 5.45 ) , siis ka mõneminutised kõned mõjutasid arve suurust .",eesti telefoni võrgust mobiiltelefoni,võrgust mobiiltelefoni,võrgust mobiiltelefon,5,võrgust,sg el,võrk,6,mobiiltelefoni,sg g,mobiiltelefon,error,syntax,other,other
7579767,"Maksukohustuslasest reisiteenuste osutajal võib osal maksustamisperioodidel tekkida negatiivne marginaali summa ja osal perioodidel positiivne marginaali summa , mis aastakokkuvõttes võib tekitada ebaõiglase maksustamise.",maksukohustuslasest reisiteenuste,maksukohustuslasest reisiteenuste,maksukohustuslasest reisiteenus,1,maksukohustuslasest,sg el,maksukohustuslane,2,reisiteenuste,pl g,reisiteenus,error,syntax,elative_attribute,elative_attribute
2953133,"Aasta sellest tuleb mehel reaalselt vanglas istuda , ülejäänud karistusest mees vabastatakse , kui ta kahe aasta jooksul uut kuritegu toime ei pane , kirjutas Nädaline .",ülejäänud karistusest mees,karistusest mees,karistusest mees,10,karistusest,sg el,karistus,11,mees,sg n,mees,error,syntax,other,other
3534589,"Kultuurimaa juubelinumbris süüdistab ajalehe väljaandja Mati Kebina vastates Ants Juske kommentaarile Eesti Päevalehes ilmunud kommentaarile kultuurilehtede kohta Ants Juskele "" lähedast isikut "" kriminaalses teos : Kultuurimaa toimetusest kaastööde ja muu sellele kuuluva kõrvaldamises .",: kultuurimaa toimetusest kaastööde ja muu sellele kuuluva kõrvaldamises,toimetusest kaastööde,toimetusest kaastöö,28,toimetusest,sg el,toimetus,29,kaastööde,pl g,kaastöö,error,syntax,other,other
15737356,"“ Toilas loojub haldusreformi päike lõplikult , ” lõõpis üks lõuapoolikust ametimees 2.-3. septembril Toilas toimunud regionaalhalduse reformi konverentsil .",üks lõuapoolikust ametimees 2.,lõuapoolikust ametimees,lõuapoolikust ametimees,11,lõuapoolikust,sg el,lõuapoolik,12,ametimees,sg n,ametimees,elative_attribute,,other,other
10551286,"Nii lahkub üks pool kohtust solvumistundega hinges , aga kangemad tõmbavad peo taskus rusikasse .",kohtust solvumistundega hinges,kohtust solvumistundega,kohtust solvumistunne,5,kohtust,sg el,kohus,6,solvumistundega,sg kom,solvumistunne,error,syntax,other,other
7579632,"Maksukohustuslasena registreerimise piirmäära hulka arvatakse käive , välja arvatud maksuvaba käive , mille tekkimise koht on Eesti ; teenuse osutamine , mille käibe tekkimise koht ei ole Eesti : välisriigis asuva kinnisasjaga seotud teenus , sealhulgas ehitamine , hindamine , hooldamine või kinnisasja võõrandamiseks , ehitamise ettevalmistamiseks või korraldamiseks osutatav teenus ning majutusteenus , välisriigis osutatav kultuuri- , kunsti- , spordi- , haridus- , teadus- või meelelahutusteenus , mille hulka arvatakse ka asjaomase ürituse korraldamine , välisriigis asuva vallasasja remontimine , hindamine , töötlemine või kokkupanek , välja arvatud juhul , kui vallasasi on toimetatud remontimiseks , hindamiseks , töötlemiseks või kokkupanekuks Eestist teise liikmesriiki ajutiselt ning teenust osutatakse Eestis registreeritud maksukohustuslasele , veoteenus , kaasa arvatud kaubavedu ja kaubaveoga seotud transpordivahendi vedu , reisijate ja nende isikliku pagasi , sealhulgas isikliku transpordivahendi vedu ja sellise veo korraldamine , mis täielikult või osaliselt osutatakse välisriigis , kauba Eestist teise liikmesriiki veo teenus , sellise kaubaveo korraldamise teenus või sellega seotud kõrvalteenuseid osutatakse isikule , kes ei ole üheski liikmesriigis maksukohustuslasena registreeritud , veoteenus , mille käibe tekkimise koht on Eesti , kui Eestis registreeritud maksukohustuslasele või piiratud maksukohustuslasele osutatakse kauba ühest liikmesriigist teise veo teenust , kaasa arvatud kauba vedu Eestisse või Eestist , sellise kaubaveo korraldamise teenus ning sellega seotud kõrvalteenused , kauba teisest liikmesriigist Eestisse või väljaspool Eestit ühest liikmesriigist teise veo teenus , sellise kaubaveo korraldamise teenus ning sellega seotud kõrvalteenused , kui teenus osutatakse isikule , kes ei ole üheski liikmesriigis maksukohustuslasena registreeritud , kauba ekspordiga seotud kaubaveo korraldamise teenus ning sellega seotud kõrvalteenused .","ühest liikmesriigist teise veo teenus , sellise kaubaveo korraldamise teenus ning sellega seotud kõrvalteenused , kui teenus osutatakse isikule , kes ei ole üheski liikmesriigis maksukohustuslasena registreeritud , kauba ekspordiga seotud kaubaveo korraldamise teenus ning sellega seotud kõrvalteenused",liikmesriigist teenus,liikmesriigist teenus,222,liikmesriigist,sg el,liikmesriik,225,teenus,sg n,teenus,error,syntax,other,other
3527244,"Mõnel juhul sisaldab see ka sotsiaalmaksu , aga enamik lapsehoidjaid töötab agentuurideski kas füüsilisest isikust ettevõtjana , sel juhul ka mingil määral makse makstes , või sisuliselt illegaalselt .",kas füüsilisest isikust ettevõtjana,isikust ettevõtjana,isikust ettevõtja,15,isikust,sg el,isik,16,ettevõtjana,sg es,ettevõtja,elative_attribute,,elative_attribute,other
4700561,"Vehklemine elab edasi põlvest põlve , "" lisas ta ja tõmbas selga valge vehklemisrüü , et õpetada oma eeskujulikku vehklemistehnikat lastele .",põlvest põlve,põlvest põlve,põlvest põli,4,põlvest,sg el,põlv,5,põlve,sg p,põli,other,KUST KUHU,other,other
13309662,"Natsid huvitusid vedadest ja Pühast Graalist , maagiast .",ja pühast graalist,pühast graalist,pühast Graal,5,pühast,sg el,püha,6,graalist,sg el,Graal,error,adjective,other,other
10797114,"Ta kurtis , et praegu ei saa üksikisik erinevalt juriidilisest isikust maksuseaduse tõttu maksuvabalt sihtotstarbelisi annetusi teha , kuid kinnitas , et see olukord muutub kindlasti .",juriidilisest isikust maksuseaduse tõttu,isikust maksuseaduse,isikust maksuseadus,11,isikust,sg el,isik,12,maksuseaduse,sg g,maksuseadus,error,syntax,elative_attribute,other
4579875,"Tahvli alusplaat on graniidist ja plaadil on pronksist bareljeef , mis kujutab Amandus Adamsoni kavandatud sammast .","pronksist bareljeef , mis kujutab amandus adamsoni kavandatud sammast",pronksist bareljeef,pronksist bareljeef,8,pronksist,sg el,pronks,9,bareljeef,sg n,bareljeef,elative_material,,elative_material,elative_material
14584739,""" Sellist ühiskondlikku nõuet ei olnud - keegi ei tulnud selle pealegi , et normist erinevusi võiks olla .",normist erinevusi,normist erinevusi,normist erinevus,15,normist,sg el,norm,16,erinevusi,pl p,erinevus,other,copula,other,other
10422744,Pikast karvast tugev lõng,pikast karvast tugev lõng,karvast lõng,karvast lõng,2,karvast,sg el,karv,4,lõng,sg n,lõng,elative_material,,elative_material,elative_material
11605854,"Tavapäraseks riietuseks olid kitsad liibuvad püksid , mille peal kanti  chaps'  e ehk sääriseid , kõrge kontsaga saapad , mille küljes kannused , puuvillased vestid ja pehmest vildist kaabud .",ja pehmest vildist kaabud,vildist kaabud,vildist kaabu,29,vildist,sg el,vilt,30,kaabud,pl n,kaabu,elative_material,,elative_material,elative_material
3742655,"Vägilasest vene karu teeb kohalikele kõrbenomaadidele eesotsas Abdullaga praktiliselt üksinda otsa peale ning on muidu andunud vabadusekuulutaja , rääkides süsisilmsetele haaremlannadele , kuidas seltsimehed naised saavad tänu revolutsioonile ekspluateerimisest vabaks .",vägilasest vene karu,vägilasest karu,vägilasest karu,1,vägilasest,sg el,vägilane,3,karu,sg n,karu,elative_attribute,,elative_attribute,elative_attribute
4583059,"On täiesti mõistetav , et inimesed elavad kaasa kodumeeskonnale ja soovivad kõigest hingest lemmikute võitu .",kõigest hingest lemmikute,hingest lemmikute,hingest lemmik,13,hingest,sg el,hing,14,lemmikute,pl g,lemmik,error,syntax,other,other
12558786,Enda reklaamimiseks 36 500 krooni kulutanud väliseestlasest ajakirjanik Heikki Tann kogus 119 häält .,enda reklaamimiseks 36 500 krooni kulutanud väliseestlasest ajakirjanik heikki tann,väliseestlasest ajakirjanik,väliseestlasest ajakirjanik,6,väliseestlasest,sg el,väliseestlane,7,ajakirjanik,sg n,ajakirjanik,elative_attribute,,elative_attribute,elative_attribute
9832058,"Viienda episoodi “ Professor ” ( “ Õpetaja ” ) peategelaseks on tüüpiline napollasest õpetaja , kes tasu eest nõustab kogu kvartali elanikke .","tüüpiline napollasest õpetaja , kes tasu eest nõustab kogu kvartali elanikke",napollasest õpetaja,napollasest õpetaja,14,napollasest,sg el,napollane,15,õpetaja,sg n,õpetaja,elative_attribute,,elative_attribute,elative_attribute
6061230,""" Ma ei ole optimistlik , "" ütles sunniidist läbirääkija Kamal Hamdoun pühapäeval .",sunniidist läbirääkija kamal hamdoun,sunniidist läbirääkija,sunniidist läbirääkija,9,sunniidist,sg el,sunniit,10,läbirääkija,sg n,läbirääkija,elative_attribute,,elative_attribute,elative_attribute
14918578,( 2 ) Füüsilisest isikust ettevõtjana tegutseva patendivoliniku andmed peavad olema kantud äriregistrisse .,füüsilisest isikust ettevõtjana,isikust ettevõtjana,isikust ettevõtja,5,isikust,sg el,isik,6,ettevõtjana,sg es,ettevõtja,elative_attribute,,elative_attribute,other
3464597,"1996. aastal kaotasime taas kulutuste osas , kuid president Clintonist sai pärast 40 aastast vaheaega esimene demokraadist president , kes Valgesse Majja tagasi valiti , "" tõdes Sandler , kelle sõnul ei suuda demo-kraadid kunagi nii palju raha koguda kui vabariiklased .","esimene demokraadist president , kes valgesse majja tagasi valiti",demokraadist president,demokraadist president,17,demokraadist,sg el,demokraat,18,president,sg n,president,elative_attribute,,elative_attribute,elative_attribute
3523038,"Tema teada olevat Taist paberid preemiapunktidega saabunud , kuid ümber-arvestust pole veel tehtud .",taist paberid,taist paberid,taist paber,4,taist,sg el,tai,5,paberid,pl n,paber,error,syntax,elative_attribute,elative_attribute
8908481,"Mina , Andreas , jumala ja taanlaste kuninga armust Lundi peapiiskop ja Tallinna haldur Eestimaal , kirjutan seda 21-se augusti ööl Issanda aastal 1221 oma hingehädas –",", jumala ja taanlaste kuninga armust lundi peapiiskop",armust peapiiskop,armust peapiiskop,9,armust,sg el,arm,11,peapiiskop,sg n,peapiiskop,other,?,other,other
6939720,"Saksamaa koolides on klasse , milles on näiteks 17 rahvusest lapsi : jordaania tütarlaps mängib suure vaimustusega burkas korvpalli , moslemi lapsed loevad vahetunnil Allahile palveid , nii mõnigi vaid pursib saksa keelt .",17 rahvusest lapsi,rahvusest lapsi,rahvusest laps,10,rahvusest,sg el,rahvus,11,lapsi,pl p,laps,other,quantifier construction,other,other
1560940,"Eelnõus sisalduvad olulisemad muudatused puudutavad dividendide maksustamise reegleid , maksuvabade piirkondadega arveldamise reguleerimist , ning füüsilisest isikust ettevõtjaid puudutavaid sätteid , teatas rahandusministeerium .",füüsilisest isikust ettevõtjaid,isikust ettevõtjaid,isikust ettevõtja,17,isikust,sg el,isik,18,ettevõtjaid,pl p,ettevõtja,elative_attribute,,elative_attribute,other
11277417,Korvpalli profiliiga NBA serblasest korvpallur Marko Jaric on leidnud uue kallima – Brasiilia supermodelli Adriana Lima .,korvpalli profiliiga nba serblasest korvpallur marko jaric,serblasest korvpallur,serblasest korvpallur,4,serblasest,sg el,serblane,5,korvpallur,sg n,korvpallur,elative_attribute,,elative_attribute,elative_attribute
4486993,"NATO väekontingendi komandör Makedoonias , kindral Gunnar Lange , teavitas täna ametlikult president Boris Trajkovskit , et albaanlasest sissid on ära andnud kõik vastava kokkuleppe alusel loovutamisele kuulunud relvad .",albaanlasest sissid,albaanlasest sissid,albaanlasest siss,18,albaanlasest,sg el,albaanlane,19,sissid,pl n,siss,elative_attribute,,elative_attribute,elative_attribute
5148533,"Populaarses gayklubis Nightman sajab näiteks laest merevahtu ja inimesi oodataks rannariietes-bikiinides ( see , kuidas bikiinides kodust klubisse jõuda on muidugi iseasi ) .",näiteks laest merevahtu,laest merevahtu,laest merevaht,6,laest,sg el,lagi,7,merevahtu,sg p,merevaht,error,syntax,other,other
15430940,Tsiteeritud  foorumist kasutaja aapee .,tsiteeritud foorumist kasutaja aapee .,foorumist aapee,foorumist aapee,2,foorumist,sg el,foorum,4,aapee,sg n,aapee,other,ellips,other,other
14207367,"Et klaasist sein ei kata vanni täies ulatuses , pääseb ruumis õhk liikuma .",klaasist sein,klaasist sein,klaasist sein,2,klaasist,sg el,klaas,3,sein,sg n,sein,elative_material,,elative_material,elative_material
3538840,"Ligi 25 miljonist tonnist naftast ja saadustest , mis aastas Eesti raudteedel liigub , veavad need kaks ettevõtet 15 miljonit tonni .","ligi 25 miljonist tonnist naftast ja saadustest , mis aastas eesti raudteedel liigub ,",tonnist naftast,tonnist nafta,4,tonnist,sg el,tonn,5,naftast,sg el,nafta,other,quantifier construction,other,other
3503814,"Koos teise "" soomlannast "" paarilise Ela Lillemaga pääses Talv Atlanta olümpiakandidaatide nimekirja rannavõrkpallis .","koos teise "" soomlannast "" paarilise ela lillemaga",soomlannast paarilise,soomlannast paariline,4,soomlannast,sg el,soomlanna,6,paarilise,sg g,paariline,elative_attribute,,elative_attribute,elative_attribute
2499555,"Milline on minu võimalus hakata füüsilisest isikust ettevõtjaks , kui olen juba neli aastat olnud registreerimata töötu ?",füüsilisest isikust ettevõtjaks,isikust ettevõtjaks,isikust ettevõtja,7,isikust,sg el,isik,8,ettevõtjaks,sg tr,ettevõtja,elative_attribute,,elative_attribute,other
13558721,"Analüütikute sõnul aitab partei loomine Plavsicil laiendada oma poliitlist baasi võimuvõitluses Pale jõududega , kes on lojaalsed Bosnia serblaste endisele liidrile Radovan Karadzicile .","oma poliitlist baasi võimuvõitluses pale jõududega , kes on lojaalsed bosnia serblaste endisele liidrile radovan karadzicile",poliitlist baasi,poliitlist baas,9,poliitlist,sg el,poliitel,10,baasi,sg p,baas,error,adjective,elative_material,elative_attribute
4922795,Piraatluse mõiste alla käib veel piraatkoopiate kõigile kättesaadavaks tegemine internetis ja internetist litsentsita kopeeritud programmide kasutamine .,internetist litsentsita,internetist litsentsita,internetist litsents,12,internetist,sg el,internet,13,litsentsita,sg ab,litsents,error,syntax,other,other
11120729,"37 Tartu vangla vangi lõpetas kolmapäeval söömise , põhjendades asja sellega , et kaasvangist toidujagaja neile ei meeldi .",kaasvangist toidujagaja,kaasvangist toidujagaja,kaasvangist toidujagaja,14,kaasvangist,sg el,kaasvang,15,toidujagaja,sg n,toidujagaja,elative_attribute,,elative_attribute,elative_attribute
827691,""" Mees oli ise veidi napsune ja teatas , et narkomaanist 18-aastane tütar röövib nad paljaks .",narkomaanist 18-aastane tütar,narkomaanist tütar,narkomaanist tütar,11,narkomaanist,sg el,narkomaan,13,tütar,sg n,tütar,elative_attribute,,elative_attribute,elative_attribute
1574441,"Prantsuse keelest Sirje Keevallik , 285 lk","prantsuse keelest sirje keevallik , 285 lk",keelest sirje,keelest Sirje,2,keelest,sg el,keel,3,sirje,sg n,Sirje,other,ellips,other,other
13259972,"Keldrinurgas oli tal põhust magamisase , loomulike vajaduste rahuldamiseks selle kõrval ämber .","põhust magamisase , loomulike vajaduste rahuldamiseks selle kõrval ämber",põhust magamisase,põhust magamisase,4,põhust,sg el,põhk,5,magamisase,sg n,magamisase,elative_material,,elative_material,elative_material
10702284,"Üks selliseid on impressionistist maalikunstniku Monet' aed Givernys , mille kunstnik rajas 1890. aastal .",impressionistist maalikunstniku monet ',impressionistist maalikunstniku,impressionistist maalikunstnik,4,impressionistist,sg el,impressionist,5,maalikunstniku,sg g,maalikunstnik,elative_attribute,,elative_attribute,elative_attribute
15222191,... teine ajasreisimise võimalus on otsida matrixist log või backup faile  .,matrixist log või backup faile,matrixist log,matrixist log,7,matrixist,sg el,matrix,8,log,sg n,log,error,syntax,other,other
3778995,"Karksi-Nuia Keskväljakut ehib iselaadne jõulupuu : umbes viie meetri kõrguse kasvava kuuse on aktsiaseltsi Iivakivi töömehed ümbritsenud kolm korda kõrgema püramiidja metallist karkassiga , mille külge nad on riputanud palju elektripirne .","kõrgema püramiidja metallist karkassiga , mille külge nad on riputanud palju elektripirne",metallist karkassiga,metallist karkass,22,metallist,sg el,metall,23,karkassiga,sg kom,karkass,elative_material,,elative_material,elative_material
15866620,"Praegu on seaduses niimoodi , et kuni 1998. aasta 31. detsembrini pakendeid , millest vähemalt 40% taaskasutatakse , ja 1999. aasta 1. jaanuarist pakendeid , millest vähemalt 60% taaskasutatakse , aktsiisiga ei maksustata .",", ja 1999. aasta 1. jaanuarist pakendeid , millest vähemalt 60% taaskasutatakse",jaanuarist pakendeid,jaanuarist pakend,23,jaanuarist,sg el,jaanuar,24,pakendeid,pl p,pakend,error,syntax,other,other
8183354,"Seitse reklaamiinimest , üks ajakirjanik ja üks filmimehest restoranipidaja raiskasid ülemöödunud nädalal kokku vähemalt kümme tundi , et jagada laiali eesti tänavused reklaamiauhinnad .",ja üks filmimehest restoranipidaja,filmimehest restoranipidaja,filmimehest restoranipidaja,8,filmimehest,sg el,filmimees,9,restoranipidaja,sg n,restoranipidaja,elative_attribute,,elative_attribute,elative_attribute
15925806,2004. a. Sydneys olümpiapronksi saanud ratsatšempionil on eelmisest kooselust modelli Sibele Dorsaga kuueaastane tütar .,eelmisest kooselust modelli sibele dorsaga,kooselust modelli,kooselust modell,9,kooselust,sg el,kooselu,10,modelli,adt,modell,error,syntax,other,other
15200448,Teil on veel neid guest pass'e ?,neid guest pass'e,guest pass'e,guest pass,5,guest,sg el,gue,6,pass'e,sg p,pass,error,english,other,other
13679325,"Pensionärist puusepp Michael Morel ( 64 ) purustas Uus-Meremaal pühapäeval maailmarekordi , kõneldes 25 tundi vahetpidamata ühel teemal – ” Elu ” .",pensionärist puusepp michael morel ( 64 ),pensionärist puusepp,pensionärist puusepp,1,pensionärist,sg el,pensionär,2,puusepp,sg n,puusepp,elative_attribute,,elative_attribute,elative_attribute
11453406,l 1993 . aastast Eesti Kontserdi asedirektor .,l 1993 . aastast eesti kontserdi asedirektor .,aastast asedirektor,aastast asedirektor,3,aastast,sg el,aasta,6,asedirektor,sg n,asedirektor,other,MIS AJAST KES,other,other
8844123,"Vähemalt viis miljonit koolilast saavad kasu igapäevasest veerandliitrisest toetuspiimast , mis tuleb ELilt .","igapäevasest veerandliitrisest toetuspiimast , mis tuleb elilt",veerandliitrisest toetuspiimast,veerandliitrisest toetuspiim,8,veerandliitrisest,sg el,veerandliitrine,9,toetuspiimast,sg el,toetuspiim,error,adjective,other,other
11036827,"Rohkem tähelepanu näisid köitvat kadakapuust ehted ja lusikad , mida nädalavahetusel meistrimees kohapeal ise vestis .","kadakapuust ehted ja lusikad , mida nädalavahetusel meistrimees kohapeal ise vestis",kadakapuust ehted,kadakapuust ehe,5,kadakapuust,sg el,kadakapuu,6,ehted,pl n,ehe,elative_material,,elative_material,elative_material
5398780,"1982. aastal ilmusid esimesed voolavad , raskest metallkangast õhtutualetid .",", raskest metallkangast õhtutualetid",metallkangast õhtutualetid,metallkangast õhtutualett,8,metallkangast,sg el,metallkangas,9,õhtutualetid,pl n,õhtutualett,elative_material,,elative_material,elative_material
11026180,"Noormehest habemeajajal , kes veel ei tea , milliseid terasid eelistada , soovitan sellest hiina imest küll hoiduda .","noormehest habemeajajal , kes veel ei tea , milliseid terasid eelistada ,",noormehest habemeajajal,noormehest habemeajaja,1,noormehest,sg el,noormees,2,habemeajajal,sg ad,habemeajaja,elative_attribute,,other,elative_attribute
6467621,Kristaps Gelzis näitab üle-elusuurust fotot edust ja rahast tülpinud alasti härrasmehest noobli kontorilaua taga ainiti aknast sinikaugusi vahtimas .,edust ja rahast tülpinud alasti härrasmehest noobli kontorilaua taga,härrasmehest kontorilaua,härrasmehest kontorilaud,11,härrasmehest,sg el,härrasmees,13,kontorilaua,sg g,kontorilaud,error,syntax,elative_attribute,elative_attribute
2816108,"Kui palju sellest relvast inimesi on tapetud , ei oska keegi öelda .",sellest relvast inimesi,relvast inimesi,relvast inimene,4,relvast,sg el,relv,5,inimesi,pl p,inimene,error,syntax,other,other
2202229,"Muinsuskaitsenõukogu soovitas eile õhtul Soome arhitektil Pekka Vapaavuoril muuta Kadriorgu plaanitud uue kunstimuuseumi projekti , et säilitada nii 1930. aastail ehitatud paekivist kasarmuhooned .",nii 1930. aastail ehitatud paekivist kasarmuhooned,paekivist kasarmuhooned,paekivist kasarmuhoone,22,paekivist,sg el,paekivi,23,kasarmuhooned,pl n,kasarmuhoone,elative_material,,elative_material,elative_material
5346847,"Ehk kõige valusamalt nõelas Kalevit hoopis leedulasest keskmängija Maciulaitis , kes tabas kuuest kaugviskest viis .","hoopis leedulasest keskmängija maciulaitis , kes tabas kuuest kaugviskest viis",leedulasest keskmängija,leedulasest keskmängija,7,leedulasest,sg el,leedulane,8,keskmängija,sg n,keskmängija,elative_attribute,,elative_attribute,elative_attribute
4704099,"Samas saab "" intelligentne ajalooprofessorist peaminister Mart Laar "" isegi kiita , et ta alluvaid kamandades vene roppusi lausa järjest ei lao .",""" intelligentne ajalooprofessorist peaminister mart laar """,ajalooprofessorist peaminister,ajalooprofessorist peaminister,5,ajalooprofessorist,sg el,ajalooprofessor,6,peaminister,sg n,peaminister,elative_attribute,,elative_attribute,elative_attribute
3813130,Noorikut käivad sageli vaatamas ka vene rahvusest pruutpaarid .,ka vene rahvusest pruutpaarid,rahvusest pruutpaarid,rahvusest pruutpaar,7,rahvusest,sg el,rahvus,8,pruutpaarid,pl n,pruutpaar,other,collective,other,other
9120208,"AP kirjutab , et üks osa kuplialusest kavatsetakse pühendada rahule ja vaikusele , seda kujundab suur kolmnurkne mustast klaasist struktuur ja põrandast väljuv laserikiir .",suur kolmnurkne mustast klaasist struktuur ja põrandast väljuv laserikiir,klaasist struktuur,klaasist struktuur,19,klaasist,sg el,klaas,20,struktuur,sg n,struktuur,elative_material,,elative_material,elative_material
3748066,"Kui Hiina poolele on kerkinud piirikaubandusest toidetuna klaasi- , metalli- ja tuledesäras linnad , siis Vene poolel paistab eluolu trööstitum kui kümne aasta eest .",piirikaubandusest toidetuna,piirikaubandusest toidetuna,piirikaubandusest toidetu,6,piirikaubandusest,sg el,piirikaubandus,7,toidetuna,sg es,toidetu,error,adjective,other,other
1297253,Seda seisukohta jagas omal ajal ka teine Nobeli kirjanduspreemia venelasest laureaat Aleksandr Solžõnitsõn .,ka teine nobeli kirjanduspreemia venelasest laureaat aleksandr solžõnitsõn,venelasest laureaat,venelasest laureaat,10,venelasest,sg el,venelane,11,laureaat,sg n,laureaat,elative_attribute,,elative_attribute,elative_attribute
11977026,"Kui Morientes väljendas tundeid vaoshoitult , siis Chelsea itaallasest treener Claudio Ranieri pühkis lõpuvile kõlades pisaraid ning lõi tantsu .",chelsea itaallasest treener claudio ranieri,itaallasest treener,itaallasest treener,9,itaallasest,sg el,itaallane,10,treener,sg n,treener,elative_attribute,,elative_attribute,elative_attribute
4906090,Tartu Ülikooli mikrobioloogia instituudi juhataja Marika Mikelsaar võtab kapist välja kolm klaasist torukest .,kolm klaasist torukest,klaasist torukest,klaasist toruke,12,klaasist,sg el,klaas,13,torukest,sg p,toruke,elative_material,,elative_material,elative_material
16169160,"Kui sealne eestlane tuleb Tallinna ükskõik kellena , siis teie seaduse järgi on ta füüsilisest isikust ettevõtja , talumees .","kui sealne eestlane tuleb tallinna ükskõik kellena , siis teie seaduse järgi on ta füüsilisest isikust ettevõtja , talumees .",isikust ettevõtja,isikust ettevõtja,16,isikust,sg el,isik,17,ettevõtja,sg n,ettevõtja,elative_attribute,,elative_attribute,other
8281719,"Teder meenutas paar aastat tagasi Maalehele , et talle jäid esimesest töökohast Hiiumaal meelde haruldaselt heatahtlikud ja humoorikad inimesed , kahest Rakvere tööaastast head metsad ja Järvamaa ajast kolhooside abistamise kohustus .",", kahest rakvere tööaastast head metsad",tööaastast metsad,tööaastast mets,23,tööaastast,sg el,tööaasta,25,metsad,pl n,mets,other,ellips,other,other
12348294,"Vanas seaduses oli öeldud , et füüsilisest isikust ettevõtja maksab sotsiaalmaksu ettevõtlusest saadud tulult ( miinus kulud ) .",füüsilisest isikust ettevõtja,isikust ettevõtja,isikust ettevõtja,8,isikust,sg el,isik,9,ettevõtja,sg n,ettevõtja,elative_attribute,,elative_attribute,other
1188900,"Internetist rämpsposti saatja Austraaliast Steven Hourmouzis sai kolm kuud vanglakaristust ja veel 21 kuud karistust tingimisi rämpsposti ( spämmi ) levitamise eest , teatab Reuters .",internetist rämpsposti,internetist rämpsposti,internetist rämpspost,1,internetist,sg el,internet,2,rämpsposti,sg g,rämpspost,error,case,other,other
3031723,"Kuna linna haridusasutusena on Kullo üles-anne pakkuda huvialast haridust eelkõige õpilastele , siis kompenseerib haridusamet kaks kolmandikku laste huviringide maksust , täiskasvanud peavad kogu huvitegevuse kulu ise tasuma .",huvialast haridust,huvialast haridust,huvialast haridus,8,huvialast,sg el,huviala,9,haridust,sg p,haridus,error,adjective,other,other
11415485,"Tallinna linnakohus oli sunnitud eilse kohtupidamise Briti kodaniku Martyn James Symonsi ( 36 ) ja tema eestlasest kaaslase Kaido Esna ( 35 ) üle lükkama 20 . maile , sest inglase kaitsjad leidsid süüdistuskokkuvõtte ingliskeelsest variandist tõlkevigu .",ja tema eestlasest kaaslase kaido esna ( 35 ),eestlasest kaaslase,eestlasest kaaslane,17,eestlasest,sg el,eestlane,18,kaaslase,sg g,kaaslane,elative_attribute,,elative_attribute,elative_attribute
3491212,"Need armsad täissiidist sallid on kaunistatud piltidega , mis tehtud reaalsetest mikroorganismidest .",need armsad täissiidist sallid,täissiidist sallid,täissiidist sall,3,täissiidist,sg el,täissiid,4,sallid,pl n,sall,elative_material,,elative_material,elative_material
7295991,"Kuivõrd on sellise oletuse taga aga meie , meesoost uurijate tõlgenduslik soodumus oma sookaaslasi esile tõsta ?",meesoost uurijate,meesoost uurijate,meesoost uurija,9,meesoost,sg el,meesoo,10,uurijate,pl g,uurija,other,collective,other,other
6116,"Rääkisin Andresele ( näitlejast poeg Andres Raag - toim ) , ta ei uskunud . ”",( näitlejast poeg andres raag - toim ),näitlejast poeg,näitlejast poeg,4,näitlejast,sg el,näitleja,5,poeg,sg n,poeg,elative_attribute,,elative_attribute,elative_attribute
2960593,Kuid pealtnäha krõbedast hinnast hoolimata loodab Virgin Galactic teha esimese viie tegutsemisaastaga 3000 inimesest astronaudid .,3000 inimesest astronaudid,inimesest astronaudid,inimesest astronaut,14,inimesest,sg el,inimene,15,astronaudid,pl n,astronaut,error,syntax,other,other
3705156,""" Kartulist tulu saamine ei ole meile eluliselt tähtis , sest müüme ka kurke ja tomateid .",kartulist tulu,kartulist tulu,kartulist tulu,2,kartulist,sg el,kartul,3,tulu,sg g,tulu,other,government,other,other
8969440,"Ajakirjanikud Mart Luik , Harri Tiido ja Hannes Rumm on võtnud endale ülesande , mida raskuselt võiks võrrelda kivist vee väljapigistamisega .",kivist vee,kivist vee,kivist vesi,19,kivist,sg el,kivi,20,vee,sg g,vesi,error,syntax,elative_material,elative_material
10921667,207 cm pikkune eestlasest ründaja lõpetas kohtumise kaheksa punktiga .,207 cm pikkune eestlasest ründaja,eestlasest ründaja,eestlasest ründaja,4,eestlasest,sg el,eestlane,5,ründaja,sg n,ründaja,elative_attribute,,elative_attribute,elative_attribute
14990265,Tishleri sõnul on lisaks Endenile kaalumisel ka ühe välismaalasest treeneri kandidatuur .,ühe välismaalasest treeneri,välismaalasest treeneri,välismaalasest treener,9,välismaalasest,sg el,välismaalane,10,treeneri,sg g,treener,elative_attribute,,elative_attribute,elative_attribute
3210439,"Bashiri mälestustele on norralasest kaasautor lisanud Saddam Husseini lapsepõlvest detaile , mis pärinevad just Lääne meedia legendidevaramust .",norralasest kaasautor,norralasest kaasautor,norralasest kaasautor,4,norralasest,sg el,norralane,5,kaasautor,sg n,kaasautor,elative_attribute,,elative_attribute,elative_attribute
11722263,Laupäeval tapetud katoliiklasest mees lasti küll Belfastis maha päris tänaval .,laupäeval tapetud katoliiklasest mees,katoliiklasest mees,katoliiklasest mees,3,katoliiklasest,sg el,katoliiklane,4,mees,sg n,mees,elative_attribute,,elative_attribute,elative_attribute
8940833,"Euroopa Julgeoleku ja Koostööorganisatsioonil ( OSCE ) on tõendeid , et vaatlusmissiooni juhi William Walkeri albaanlasest ihukaitsja , kes oli Kosovo prominentse inimõiguslase Bajram Kelmendi poeg , lasksid serbia politseinikud maha esimesel NATO õhurünnakute ööl .","vaatlusmissiooni juhi william walkeri albaanlasest ihukaitsja , kes oli kosovo prominentse inimõiguslase bajram kelmendi poeg ,",albaanlasest ihukaitsja,albaanlasest ihukaitsja,16,albaanlasest,sg el,albaanlane,17,ihukaitsja,sg n,ihukaitsja,elative_attribute,,elative_attribute,elative_attribute
3143791,Mitmed politseist skandaaliga lahkunud kriminaalpolitsei komissarid said töötuks jäädes rahaliselt hoopis parema pakkumise Eesti suurfirmadelt .,politseist skandaaliga,politseist skandaaliga,politseist skandaal,2,politseist,sg el,politsei,3,skandaaliga,sg kom,skandaal,error,syntax,elative_attribute,elative_attribute
3897904,Eelmisel kümnendil eraldas miljardärist poliitik Ross Perot Texas Research Park-nimelise uurimuspargi loomiseks 15 miljonit dollarit .,miljardärist poliitik ross perot texas research,miljardärist poliitik,miljardärist poliitik,4,miljardärist,sg el,miljardär,5,poliitik,sg n,poliitik,elative_attribute,,elative_attribute,elative_attribute
1097790,""" Me nõuame Tai valitsuselt , et see käsiks armeel lõpetada meie tulistamine , "" ütles üks terrorist vigases tai keeles .",terrorist vigases tai,terrorist tai,terrorist tai,18,terrorist,sg el,terror,20,tai,sg g,tai,error,case,other,other
8909062,"Vend Vescelinus – "" – ta vaatab kõhnale mustakulmulisele mungale silma ja tahab sirutada tema poole parema käe – aga sirutab siis vasaku – "" vend Vescelinus – siitmaalt ei ole sinu diötseesiks ainult provinciae Hariones , vaid kõik siinsed kuningas Valdemari maad – "" Ta pöördub tüseda valgepäise mehe poole , kelle harkis jalgadest ja puusa toetatud kätest sõduri tuimavõitu tähtsus sedamaid aimata on : "" Härra Tuve – teie käes on sest silmapilgust peale asehaldurivõim siin maal .",sest silmapilgust peale asehaldurivõim,silmapilgust asehaldurivõim,silmapilgust asehaldurivõim,75,silmapilgust,sg el,silmapilk,77,asehaldurivõim,sg n,asehaldurivõim,other,copula,other,other
11200414,Inglise keelest Janno Buschmann .,inglise keelest janno buschmann .,keelest janno,keelest Janno,2,keelest,sg el,keel,3,janno,sg n,Janno,other,ellips,other,other
2571559,New Yorgi linnapea Michael Bloombergi sõnul moodustab miljon dollarit maksnud pronksist ja terasest skulptuur tõenäoliselt ka tulevase võimsa memoriaalkompleksi südame .,miljon dollarit maksnud pronksist ja terasest skulptuur,pronksist skulptuur,pronksist skulptuur,11,pronksist,sg el,pronks,14,skulptuur,sg n,skulptuur,elative_material,,elative_material,elative_material
3328376,Brasiillasest peatreeneri Luiz Felipe Scolari hoolealustel tuleb esikaheksasse jõudmiseks alagrupiturniiri viimases voorus alistada Hispaania .,brasiillasest peatreeneri luiz felipe scolari,brasiillasest peatreeneri,brasiillasest peatreener,1,brasiillasest,sg el,brasiillane,2,peatreeneri,sg g,peatreener,elative_attribute,,elative_attribute,elative_attribute
7803005,Ka eesti soost mehed ei jää lõunanaabritele alla .,ka eesti soost mehed,soost mehed,soost mees,3,soost,sg el,sugu,4,mehed,pl n,mees,other,collective,other,other
2455439,Kas maailma metsade säästmiseks oleks parem osta plastist kuusk või päris jõulupuu ?,plastist kuusk või päris jõulupuu,plastist kuusk,plastist kuusk,8,plastist,sg el,plast,9,kuusk,sg n,kuusk,elative_material,,elative_material,elative_material
7668145,Tõenäoliselt on võitja enamikust konkurentidest kaks-kolm sentimeetrit pikemgi .,enamikust konkurentidest,enamikust konkurentidest,enamikust konkurent,4,enamikust,sg el,enamik,5,konkurentidest,pl el,konkurent,error,syntax,other,other
1510685,"Eesti kodanikest kurjategijate teisest riigist vastuvõtul võetakse täitmiseks küll need kohtuotsused , mille alusel neid karistati , kuid karistused määratakse neile ikkagi Eesti karistusskaala järgi , selgitas Rask .",eesti kodanikest kurjategijate teisest riigist vastuvõtul,riigist vastuvõtul,riigist vastuvõtt,5,riigist,sg el,riik,6,vastuvõtul,sg ad,vastuvõtt,other,government,other,other
5281885,Puuduvaid mehi asendavad ukrainlasest kaitsja Sergei Tatarinov ja Kaliningradi Baltikas mänginud Oleg Lepik .,ukrainlasest kaitsja sergei tatarinov ja kaliningradi baltikas mänginud oleg lepik,ukrainlasest kaitsja,ukrainlasest kaitsja,4,ukrainlasest,sg el,ukrainlane,5,kaitsja,sg n,kaitsja,elative_attribute,,elative_attribute,elative_attribute
8959511,Saksa keelest Rein Sepp ja Mati Sirkel .,saksa keelest rein sepp ja mati sirkel .,keelest rein,keelest Rein,2,keelest,sg el,keel,3,rein,sg n,Rein,other,ellips,other,other
1974022,"Kell 22.49 teatati tulekahjust Harjumaal Maardus Kellamäe 20 , kus kodutute ühiselamu kolmanda korruse korteris nr. 49 põles diivan .",tulekahjust harjumaal,tulekahjust harjumaal,tulekahjust Harjumaa,4,tulekahjust,sg el,tulekahju,5,harjumaal,sg ad,Harjumaa,other,MIS KUS,other,other
10702245,"Paanikaks pole põhjust , sest teadaolevalt peaks neist enamik olema maist päritolu .",", sest teadaolevalt peaks neist enamik olema maist päritolu",maist päritolu,maist päritolu,11,maist,sg el,mai,12,päritolu,sg p,päritolu,error,adjective,other,other
211208,Sarnast võrgustike tähtsust on rahvusvahelise uurimisprojekti raames esile toonud mitmed sotsialistlike maade argipäeva uurijad  [ 7 ]  .,sarnast võrgustike,sarnast võrgustike,sarnast võrgustik,1,sarnast,sg el,sarn,2,võrgustike,pl g,võrgustik,error,adjective,other,other
4641053,Tüüpilisel tippjuhil sarnaseid võimalusi päevast päeva ei ole ja pingelisematel perioodidel ei jää tal isiklikule elule üldse aega .,päevast päeva,päevast päeva,päevast päev,5,päevast,sg el,päev,6,päeva,sg p,päev,other,KUST KUHU,other,other
5332098,"Aga Baskovist rääkides olid mõlemad leebed , nagu omaenda lihast lapselast kiites ; "" Milline imekena noormees , hääl nagu Enrico Carusol .",", nagu omaenda lihast lapselast kiites ; "" milline imekena noormees , hääl nagu enrico carusol",lihast kiites,lihast kiide,10,lihast,sg el,liha,12,kiites,sg in,kiide,error,pos,elative_material,elative_material
1862666,Praegused summad riigieelarvest turismiarendusse pole Järva sõnul piisavad .,riigieelarvest turismiarendusse,riigieelarvest turismiarendusse,riigieelarvest turismiarendus,3,riigieelarvest,sg el,riigieelarve,4,turismiarendusse,adt,turismiarendus,error,syntax,other,other
15240971,"Eks neid maha koksati ikka , mitte kül saamahimust metsavahel talupojad üksteist  vaid vahest külakõrtsis mõne tõsisema kakluse käigus , aga sellele ka kuri karistus järgnes .",saamahimust metsavahel,saamahimust metsavahel,saamahimust metsavahe,9,saamahimust,sg el,saamahimu,10,metsavahel,sg ad,metsavahe,error,syntax,other,other
1384807,"Eha sõnul oleks ta tõenäoliselt ka ilma stardikapitalita äri alustanud , sest suurest firmast samalt ametilt töötuks jäänuna olid varnast võtta teadmised , kogemused ja väljakujunenud kliendid .",suurest firmast samalt ametilt töötuks jäänuna,firmast jäänuna,firmast jäänu,14,firmast,sg el,firma,18,jäänuna,sg es,jäänu,other,u-ending,other,other
2759712,""" Vastavalt sellele on kehtestatud teenusele ja selle osutajale kohustuslikud nõuded ning alates 1. juulist 2007 on lapsehoiuteenuse eest õigus saada hüvitist vaid juhul , kui teenuse osutajal on asukohajärgse maavanema poolt välja antud kehtiv tegevusluba , "" ütles Martinson .",ning alates 1. juulist 2007 lapsehoiuteenuse eest,juulist lapsehoiuteenuse,juulist lapsehoiuteenus,15,juulist,sg el,juuli,18,lapsehoiuteenuse,sg g,lapsehoiuteenus,other,government,other,other
5563499,""" Jah , kokkuvõttes on tšetšeenid meist vingemad , "" kinnitab grusiinist taksojuht Zurab , "" neist vingemad oleks vaid venelased - kui nad rohkem kokku hoiaks .",grusiinist taksojuht zurab,grusiinist taksojuht,grusiinist taksojuht,12,grusiinist,sg el,grusiin,13,taksojuht,sg n,taksojuht,elative_attribute,,elative_attribute,elative_attribute
6654190,"Erandina lubab eelnõu ka isiku töölevõtmisel lähtuda tema soost juhtudel , kui "" sugu on teatud kutsetegevuse olemuse või sellega liituvate tingimuste tõttu oluliseks ja määravaks nõudeks "" .",tema soost juhtudel,soost juhtudel,soost juht,9,soost,sg el,sugu,10,juhtudel,pl ad,juht,error,syntax,other,other
14303094,Koonderakonna asutajaliige akadeemik Anto Raukas lahkub erakonnast protestiks erakonnakaaslasest justiitsministri Paul Varuli tegevuse vastu omandireformi aluste seaduse tõlgendamisel .,erakonnast protestiks,erakonnast protestiks,erakonnast protest,7,erakonnast,sg el,erakond,8,protestiks,sg tr,protest,error,syntax,other,other
14369555,"Liikmesriigid võivad litsentsi anda igale taotlejale , olenemata tema ettevõtte registrisse kantud asukohast ühenduses ning ilma et see piiraks artiklite 14 ja 15 kohaldamiseks võetud meetmeid .",tema ettevõtte registrisse kantud asukohast ühenduses,asukohast ühenduses,asukohast ühendus,13,asukohast,sg el,asukoht,14,ühenduses,sg in,ühendus,other,government,other,other
2219343,Täitevkomitee esimehest laipade lahkajaks .,täitevkomitee esimehest laipade lahkajaks .,esimehest lahkajaks,esimehest lahkaja,2,esimehest,sg el,esimees,4,lahkajaks,sg tr,lahkaja,other,MILLEST MILLEKS,elative_attribute,elative_attribute
5334137,"Nõukogude ajal oli see ka kõige tugevam eri rahvusest noori eristav joon : eestlased pidasid tähtsaks , et kodu oleks omaette ; teiste rahvuste esindajate jaoks oli aga tähtsaim kodu mugavus , kusjuures mitme põlvkonna kooselu ei olnud nende jaoks probleem .",eri rahvusest noori,rahvusest noori,rahvusest noor,9,rahvusest,sg el,rahvus,10,noori,pl p,noor,other,collective,other,other
13100515,"Röövel kattis proua silmad kätega kinni , võttis talt kuldehted ning laualt hõbedast suitsupitsi ja dokumendid .",ning laualt hõbedast suitsupitsi ja dokumendid,hõbedast suitsupitsi,hõbedast suitsupits,13,hõbedast,sg el,hõbe,14,suitsupitsi,sg g,suitsupits,elative_material,,elative_material,elative_material
10580569,"Haigla nõupidamisest osavõtjad tõdesid , et kõik neli vastsündinute surmajuhtumit olid erijuhtumid , mille puhul nüüdisaegne meditsiin võimetu .",haigla nõupidamisest osavõtjad,nõupidamisest osavõtjad,nõupidamisest osavõtja,2,nõupidamisest,sg el,nõupidamine,3,osavõtjad,pl n,osavõtja,other,ja-ending,other,other
14492579,"17 kuud ehk täpsemalt 520 päeva kestab eksperiment seetõttu , et kiiremini pole inimestel võimalik Marsil sedasi ära käia , et reisist teaduslikus mõttes ka mingit tolku oleks .",reisist teaduslikus mõttes,reisist mõttes,reisist mõte,22,reisist,sg el,reis,24,mõttes,sg in,mõte,error,syntax,other,other
12313919,"Tänavu esimese Eesti klubina ULEBi karikasarjas osalev Kalev vajab esiteks asendajat põlvevigastuse tõttu kolmeks kuuks platsilt eemale jäävale serblasest ääremängijale Vladimir Vuksanovicile , teiseks soovitakse Valdmaa sõnul korvialust tugevdada ühe Travis Reedist kogukama tsentriga .",põlvevigastuse tõttu kolmeks kuuks platsilt eemale jäävale serblasest ääremängijale vladimir vuksanovicile,serblasest ääremängijale,serblasest ääremängija,19,serblasest,sg el,serblane,20,ääremängijale,sg all,ääremängija,elative_attribute,,elative_attribute,elative_attribute
13239377,"Tuntud rokiajaloo rappijast räppari juustusemad sämplingud siin on Culture Clubi "" Do You Really Want To Hurt Me'ist "" tehtud "" What 'Cha Wanna Do "" , Bee Geesi "" Grease'ist "" tehtud "" Blue Angels "" , Queeni "" Another One Bites The Dust "" ja E . Granti "" Avenues "" .",tuntud rokiajaloo rappijast räppari,rappijast räppari,rappijast räppar,3,rappijast,sg el,rappija,4,räppari,sg g,räppar,elative_attribute,,elative_attribute,elative_attribute
14654604,Mis siia üks kristlasest husseiniori Aziz puutub ?,üks kristlasest husseiniori aziz,kristlasest husseiniori,kristlasest husseiniori,4,kristlasest,sg el,kristlane,5,husseiniori,sg n,husseiniori,elative_attribute,,elative_attribute,elative_attribute
7430296,"“ Sain loa , kuid ühel tingimusel - kui sünnib poeg , tuleb talle nimeks panna Vassili , ja tütre jaoks polnud muud valikut peale Vassilissa ” - mis on vanamoeline “ naissoost ” vaste Vassilile .",“ naissoost ” vaste vassilile,naissoost vaste,naissoost vaste,33,naissoost,sg el,naissugu,35,vaste,sg n,vaste,other,government,other,other
3007003,"Kirjalik tollideklaratsioon tuleb esitada ka juhul , kui kaubanduslikul eesmärgil ühendusevälisest riigist tolliväärtus ei ületa 1000 eurot või kogus 1000 kilogrammi , kuid tolliväärtus ületab imporditollimaksuvabastuste süsteemis sätestatud maksuvaba väärtuselise piiri 22 eurot .",ühendusevälisest riigist tolliväärtus,riigist tolliväärtus,riigist tolliväärtus,12,riigist,sg el,riik,13,tolliväärtus,sg n,tolliväärtus,other,MISSUGUNE MIS,other,other
4614426,"Teatrijuht Põldmaal on omaaegse Noorsooteatri , praeguse Linnateatri tekkest hea lugu rääkida .","teatrijuht põldmaal on omaaegse noorsooteatri , praeguse linnateatri tekkest hea lugu rääkida .",tekkest lugu,tekkest lugu,9,tekkest,sg el,teke,11,lugu,sg n,lugu,error,syntax,other,other
8725975,"Ta oli nendest midagi kuulnud ... kõrgest soost rändlaulikud , kes kunagi ammu nendes maades ringi rändasid .","... kõrgest soost rändlaulikud , kes kunagi ammu nendes maades ringi rändasid",soost rändlaulikud,soost rändlaulik,8,soost,sg el,sugu,9,rändlaulikud,pl n,rändlaulik,other,collective,other,other
10936494,"Alla kahe aasta tegutsenud või alles alustav eraisikust ettevõtja ja erafirma saavad stardiabifondist taotleda kuni 50 000 krooni , erandjuhul isegi kuni 100 000 krooni tagastamatut toetust .",alla kahe aasta tegutsenud või alles alustav eraisikust ettevõtja ja erafirma,eraisikust ettevõtja,eraisikust ettevõtja,8,eraisikust,sg el,eraisik,9,ettevõtja,sg n,ettevõtja,elative_attribute,,elative_attribute,other
5761394,"19. veebruaril Rakveres peetava tähtede mängu algviisikute internetihääletus lõppes eile , suurima häältearvu ( 285 ) kogus Tartu Rocki leedulasest tagamängija Augenijus Vaskys .",tartu rocki leedulasest tagamängija augenijus vaskys,leedulasest tagamängija,leedulasest tagamängija,20,leedulasest,sg el,leedulane,21,tagamängija,sg g,tagamängija,elative_attribute,,elative_attribute,elative_attribute
2009673,Ilmselt oli see samamoodi ka tema flötistist tütre Maarika ülesastumisel Pärnus ning ka pärast poja Paavo juhatatud Oistrahhi festivali avakontserti .,tema flötistist tütre maarika,flötistist tütre,flötistist tütar,7,flötistist,sg el,flötist,8,tütre,sg g,tütar,elative_attribute,,elative_attribute,elative_attribute
5280909,Interpretatsioonikonkursist osavõtt on levimuusika eriala üliõpilastele kohustuslik .,interpretatsioonikonkursist osavõtt,interpretatsioonikonkursist osavõtt,interpretatsioonikonkursist osavõtt,1,interpretatsioonikonkursist,sg el,interpretatsioonikonkurss,2,osavõtt,sg n,osavõtt,other,government,other,other
15252659,"Millest see tuleneb , et väga paljud on kuulnud keravälgust ( k.a mina ) vanaemalt ?",keravälgust ( k.a mina ) vanaemalt,keravälgust vanaemalt,keravälgust vanaema,10,keravälgust,sg el,keravälk,15,vanaemalt,sg abl,vanaema,error,syntax,other,other
8330627,"Eesti võiks olla Euroopa loomariik , kuhu inimsaginast tüdinu võiks tulla eksklusiivsele safarile , kogema eksistentsi selle puhtal kujul , looduse rüpes .",inimsaginast tüdinu,inimsaginast tüdinu,inimsaginast tüdinu,8,inimsaginast,sg el,inimsagin,9,tüdinu,sg n,tüdinu,other,u-ending,other,other
12874852,Kunstnahast jalatsite puhul võib toimida samuti nagu korraliku täisnahast saapa puhul .,kunstnahast jalatsite puhul,kunstnahast jalatsite,kunstnahast jalats,1,kunstnahast,sg el,kunstnahk,2,jalatsite,pl g,jalats,elative_material,,elative_material,elative_material
10215038,"Tööajast lugu pidava mehena arvas ta , et võimatut ehk esikolmikut ei tasu tahta : olgu peapreemia ja kingitus esimesele veerandsajale .",tööajast lugu,tööajast lugu,tööajast lugu,1,tööajast,sg el,tööaeg,2,lugu,sg n,lugu,error,verbal idiom,other,other
6714621,"Avatud noortekeskuses õpetab Evi Hõbemäe raamiga seinapildi tegemist ja vitraaži , Tiina Saarmann juhendab kipsist küünlaaluse , Natalja Golubenko kipsist seinapildi valmistamist .",", natalja golubenko kipsist seinapildi",kipsist seinapildi,kipsist seinapilt,20,kipsist,sg el,kips,21,seinapildi,sg g,seinapilt,elative_material,,elative_material,elative_material
6233918,Laulja on varem oma hääle ja stiili imiteerimise pärast kohtusse kaevanud Ameerika maisikrõpsutootja Frito-Lay ning Audide hispaanlasest maaletooja .,ameerika maisikrõpsutootja frito-lay ning audide hispaanlasest maaletooja,hispaanlasest maaletooja,hispaanlasest maaletooja,17,hispaanlasest,sg el,hispaanlane,18,maaletooja,sg n,maaletooja,elative_attribute,,elative_attribute,elative_attribute
10017538,"Vähem ohtlik pole mõtleja äärmusliberaalse vabaturu solistidele , sest nemad on huvitatud heausksest kõigesööjast tarbijast .",heausksest kõigesööjast tarbijast,kõigesööjast tarbijast,kõigesööjast tarbija,14,kõigesööjast,sg el,kõigesööja,15,tarbijast,sg el,tarbija,elative_attribute,,other,other
4853044,"Lisaks paberist mobiiltelefonile kavatseb Altschuli firma 2002. aasta lõpus müügile lasta ka paberist valmistatud sülearvuti , millega saab ka Internetis surfida .",paberist mobiiltelefonile,paberist mobiiltelefonile,paberist mobiiltelefon,2,paberist,sg el,paber,3,mobiiltelefonile,sg all,mobiiltelefon,elative_material,,elative_material,elative_material
1809259,"Samas ärgem unustagem , et annekteeritud riigist äraminejad ei öelnud lahti mitte Eesti Vabariigi , vaid Nõukogude Liidu kodakondsusest .",annekteeritud riigist äraminejad,riigist äraminejad,riigist äramineja,7,riigist,sg el,riik,8,äraminejad,pl n,äramineja,other,ja-ending,other,other
11400197,"Eestlannast tagamängija ei arva , et Peda trennides taktikale vähem rõhku pandi .",eestlannast tagamängija,eestlannast tagamängija,eestlannast tagamängija,1,eestlannast,sg el,eestlanna,2,tagamängija,sg g,tagamängija,elative_attribute,,elative_attribute,elative_attribute
3931877,"Noorelt isata jäänud tulevast kirjanikku kasvatasid kolm naist - tädi Claire , inglise vanatüdruk Anna Shackleton ja kalvinistist ema Juliette Rondeaux .",ja kalvinistist ema juliette rondeaux,kalvinistist ema,kalvinistist ema,18,kalvinistist,sg el,kalvinist,19,ema,sg n,ema,elative_attribute,,elative_attribute,elative_attribute
10219446,Inglise keelest Jüri Ojamaa .,inglise keelest jüri ojamaa .,keelest jüri,keelest Jüri,2,keelest,sg el,keel,3,jüri,sg n,Jüri,other,ellips,other,other
11725087,"Kunstnikuhärrade pahameele põhjustas kolmapäeva hommikupoolikul Kunstilaata külastanud linnaametnik Marika Pärn , Neeme Lalli sõnul iseenesest kena inimene , kes palus hr. kunstnikul Raekoja platsilt ära koristada oma täismaalitud bussikene ja puust hobune .",ja puust hobune,puust hobune,puust hobune,31,puust,sg el,puu,32,hobune,sg n,hobune,elative_material,,elative_material,elative_material
8805436,"Need olid kolm soliidse olekuga meest asjalikes purjetajaülikondades ja üks noorepoolne , säravalt ilus blondiin , kes kandis kallist ja silmapaistvat valget jakki ning selle juurde valgest puldanist pükse ja pehmeid toornahast kingi .",ning selle juurde valgest puldanist pükse ja pehmeid toornahast kingi,puldanist pükse,puldanist püks,28,puldanist,sg el,puldan,29,pükse,pl p,püks,elative_material,,elative_material,other
4025223,"Näituse suurimad nukud , kellele Linda vabalt sülle mahtus , on Urmas Viigi puust imikud .","näituse suurimad nukud , kellele linda vabalt sülle mahtus , on urmas viigi puust imikud .",puust imikud,puust imik,14,puust,sg el,puu,15,imikud,pl n,imik,elative_material,,elative_material,elative_material
11322816,"( Disney'st võib aru saada , kuna filmis on Miki-Hiirt võrreldud kullast ebajumalakujudega Vanast Testamendist . )",kullast ebajumalakujudega vanast testamendist,kullast ebajumalakujudega,kullast ebajumalakuju,12,kullast,sg el,kuld,13,ebajumalakujudega,pl kom,ebajumalakuju,elative_material,,elative_material,elative_material
3610960,"Etiooplasest 10 000 m jooksu olümpiavõitja Haile Gebrselassie kinnitab , et MMil Ateenas võistlemine on tema kodanikukohus .",etiooplasest 10 000 m jooksu,etiooplasest jooksu,etiooplasest jooks,1,etiooplasest,sg el,etiooplane,4,jooksu,adt,jooks,error,syntax,elative_attribute,elative_attribute
9230293,"“ Ained satuvad lõõride kaudu välisõhku , Keemiahoonele neli aastat tagasi pandud tsinkplekist katus on täiesti roostes .",neli aastat tagasi pandud tsinkplekist katus,tsinkplekist katus,tsinkplekist katus,13,tsinkplekist,sg el,tsinkplekk,14,katus,sg n,katus,elative_material,,elative_material,elative_material
5784001,Soome sotsiaaldemokraadist rahandusministri Eero Heinäluoma sõnul hakkab valitsus võimalikku kange alkoholi aktsiisi tõstmist arutama kõige varem järgmisel kevadel .,soome sotsiaaldemokraadist rahandusministri eero heinäluoma,sotsiaaldemokraadist rahandusministri,sotsiaaldemokraadist rahandusminister,2,sotsiaaldemokraadist,sg el,sotsiaaldemokraat,3,rahandusministri,sg g,rahandusminister,elative_attribute,,elative_attribute,elative_attribute
6130858,"Kokku viibib Eestis 116 europarlamendi sotsiaaldemokraadist saadikut , lisaks neile veel Euroopa Komisjoni aseesimees Margot Wallström .",116 europarlamendi sotsiaaldemokraadist saadikut,sotsiaaldemokraadist saadikut,sotsiaaldemokraadist saadik,6,sotsiaaldemokraadist,sg el,sotsiaaldemokraat,7,saadikut,sg p,saadik,elative_attribute,,elative_attribute,elative_attribute
2940566,"31. jaanuaril oli tööturuametis registreeritud 13 508 töötut , mis moodustab 2,2% tööjõust vanuses 16 aastat kuni pensioniiga .",tööjõust vanuses,tööjõust vanuses,tööjõust vanus,12,tööjõust,sg el,tööjõud,13,vanuses,sg in,vanus,error,syntax,other,other
15054255,"Kui lepingupool ei pea kinni lepingulise ladustusaja lõpust või artkli 17 lõikes 1 nimetatud kahekuulisest tähtajast kogu ladustatud koguse puhul , vähendatakse antavat abi10% kõnealusest lepingusummast iga ületatud kalendripäeva kohta .",kõnealusest lepingusummast,kõnealusest lepingusummast,kõnealusest lepingusumm,25,kõnealusest,sg el,kõnealune,26,lepingusummast,sg el,lepingusumm,error,adjective,other,other
10534574,"BNS tootis paar päeva tagasi uudise , milles on juttu Riigikogu künnitööst pornograafiapõllul : “ Riigikogu muudab haldusõigusrikkumiste seadustikku , et täpsustada pornograafia levitamise seaduslikkust kontrollivate kultuuriministeeriumi ametnike õigusi . ”",riigikogu künnitööst pornograafiapõllul,künnitööst pornograafiapõllul,künnitööst pornograafiapõld,12,künnitööst,sg el,künnitöö,13,pornograafiapõllul,sg ad,pornograafiapõld,error,syntax,other,other
3631027,Brasiillasest treener Rene Simoes on küll Suurbritanniast leidnud mõne teise põlvkonna väljarändajast jalgpalluri .,brasiillasest treener rene simoes,brasiillasest treener,brasiillasest treener,1,brasiillasest,sg el,brasiillane,2,treener,sg n,treener,elative_attribute,,elative_attribute,elative_attribute
7663265,Mittemiljonärist ülikoolikaaslasele on ta aastaid hiljem etteheitvalt ülalt alla vaadanud .,mittemiljonärist ülikoolikaaslasele,mittemiljonärist ülikoolikaaslasele,mittemiljonärist ülikoolikaaslane,1,mittemiljonärist,sg el,mittemiljonär,2,ülikoolikaaslasele,sg all,ülikoolikaaslane,elative_attribute,,other,other
5762207,See on selge surmahoop igasugustele annetele ja veel enne sündi sureb ka lootus teha Eesti pealinnast talentide linn .,eesti pealinnast talentide,pealinnast talentide,pealinnast talent,16,pealinnast,sg el,pealinn,17,talentide,pl g,talent,error,syntax,other,other
5016576,Tänasest üldisest poliitilisest usaldamatusest väljatulekuks pakkus Kallas tõhusamat koostööd opositsiooniga .,tänasest üldisest poliitilisest usaldamatusest väljatulekuks,usaldamatusest väljatulekuks,usaldamatusest väljatulek,4,usaldamatusest,sg el,usaldamatus,5,väljatulekuks,sg tr,väljatulek,other,government,other,other
1328851,""" Oleme tagantjärgi abikaasaga sellest rääkinud ja tema arvates oli sünnitus vees kuidagi pehmem ja kergem , "" ütles muusikamehest isa .",muusikamehest isa,muusikamehest isa,muusikamehest isa,20,muusikamehest,sg el,muusikamees,21,isa,sg n,isa,elative_attribute,,elative_attribute,elative_attribute
5459840,"Abielupaarist mees töötab Viljandis treialina , kuid naine on 9-kuuse lapsega hetkel kodus .",abielupaarist mees,abielupaarist mees,abielupaarist mees,1,abielupaarist,sg el,abielupaar,2,mees,sg n,mees,error,syntax,elative_attribute,elative_attribute
8793778,"“ Vigastused on jalgpalli lahutamatu osa , ” tõdes islandlasest peatreener .",islandlasest peatreener,islandlasest peatreener,islandlasest peatreener,10,islandlasest,sg el,islandlane,11,peatreener,sg n,peatreener,elative_attribute,,elative_attribute,elative_attribute
1745414,"Komisjoni usaldusväärsuse lõplikuks toonitamiseks nimetas valitsus analüüsirühma juhiks Rootsi Punase Risti peasekretäri Peter Öhrni , endise liberaalist tipppoliitiku .",", endise liberaalist tipppoliitiku",liberaalist tipppoliitiku,liberaalist tipppoliitik,17,liberaalist,sg el,liberaal,18,tipppoliitiku,sg g,tipppoliitik,elative_attribute,,elative_attribute,elative_attribute
3167348,Iseseisvusest lugu pidamine on sedapuhku argumendiks valitsuse vastu .,iseseisvusest lugu,iseseisvusest lugu,iseseisvusest lugu,1,iseseisvusest,sg el,iseseisvus,2,lugu,sg n,lugu,error,verbal idiom,other,other
11754807,"Minu Narva muusikakooli akordioniõpetajast ema Ljudmila Juzvik on samuti laulja , laulis Narvas ja käis ka Valge Daami konkursil .",minu narva muusikakooli akordioniõpetajast ema ljudmila juzvik,akordioniõpetajast ema,akordioniõpetajast ema,4,akordioniõpetajast,sg el,akordioniõpetaja,5,ema,sg n,ema,elative_attribute,,elative_attribute,elative_attribute
7432548,"Üha rohkem hakati mööblikujunduses kasutama metallkonstruktsioone , pehme mööbli põhjad tehti tugevatest puldanrihmadest ja lahtise poroloonpolstriga (  Mait Summatavet  ) , kuulsaks said  Väino Tamme  painutatud ja liimitud spoonist toolid .",painutatud ja liimitud spoonist toolid,spoonist toolid,spoonist tool,29,spoonist,sg el,spoon,30,toolid,pl n,tool,elative_material,,elative_material,other
5225373,"Kõik maksab ja rahakotihoidjast haigekassa asi on terad sõkaldest eraldada ehk teisisõnu põhjendatud nõudmised täita , alusetuid aga mitte .",rahakotihoidjast haigekassa,rahakotihoidjast haigekassa,rahakotihoidjast haigekassa,4,rahakotihoidjast,sg el,rahakotihoidja,5,haigekassa,sg g,haigekassa,elative_attribute,,elative_attribute,elative_attribute
13526647,50 000 silmapaari megastaar Arnold Scwarzeneggeri ja tema filminäitlejast abikaasa Maria Shriveri poolt heisatavat Eriolümpia 10 .,ja tema filminäitlejast abikaasa maria shriveri poolt,filminäitlejast abikaasa,filminäitlejast abikaasa,8,filminäitlejast,sg el,filminäitleja,9,abikaasa,sg g,abikaasa,elative_attribute,,elative_attribute,elative_attribute
5637607,Uksetehas toodab ja paigaldab Soome suurima ehitusfirma YIT Rakennus OY ehitatavale ärikeskusele Innopol II umbes 850 klaasist ja puidust vaheseina ning üle 700 ukse .,umbes 850 klaasist ja puidust vaheseina ning üle 700 ukse,klaasist vaheseina,klaasist vahesein,17,klaasist,sg el,klaas,20,vaheseina,sg p,vahesein,elative_material,,elative_material,elative_material
8927644,Praegusest umbes 5600 ruutmeetri suurusest horisontaalpinnaga muruplatsist laululava ees saab enne suviseid välikontserte kivist katte kahe tuhande ruutmeetri suurune pind .,praegusest umbes 5600 ruutmeetri suurusest horisontaalpinnaga muruplatsist laululava ees,muruplatsist laululava,muruplatsist laululava,7,muruplatsist,sg el,muruplats,8,laululava,sg n,laululava,elative_attribute,huvitav erand,other,other
6710756,"Chelsea edutee algas kaks aastat tagasi , kui võlgades klubi ostis venelasest miljardär Roman Abramovitš .",venelasest miljardär roman abramovitš,venelasest miljardär,venelasest miljardär,12,venelasest,sg el,venelane,13,miljardär,sg n,miljardär,elative_attribute,,elative_attribute,elative_attribute
14279183,"Oli selge , et horvaadid , kelle tööandjate seas on esindatud suur osa Euroopa tippklubisid , on Eestiga võrreldes teisest klassist meeskond .",teisest klassist meeskond,klassist meeskond,klassist meeskond,21,klassist,sg el,klass,22,meeskond,sg n,meeskond,elative_attribute,,other,other
12131278,Nii tuligi suursoosikust võõrustajatel pommitada kaugelt .,suursoosikust võõrustajatel,suursoosikust võõrustajatel,suursoosikust võõrustaja,3,suursoosikust,sg el,suursoosik,4,võõrustajatel,pl ad,võõrustaja,elative_attribute,,elative_attribute,other
6835920,Külaliseks on sõprusklubi Võrust Ivika Nõgeli kinnitusel oli möödunud tegevusaasta klubile edukas .,sõprusklubi võrust ivika nõgeli kinnitusel,võrust kinnitusel,võrust kinnitus,4,võrust,sg el,võru,7,kinnitusel,sg ad,kinnitus,error,syntax,elative_attribute,other
11243174,Üksikõndijast lavastaja kaitses magistritöö oma kogemusest sotsioloogilise teatri vallas,üksikõndijast lavastaja,üksikõndijast lavastaja,üksikõndijast lavastaja,1,üksikõndijast,sg el,üksikõndija,2,lavastaja,sg n,lavastaja,elative_attribute,,elative_attribute,elative_attribute
9439530,"Oma arvamust põhjendas ta asjaoluga , et hukkunul olid käes kummist töökindad .",kummist töökindad,kummist töökindad,kummist töökinnas,11,kummist,sg el,kumm,12,töökindad,pl n,töökinnas,elative_material,,elative_material,elative_material
2405852,"Samas tunnistas Rohtla , et füüsilisest isikust ettevõtjad reeglina eriti suuri tulusid ei deklareeri .",füüsilisest isikust ettevõtjad,isikust ettevõtjad,isikust ettevõtja,7,isikust,sg el,isik,8,ettevõtjad,pl n,ettevõtja,elative_attribute,,elative_attribute,other
13363062,"« See on jube , ma ei ela niisugust asja üle , » pahvatas parlamendi kõnetoolist endise peaministri Silvio Berlusconi praegu opositsioonis oleva erakonna saadik Elisabetta Gardini pärast naistetualetis käiku , kus ta põrkus valitsuskoalitsioonis oleva kommunistliku erakonna saadiku « preili » Luxuriaga .",parlamendi kõnetoolist endise peaministri silvio berlusconi,kõnetoolist peaministri,kõnetoolist peaminister,16,kõnetoolist,sg el,kõnetool,18,peaministri,sg g,peaminister,error,syntax,other,other
2557444,"Rootsi politsei vahistas kaks vene rahvusest meest , kes olid ajanud taga Eesti saatkonda põgenenud eestlast .","kaks vene rahvusest meest , kes olid ajanud taga eesti saatkonda põgenenud eestlast",rahvusest meest,rahvusest mees,6,rahvusest,sg el,rahvus,7,meest,sg p,mees,other,collective,other,other
12230736,"Instituudi usaldusuuringu andmetele toetudes koosneks üks kolmandik nõukogust ohvitseridest , teine kolmandik usujuhtidest ja kolmas kolmandik teadlastest .",nõukogust ohvitseridest,nõukogust ohvitseridest,nõukogust ohvitser,8,nõukogust,sg el,nõukogu,9,ohvitseridest,pl el,ohvitser,error,syntax,elative_attribute,other
3486301,9 miljonist ja 30 liiki kuuluvast talvitajast merepardist moodustavad aulid tervelt poole .,miljonist ja 30 liiki kuuluvast talvitajast merepardist,talvitajast merepardist,talvitajast merepart,7,talvitajast,sg el,talvitaja,8,merepardist,sg el,merepart,elative_attribute,,elative_attribute,elative_attribute
3099448,"Plahvatus toimus hetkel , kui Jandarbijev oli väljunud pühakojast palvuselt ning istus oma autosse , mille alla oli tõenäoliselt pandud lõhkekeha .",pühakojast palvuselt,pühakojast palvuselt,pühakojast palvus,9,pühakojast,sg el,pühakoda,10,palvuselt,sg abl,palvus,error,syntax,other,other
6786907,Paraadist osavõtjate paraadrivistus :,paraadist osavõtjate,paraadist osavõtjate,paraadist osavõtja,1,paraadist,sg el,paraad,2,osavõtjate,pl g,osavõtja,other,ja-ending,other,other
2633804,"Kohtla-Järve Olevi tänav 23 maja elanikele tuli kui välk selgest taevast teade , et neil ei lülitata kaugkütet sisse , kuna nad on ühed suuremad võlgnikud - pärast 2005. aasta novembrit pole ettevõttele VKG Energia ühtki arvet tasutud .","selgest taevast teade , et neil ei lülitata kaugkütet sisse , kuna nad on ühed suuremad võlgnikud - pärast 2005. aasta novembrit pole ettevõttele vkg energia ühtki arvet tasutud",taevast teade,taevast teade,11,taevast,sg el,taevas,12,teade,sg n,teade,error,syntax,other,other
14206317,Tervelt 71% iraaklastest soovib USA vägede lahkumist riigist aasta jooksul .,riigist aasta jooksul,riigist aasta,riigist aasta,8,riigist,sg el,riik,9,aasta,sg g,aasta,error,syntax,other,other
1462895,McLareni sõitjad on endiselt soomlasest tiitlikaitsja Mika Häkkinen ja shotlane David Coulthard .,mclareni sõitjad on endiselt soomlasest tiitlikaitsja mika häkkinen ja shotlane david coulthard .,soomlasest tiitlikaitsja,soomlasest tiitlikaitsja,5,soomlasest,sg el,soomlane,6,tiitlikaitsja,sg n,tiitlikaitsja,elative_attribute,,elative_attribute,elative_attribute
9828218,"“ Kaotuste seeria järel kuulsin etteheiteid , et ei võtnud nõupidamisaega ega üritanudki meeskonda juhtida , ” märkis hollandlasest peatreener .",hollandlasest peatreener,hollandlasest peatreener,hollandlasest peatreener,19,hollandlasest,sg el,hollandlane,20,peatreener,sg n,peatreener,elative_attribute,,elative_attribute,elative_attribute
2564946,"AS Roma argentiinlasest ründaja Gabriel Batistuta kaitseb ennast ja oma meeskonnakaaslasi väites , et mängujärgse löömingu provotseerisid Galatasaray mängijad .",as roma argentiinlasest ründaja gabriel batistuta,argentiinlasest ründaja,argentiinlasest ründaja,3,argentiinlasest,sg el,argentiinlane,4,ründaja,sg n,ründaja,elative_attribute,,elative_attribute,elative_attribute
904286,"Keskerakondlasest rahanduskomisjoni liige Olev Raju seevastu väitis , et valitsuse maksupoliitika pole kasulik eestlastele , vaid välisfirmadele , kes viivad raha riigist välja .",keskerakondlasest rahanduskomisjoni,keskerakondlasest rahanduskomisjoni,keskerakondlasest rahanduskomisjon,1,keskerakondlasest,sg el,keskerakondlane,2,rahanduskomisjoni,sg g,rahanduskomisjon,error,syntax,elative_attribute,elative_attribute
15784737,"kõnealuste Thrips palmi Karny juhtude jätkuva avastamise põhjal tuleks võtta terve ühenduse suhtes kohaldatavad erakorralised meetmed , et tagada tõhusam kaitse Thrips palmi Karny kõnealusest riigist ühendusse kandumise vastu ; kõnealused meetmed peaksid sisaldama nõuet esitada Taist pärit Orchidaceae-sugukonda kuuluvate lõikelillede puhul fütosanitaarsertifikaat koos ametliku kinnitusega selle kohta , et tootmiskohas ei ole avastatud Thrips palmi Karny't või et partii on läbinud asjakohase fumigatsiooni , et tagada Thysanoptera puudumine ;",kõnealusest riigist ühendusse,riigist ühendusse,riigist ühendus,26,riigist,sg el,riik,27,ühendusse,adt,ühendus,error,syntax,other,other
4663255,Vaid ühepaadi olümpiavõitja Rob Waddell on ergomeetril tõmmanud parema tulemuse kui sakslasest maailmameister .,kui sakslasest maailmameister,sakslasest maailmameister,sakslasest maailmameister,12,sakslasest,sg el,sakslane,13,maailmameister,sg n,maailmameister,elative_attribute,,elative_attribute,elative_attribute
7410493,"Võrdväärselt vajadusega tehnika ( telefoni , auto , lennuki ) järele kasvab tunne ning sõprusest saab armastus , armastusest aga armukadedus .",", armastusest aga armukadedus",armastusest armukadedus,armastusest armukadedus,19,armastusest,sg el,armastus,21,armukadedus,sg n,armukadedus,other,ellips,other,other
15274622,"Hispaania turu olukorda on võimalik leevendada , eksportides osa kõnealusest ülemäärasest odrakogusest kolmandatesse riikidesse ; odra maailmaturuhinda silmas pidades on eksport võimalik üksnes eksporditoetuse abil ;",kõnealusest ülemäärasest odrakogusest kolmandatesse riikidesse,kõnealusest odrakogusest,kõnealusest odrakogus,10,kõnealusest,sg el,kõnealune,12,odrakogusest,sg el,odrakogus,error,adjective,other,other
1673854,"Eile jõudsid Moskvast Riiga viis Läti venelasest lendurit , kes olid Indias eluks ajaks vangi mõistetud ning kellele India president oli armu andnud .","viis läti venelasest lendurit , kes olid indias eluks ajaks vangi mõistetud ning kellele india president oli armu andnud",venelasest lendurit,venelasest lendur,7,venelasest,sg el,venelane,8,lendurit,sg p,lendur,elative_attribute,,elative_attribute,elative_attribute
4258319,Truutsi sõnul jõuab enamik tolmust linnatänavatele talvel libeduse tõrjeks teedele puistatavast liivast ning kevaditi on seda linnaõhus kolm-neli korda rohkem kui muidu .,tolmust linnatänavatele,tolmust linnatänavatele,tolmust linnatänav,5,tolmust,sg el,tolm,6,linnatänavatele,pl all,linnatänav,error,syntax,elative_material,elative_material
5857368,"Nüüd piisab kas või vereplekist kuulil või naharakukestest sigaretikonil , "" tõi ta näite .",kas või vereplekist kuulil või naharakukestest sigaretikonil,vereplekist kuulil,vereplekist kuul,5,vereplekist,sg el,vereplekk,6,kuulil,sg ad,kuul,error,syntax,other,other
6696877,"Keskerakonna ja Reformierakonna koalitsioonileppes seisab must valgel , et linnavalitsus maksab "" alates teisest lapsest koolimineku kulude katmiseks ranitsatoetust 5000 krooni "" .",teisest lapsest koolimineku,lapsest koolimineku,lapsest kooliminek,15,lapsest,sg el,laps,16,koolimineku,sg g,kooliminek,error,syntax,elative_attribute,elative_attribute
6519743,"GAZA , 2. veebruar ( EPLO ) - 10aastane palestiinlasest tüdruk sai esmaspäeval surma , kui moslemid tähistasid Mekasse palverännakule teele asumist ja tulistasid relvadest , varem süüdistasid palestiinlased ja ÜRO ametnikud tüdruku hukkumises Iisraeli .",10aastane palestiinlasest tüdruk,palestiinlasest tüdruk,palestiinlasest tüdruk,10,palestiinlasest,sg el,palestiinlane,11,tüdruk,sg n,tüdruk,elative_attribute,,elative_attribute,elative_attribute
1448696,Tegelikult tahtis venelasest narkosõltlane lihtsalt raha teenida ja oli pakkidesse heroiini asemele pannud hoopis tsementi .,venelasest narkosõltlane,venelasest narkosõltlane,venelasest narkosõltlane,3,venelasest,sg el,venelane,4,narkosõltlane,sg n,narkosõltlane,elative_attribute,,elative_attribute,elative_attribute
11217413,"Ekspertiisist mees keeldus , nõudis advokaati ja konsulit .",ekspertiisist mees,ekspertiisist mees,ekspertiisist mees,1,ekspertiisist,sg el,ekspertiis,2,mees,sg n,mees,error,syntax,other,other
1055657,"Arutelu käigus otsustati , et kõrgkoolid esitatavad linnavolikogu esimehele oma ettepanekud ja visiooni võimalikust tulevasest koostööst 15.maiks.",võimalikust tulevasest koostööst 15. maiks,tulevasest koostööst,tulevasest koostöö,15,tulevasest,sg el,tulevane,16,koostööst,sg el,koostöö,error,adjective,other,other
11028698,"Remont läheb maksma 2,7 miljonit krooni , selle raha eest restaureeritakse näiteks ka heledast kasest mööbel .",näiteks ka heledast kasest mööbel,kasest mööbel,kasest mööbel,15,kasest,sg el,kask,16,mööbel,sg n,mööbel,elative_material,,other,elative_material
6948580,Esimene eesti soost õpetaja Otepääl oli just Hurt .,esimene eesti soost õpetaja otepääl oli just hurt .,soost õpetaja,soost õpetaja,3,soost,sg el,sugu,4,õpetaja,sg n,õpetaja,other,collective,other,other
12863427,"Pijpers vahendab vestlust hollandlasest tohtriga , kes Eesti Bulgaaria äsjasel EM-mängul dopingukontrolli korraldas .","hollandlasest tohtriga , kes eesti bulgaaria äsjasel em-mängul dopingukontrolli korraldas",hollandlasest tohtriga,hollandlasest tohter,4,hollandlasest,sg el,hollandlane,5,tohtriga,sg kom,tohter,elative_attribute,,elative_attribute,elative_attribute
11957098,"Mingi talupojast esivanem veel ka sosistab hingesügavusest ja aegade hämarusest : pojake , ega vihmane suvi muud tähenda kui ikaldust , talve aegu peab püksirihma pingutama , hambad varna riputama .",mingi talupojast esivanem,talupojast esivanem,talupojast esivanem,2,talupojast,sg el,talupoeg,3,esivanem,sg n,esivanem,elative_attribute,,elative_attribute,elative_attribute
6400652,"BOWLING GREEN , 11. aprill ( BBC-EPLO ) - USAs Ohios ülikoolis töötav eestlasest professor Jaak Panksepp leiab , et paljudel loomadel on omaenda viis , kuidas nad naeravad .",usas ohios ülikoolis töötav eestlasest professor jaak panksepp,eestlasest professor,eestlasest professor,14,eestlasest,sg el,eestlane,15,professor,sg n,professor,elative_attribute,,elative_attribute,elative_attribute
10138455,"Suvel on pidutsemist alati rohkem , sest koolist ja vanemate pilgu alt ollakse prii ja seetõttu suureneb ka mõnuainete tarbimine .",koolist ja vanemate pilgu alt,koolist pilgu,koolist pilk,8,koolist,sg el,kool,11,pilgu,sg g,pilk,other,conjunction,other,other
9426266,"Maccabi nõutud valurahast osa maksab Heat ja osa arvestatakse järk-järgult maha Martini palgast - nii ma sain telefonist poisi jutust aru , ” rääkis ta .",maccabi nõutud valurahast osa,valurahast osa,valurahast osa,3,valurahast,sg el,valuraha,4,osa,sg n,osa,other,government,other,other
847398,"Kuid Betterton juhib tähelepanu , et kuna turvapatju paigaldatakse autodesse järjest rohkem ning autode kasutusaeg kestab vaid paarkümmend aastat , võib ainu- üksi Ameerikas sattuda vanade autode utiliseerimisel keskkonda miljoneid kilogramme mürgist naatriumasiidi .",mürgist naatriumasiidi,mürgist naatriumasiidi,mürgist naatriumasiid,32,mürgist,sg el,mürk,33,naatriumasiidi,adt,naatriumasiid,error,adjective,elative_material,elative_material
12315902,Tal on jaapanlasest abikaasa .,jaapanlasest abikaasa,jaapanlasest abikaasa,jaapanlasest abikaasa,3,jaapanlasest,sg el,jaapanlane,4,abikaasa,sg n,abikaasa,elative_attribute,,elative_attribute,elative_attribute
14935601,2 ) paragrahvi 67  1  lõike 1 punkti 1 täiendatakse pärast sõna “ registrist ” sõnaga “ tõestatud ” ja punkti 2 pärast sõna “ koostatud ” sõnaga “ tõestatud ” ;,“ registrist ” sõnaga “ tõestatud ”,registrist sõnaga,registrist sõna,14,registrist,sg el,register,16,sõnaga,sg kom,sõna,error,syntax,other,other
15000065,Valge klombitud kivist maja üldilme on tagasihoidlik ja vaoshoitud .,klombitud kivist maja,kivist maja,kivist maja,3,kivist,sg el,kivi,4,maja,sg g,maja,elative_material,,elative_material,elative_material
4592859,""" Kahjuks on nii , et peame nüüd mõneks ajaks karupüüdmises pausi pidama , sest soomlasest koerajuht peab minema tagasi igapäevatööle , ning lahkub täna õhtul koos koeraga Ruhnu saarelt , "" selgitas Sootna .",soomlasest koerajuht,soomlasest koerajuht,soomlasest koerajuht,16,soomlasest,sg el,soomlane,17,koerajuht,sg n,koerajuht,elative_attribute,,elative_attribute,elative_attribute
6398313,alumiiniumist ripplagi vajab vähe hooldust .,alumiiniumist ripplagi,alumiiniumist ripplagi,alumiiniumist ripplagi,1,alumiiniumist,sg el,alumiinium,2,ripplagi,sg n,ripplagi,elative_material,,elative_material,elative_material
8582143,"Krokodilli venelasest müüja oli väitnud , et tõi loomakese Egiptusest ja paberid on kõik korras .",krokodilli venelasest müüja,venelasest müüja,venelasest müüja,2,venelasest,sg el,venelane,3,müüja,sg n,müüja,elative_attribute,,elative_attribute,elative_attribute
3349219,Siin on silmas peetud südame tervisealast teavitustööd laste ja noorte seas .,südame tervisealast teavitustööd laste ja noorte seas,tervisealast teavitustööd,tervisealast teavitustöö,6,tervisealast,sg el,terviseala,7,teavitustööd,pl n,teavitustöö,error,adjective,other,other
6167383,See oli määratud kogusummast libor pluss 115 protsendipunkti .,kogusummast libor,kogusummast libor,kogusummast libor,4,kogusummast,sg el,kogusumma,5,libor,sg n,libor,error,syntax,other,other
10330998,"Ema kitsenahast kasukast on Veljo õmmelnud endale papaaha , igati sooja ja praktilise peakatte .",ema kitsenahast kasukast,kitsenahast kasukast,kitsenahast kasukas,2,kitsenahast,sg el,kitsenahk,3,kasukast,sg el,kasukas,elative_material,,elative_material,elative_material
7796869,"Meie saime täiskasvanuks , ” räägib Kerttu salkkonnast kursusekaaslastest , kes iga päev ennast kahte autosse mahutas , et töö ja kooli vahet sõita .","salkkonnast kursusekaaslastest , kes iga päev ennast kahte autosse mahutas , et töö ja kooli vahet sõita",salkkonnast kursusekaaslastest,salkkonnast kursusekaaslane,8,salkkonnast,sg el,salkkond,9,kursusekaaslastest,pl el,kursusekaaslane,error,syntax,other,other
7153834,"Kuid kivist Rupert oli alles – ees pühamehe leplik , aga ometi läbitungimatu ilme nagu kõigil taolistel kujudel .",kivist rupert,kivist rupert,kivist Rupert,2,kivist,sg el,kivi,3,rupert,sg n,Rupert,elative_material,,elative_material,elative_material
5738436,"Häirekeskus sai 24. juunil kell 15.38 teate , et poolteise tunni eest oli järve ujuma läinud mees , kes pole senini välja ilmunud , päästjad leidsid mehe laiba kaldast nelja meetri kauguselt viie-kuue meetri sügavusest veest .",viie-kuue meetri sügavusest veest,sügavusest veest,sügavusest vesi,35,sügavusest,sg el,sügavus,36,veest,sg el,vesi,error,syntax,other,other
9310348,"Kateedrist hullupalati on ainult väike samm , kirjutas kord Betti Alver .",kateedrist hullupalati,kateedrist hullupalati,kateedrist hullupalat,1,kateedrist,sg el,kateeder,2,hullupalati,sg g,hullupalat,error,syntax,other,other
1046661,Tartu kaubamaja taga sõbra autost välja astunud eksabilinnapea poja Anton Lenzneri surnukeha leidis pühapäeval linna lähedalt jõesilla alt poisikesest kalamees .,poisikesest kalamees,poisikesest kalamees,poisikesest kalamees,19,poisikesest,sg el,poisike,20,kalamees,sg n,kalamees,elative_attribute,,other,other
15931288,"Pole veel käes memuaaride aeg , seetõttu vaid nukravõitu tagasipilk tollele augustiõhtule eelnenud tundidesse , mil mind lausa jahmatas paari-kolme eesti soost poliitiku tõrksus või koguni kartus täita oma kohust rahva poolt antud ametis .",paari-kolme eesti soost poliitiku,soost poliitiku,soost poliitik,22,soost,sg el,sugu,23,poliitiku,sg g,poliitik,other,collective,other,other
2995782,Perekonna meisterpagarist vanaema on selle küpsetanud ja värvilise pärlsuhkruga dekoreerinud .,perekonna meisterpagarist vanaema,meisterpagarist vanaema,meisterpagarist vanaema,2,meisterpagarist,sg el,meisterpagar,3,vanaema,sg n,vanaema,elative_attribute,,elative_attribute,elative_attribute
8434251,Ühingute tegevusest osavõtt pakub inimestele toetust ja meelelahutust .,ühingute tegevusest osavõtt,tegevusest osavõtt,tegevusest osavõtt,2,tegevusest,sg el,tegevus,3,osavõtt,sg n,osavõtt,other,government,other,other
8271998,"Mihkel Mattisen on 24. oktoobrist 19. novembrini suurel üle-eestilisel kontsertturneel "" Klassika superhitid klaveril "" .","mihkel mattisen on 24. oktoobrist 19. novembrini suurel üle-eestilisel kontsertturneel "" klassika superhitid klaveril "" .",oktoobrist kontsertturneel,oktoobrist kontsertturnee,5,oktoobrist,sg el,oktoober,10,kontsertturneel,sg ad,kontsertturnee,other,copula,other,other
2212542,Viljar on teinud samahästi kui peedist pesumasinale trumli ehk mõned lauad paadimootori ümber kokku löönud ja saanud looduslikes värvides paadi .,peedist pesumasinale,peedist pesumasinale,peedist pesumasin,6,peedist,sg el,peet,7,pesumasinale,sg all,pesumasin,error,syntax,other,other
13131577,Nõnda suur vaatluste hulk on ühtlasi kinnitus meie toonekurerikkusest valgeid kurgi on meil viimastel aastatel pesitsenud isegi kuni 4000 paari !,meie toonekurerikkusest valgeid kurgi,toonekurerikkusest kurgi,toonekurerikkusest kurg,9,toonekurerikkusest,sg el,toonekurerikkus,11,kurgi,pl p,kurg,error,syntax,other,other
9262193,"Olgu näideteks toodud siis viiekümnendatel Ameerikas aset leidnud asjad ( Denny , Baxter , Esquival ) või üheksakümnendate keskpaigast peale kogu maailmas toimunud muusikamuutused .",või üheksakümnendate keskpaigast peale kogu maailmas toimunud muusikamuutused,keskpaigast muusikamuutused,keskpaigast muusikamuutus,19,keskpaigast,sg el,keskpaik,24,muusikamuutused,pl n,muusikamuutus,error,syntax,other,other
3991049,"Veebruari algusest saadik on mees tassinud kõnnitee äärest ära betoonist poolkerasid , seejärel paigaldatud massiivsemaid tuvikujulisi tõkkeid ehk nn linnatuvisid , viimati aga kohendas metallist piirdeaeda .","betoonist poolkerasid , seejärel paigaldatud massiivsemaid tuvikujulisi tõkkeid ehk nn linnatuvisid",betoonist poolkerasid,betoonist poolkera,10,betoonist,sg el,betoon,11,poolkerasid,pl p,poolkera,elative_material,,elative_material,elative_material
12176442,Tänavu paigaldatakse meie põhiteedele esialgu 100-meetriste vahedega kokku ligi 15 000 plastist püstmärki .,ligi 15 000 plastist püstmärki,plastist püstmärki,plastist püstmärk,11,plastist,sg el,plast,12,püstmärki,sg p,püstmärk,elative_material,,elative_material,elative_material
2594718,"Tallinna vanglas poos end reedel üles Ilja Frolov ( 20 ) , kes talvel lasi raha tõttu tekkinud tülis maha ärimehest isa .",ärimehest isa,ärimehest isa,ärimehest isa,21,ärimehest,sg el,ärimees,22,isa,sg n,isa,elative_attribute,,elative_attribute,elative_attribute
1404951,"Kinnitamist ootavasse planeeringusse jäid alles Kaarli puiestee kohale tõstetud esplanaad , Vabaduse väljaku laiendus Hirvepargi suunal ja planeeritust veidi madalam maa-alune korrusparkla väljakulaienduse alla , mis ei varja bastioni .","ja planeeritust veidi madalam maa-alune korrusparkla väljakulaienduse alla , mis ei varja bastioni",planeeritust korrusparkla,planeeritust korrusparkla,18,planeeritust,sg el,planeeritu,22,korrusparkla,sg n,korrusparkla,error,syntax,other,other
11104006,"Isegi laskumata madalavõitu arutlusse teemal “ mis hetkest saab lootest inimene ” , kinnitan veendunult , et tegu on 99 juhul 100st materialistlikel ( analoog röövmõrtsukaga ) ja/või egotsentrilistel ( analoog sarimõrtsukaga ) põhjustel sooritatud tahtliku tapmisega .",lootest inimene,lootest inimene,lootest inimene,10,lootest,sg el,loode,11,inimene,sg n,inimene,error,syntax,other,other
5672015,"Üha levinumate plastlillekastide asemel tarvita hoopis värvilisi ämbreid , kastekanne , reljeefse mustriga savist potte , tünne või purke .",", reljeefse mustriga savist potte",savist potte,savist pott,14,savist,sg el,savi,15,potte,pl p,pott,elative_material,,elative_material,elative_material
6463875,Lõvikoopast võit,lõvikoopast võit,lõvikoopast võit,lõvikoopast võit,1,lõvikoopast,sg el,lõvikoobas,2,võit,sg n,võit,other,ellips,other,other
7548905,"Võimsa mulje jättis üks regati suuremaid aluseid , puust Mehhiko pargas Cuauhtemoc .",", puust mehhiko pargas cuauhtemoc",puust pargas,puust pargas,9,puust,sg el,puu,11,pargas,sg n,pargas,elative_material,,elative_material,elative_material
2717399,"Ta kõlbaks ea poolest emaks Madonnale ja seksikuse vaatevinklist kaedes lõi Vietnami sõja päevil ( kui praktiliselt iga USA sõjalaeva- või lennukiparrast kaunistas pilt pool-alasti Nancyst ) vaat' et Marilyni ennast ( me keegi ei tea , milline oleks Marilyn olnud viiekümneselt või vanemana ja peale lapse sünnitamist ) .",seksikuse vaatevinklist kaedes,vaatevinklist kaedes,vaatevinklist kae,9,vaatevinklist,sg el,vaatevinkel,10,kaedes,pl in,kae,error,pos,other,other
1131089,"Jugoslaavia opositsioon väitis , et Milosevic põgenes oma Belgradi residentsist pealinnast kagusse , 100 km kaugusel asuvasse väikelinna Bori .","pealinnast kagusse , 100 km kaugusel asuvasse väikelinna bori",pealinnast kagusse,pealinnast kagu,11,pealinnast,sg el,pealinn,12,kagusse,sg ill,kagu,error,syntax,other,other
15550773,Ridala kogudus : 23. juuni kell 13 Uus kalmistu ; 25. juuni kell 13 kirikaias ; 9. juuli kell 13 Vana kalmistu ; 6. august kell 13 Sinalepa kalmistu,; 6. august kell 13 sinalepa kalmistu,august kalmistu,august kalmistu,25,august,sg el,auk,29,kalmistu,sg n,kalmistu,other,MILLAL MIS,other,other
1185813,"Telefoniteenuse sihtrühmaks on uimastisõltlased , nende lähedased , kooliõpilased , lapsevanemad , ametnikud , õpetajad , uimastialast infot ja nõustamist vajavad inimesed .",", uimastialast infot ja nõustamist",uimastialast infot,uimastialast info,17,uimastialast,sg el,uimastiala,18,infot,sg p,info,error,adjective,other,other
7522225,"Võta siis kinni , ühest küljest tundub see täitsa mõistlik jutt , teisest küljest ... jälle selline energiate ja väljade jahu .",", teisest küljest ... jälle selline energiate ja väljade jahu",küljest jahu,küljest jahu,14,küljest,sg el,külg,21,jahu,sg p,jahu,other,ellips,other,other
7550291,Suvine puhkus ( loe : õppetööst vaba aeg ) kulub pooleliolevate projektide vaevalisele lõpetamisele .,õppetööst vaba aeg,õppetööst aeg,õppetööst aeg,6,õppetööst,sg el,õppetöö,8,aeg,sg n,aeg,other,government,other,other
4387542,Viimasel ajal on pressis avaldatud erinevaid teateid tänavu kevadel oodatavast suurveest jõgedel .,tänavu kevadel oodatavast suurveest jõgedel,suurveest jõgedel,suurveest jõgi,11,suurveest,sg el,suurvesi,12,jõgedel,pl ad,jõgi,other,MIS KUS,other,other
14964148,"Selleks et hõlbustada tegevuse alustamist ja jätkamist füüsilisest isikust ettevõtjana , annab nõukogu vastavalt artiklis 189b sätestatud menetlusele direktiive diplomite , tunnistuste ja muude kvalifikatsioonitõendite vastastikuse tunnustamise kohta .",füüsilisest isikust ettevõtjana,isikust ettevõtjana,isikust ettevõtja,9,isikust,sg el,isik,10,ettevõtjana,sg es,ettevõtja,elative_attribute,,elative_attribute,other
5537147,Jätkub ka senine edukas koostöö norralasest määrdmeistri Magne Myrmoga .,norralasest määrdmeistri magne myrmoga,norralasest määrdmeistri,norralasest määrdmeister,6,norralasest,sg el,norralane,7,määrdmeistri,sg g,määrdmeister,elative_attribute,,elative_attribute,elative_attribute
3342253,"Ajakirjanikust salaagent Jason Gwynne astus paremäärmusliku BNP liikmeks ning oma seisust ära kasutades filmis kuue kuu vältel salaja partei poliitikuid , kes esitasid ülirassistlikke avaldusi .",ajakirjanikust salaagent jason gwynne,ajakirjanikust salaagent,ajakirjanikust salaagent,1,ajakirjanikust,sg el,ajakirjanik,2,salaagent,sg n,salaagent,elative_attribute,,elative_attribute,elative_attribute
5430587,") , vajuta ripsmete vahele musta pliiatsit , kooluta ja tušita ripsmed ning lase silmanurkadest voolama paar tilka hõbedast lainerit .",hõbedast lainerit,hõbedast lainerit,hõbedast lainer,19,hõbedast,sg el,hõbe,20,lainerit,sg p,lainer,elative_material,,elative_material,elative_material
8060071,"Kõik need tegurid on mõjutanud meie esivanemate käitumist ja maailmavaadet , ja nende tõekspidmisi ning põhiveendumusi antakse edasi põlvest põlve .",põlvest põlve,põlvest põlve,põlvest põli,19,põlvest,sg el,põlv,20,põlve,sg p,põli,other,KUST KUHU,other,other
6072912,"Narva energeetikute ametiühingute esmaspäevasest konverentsist osavõtjad otsustasid nõuda tööandjatelt alates 1. aprillist vähemalt 15-protsendist palgatõusu , nõudmiste mittetäitmise korral ähvardavad nad protestiüritustega , teatas ETA .",narva energeetikute ametiühingute esmaspäevasest konverentsist osavõtjad,konverentsist osavõtjad,konverentsist osavõtja,5,konverentsist,sg el,konverents,6,osavõtjad,pl n,osavõtja,other,ja-ending,other,other
10251735,Alates veebruarist 1997 Eesti Rahva Muuseumi teadur .,alates veebruarist 1997 eesti rahva muuseumi teadur .,veebruarist teadur,veebruarist teadur,2,veebruarist,sg el,veebruar,7,teadur,sg n,teadur,other,ellips,other,other
546736,Venelannast valvur päästab meid tuppa .,venelannast valvur,venelannast valvur,venelannast valvur,1,venelannast,sg el,venelanna,2,valvur,sg n,valvur,elative_attribute,,elative_attribute,elative_attribute
12621972,Ei autot juhtinud Jõhvi politseiniku Eduard Seppineni ega tema nooreminspektorist abikaasa surnukeha ekspertiisi tulemusi pole veel teada .,tema nooreminspektorist abikaasa,nooreminspektorist abikaasa,nooreminspektorist abikaasa,10,nooreminspektorist,sg el,nooreminspektor,11,abikaasa,sg g,abikaasa,elative_attribute,,elative_attribute,elative_attribute
11769545,Sündmuskohalt leiti eest viina võtvate meeste kamp ja maja ühiskoridori ühest kapist vintpüss .,ja ühest kapist vintpüss,kapist vintpüss,kapist vintpüss,12,kapist,sg el,kapp,13,vintpüss,sg n,vintpüss,other,ellips,other,other
10065803,"Enne kui lähed kämpingusse või telki magama , ära unusta saata kodustele Pipi Postkontorist kaart , millele kindlasti kirjuta : “ Ma olin terve päeva hea laps ! ”","kodustele pipi postkontorist kaart , millele kindlasti kirjuta : “ ma olin terve päeva hea laps ! ”",postkontorist kaart,postkontorist kaart,14,postkontorist,sg el,postkontor,15,kaart,sg n,kaart,error,syntax,other,other
6831606,Seminarist osavõtt maksab 950 krooni ja huvitatud saavad end veel registreerida telefonil 66 26 063 või aadressil  .,seminarist osavõtt,seminarist osavõtt,seminarist osavõtt,1,seminarist,sg el,seminar,2,osavõtt,sg n,osavõtt,other,government,other,other
6537560,Kogu kuulus 1930. aastatel Viiralti prantslannast muusale Nelly Stultzile .,viiralti prantslannast muusale nelly stultzile,prantslannast muusale,prantslannast muusa,6,prantslannast,sg el,prantslanna,7,muusale,sg all,muusa,elative_attribute,,elative_attribute,elative_attribute
8804006,"Kõige kohal aga hõljus nagu ilmutus Soome pähklipuust magamistuba , milleni neist üksi ei küündinud ja mida Mehis isegi näinud ei olnud .","soome pähklipuust magamistuba , milleni neist üksi ei küündinud ja mida mehis isegi näinud ei olnud",pähklipuust magamistuba,pähklipuust magamistuba,8,pähklipuust,sg el,pähklipuu,9,magamistuba,sg n,magamistuba,elative_material,,elative_material,elative_material
13015080,"Eesti Loto kunagine nõukogu esimees Siim Sukles , Teie võtsite Monika Salu tööle töölepinguga , mis lubas talle 25 protsenti kasumit ületavast summast preemiat ?",kasumit ületavast summast preemiat,summast preemiat,summast preemia,23,summast,sg el,summa,24,preemiat,sg p,preemia,other,government,other,other
12829197,"Endine belglasest kiirabitöötaja tegi oma hingevaakuvale tiigikalale suust suhu hingamist ja oli üliõnnelik , kui suutis kalli Jaapani päritolu karpkala päästa .",endine belglasest kiirabitöötaja,belglasest kiirabitöötaja,belglasest kiirabitöötaja,2,belglasest,sg el,belglane,3,kiirabitöötaja,sg n,kiirabitöötaja,elative_attribute,,elative_attribute,elative_attribute
3325158,"Ristid olid lihtsad metallist kolmeribilised juugendristid , mida näeb näiteks Saaremaal Kudjape surnuaial .","ristid olid lihtsad metallist kolmeribilised juugendristid , mida näeb näiteks saaremaal kudjape surnuaial .",metallist juugendristid,metallist juugendrist,4,metallist,sg el,metall,6,juugendristid,pl n,juugendrist,elative_material,,elative_material,elative_material
4089651,"Firma ostu- ja logstikadirektor Pavel Jakovlev sõnas avamisel , et tegemist on esimesega kahest kavandatud etapist terminali ehitusel ja kõigi kavade teostumisel suudab ettevõte Sillamäe sadama kaudu edastada kuni 1,5 miljonit tonni vedelkeemiatooteid aastas .",", et tegemist on esimesega kahest kavandatud etapist terminali ehitusel",etapist ehitusel,etapist ehitus,16,etapist,sg el,etapp,18,ehitusel,sg ad,ehitus,other,copula,other,other
11667121,"Tema juhtumist ajendatuna on politseinikud nüüd kohustatud näitama kiirust ületanud juhile radariekraani või laskma pealt kuulata raadioühendust teise politseiautoga , kus on paberile märgitud auto tunnused , kiirus ja kellaaeg .",tema juhtumist ajendatuna,juhtumist ajendatuna,juhtumist ajendatu,2,juhtumist,sg el,juhtum,3,ajendatuna,sg es,ajendatu,other,u-ending,other,other
10020402,"Vahest ongi just nende vahetu , igasugusest teatraalsusest vaba esinemisviis ja imposantsed rahvariided ja muidugi ka nende laulud siin enim tähelepanu pälvinud .","just nende vahetu , igasugusest teatraalsusest vaba esinemisviis ja imposantsed rahvariided ja muidugi ka nende laulud",teatraalsusest esinemisviis,teatraalsusest esinemisviis,8,teatraalsusest,sg el,teatraalsus,10,esinemisviis,sg n,esinemisviis,error,syntax,other,other
8087526,"Kuna tõeliselt head reklaamialast haridust pole Eestis võimalik omandada ning  self-made  professionaale on meil vaid käputäis , peab noor reklaamialdis inimene ise vaatama , kust ja kui palju .",tõeliselt head reklaamialast haridust,reklaamialast haridust,reklaamialast haridus,4,reklaamialast,sg el,reklaamiala,5,haridust,sg p,haridus,error,adjective,other,other
8125933,"Punase Risti šveislasest töötaja lasti töökaaslaste silme ees maha Kandahari maakonnas , kui rünnati nende autokolonni .",punase risti šveislasest töötaja,šveislasest töötaja,šveislasest töötaja,3,šveislasest,sg el,šveislane,4,töötaja,sg n,töötaja,elative_attribute,,elative_attribute,elative_attribute
5896898,Kojonkoskiga sama meelt oli ka sakslasest hüppelegend Jens Weissflog .,ka sakslasest hüppelegend jens weissflog,sakslasest hüppelegend,sakslasest hüppelegend,6,sakslasest,sg el,sakslane,7,hüppelegend,sg n,hüppelegend,elative_attribute,,elative_attribute,elative_attribute
5246793,"Rahandusministeeriumi edetabel kinnitab reformierakondlasest regionaalministri Toivo Asmeri sõnu nostalgia ajel taastatud paljude valdade-linnade elujõuetusest , millega ta soovitas mullu sügisel haldusreformi mudeliks valemit "" 15+x "" ( 15 oli maakondadest moodustuvate suurvaldade arv , x aga omavalitsuse staatusesse jäävate linnade arv ) .",reformierakondlasest regionaalministri toivo asmeri,reformierakondlasest regionaalministri,reformierakondlasest regionaalminister,4,reformierakondlasest,sg el,reformierakondlane,5,regionaalministri,sg g,regionaalminister,elative_attribute,,elative_attribute,elative_attribute
15152419,"1905 90 40 - - - vahvlid , mis sisaldavad üle 10% massist vett",üle 10% massist vett,massist vett,massist vesi,11,massist,sg el,mass,12,vett,sg p,vesi,error,syntax,elative_material,elative_material
15768174,"Järelikult , hoolimata pikast kooseksistentsist inimkonnaga on H. pylori infektsioon paljudest maakera paikadest järk-järgult kadumas .",", hoolimata pikast kooseksistentsist inimkonnaga",kooseksistentsist inimkonnaga,kooseksistentsist inimkond,5,kooseksistentsist,sg el,kooseksistents,6,inimkonnaga,sg kom,inimkond,other,government,other,other
7438229,"Reportaazhist reportaazhi kanduvad väljendid “ tegi suurepärase kehapette ” , “ tegi pettelöögi paremaga ja siis tabas vasaksirgega ” , “ möödus ilusa pettega väravavahist ja lõi värava ” , “ pettis vastase õhku ja teenis vabavisked ” .",reportaazhist reportaazhi,reportaazhist reportaazhi,reportaazhist reportaazh,1,reportaazhist,sg el,reportaazh,2,reportaazhi,sg g,reportaazh,other,KUST KUHU,other,other
7897993,"Ja vist tõesti esmakordselt tajus ta , et kasvatab meessoost olevust .",meessoost olevust,meessoost olevust,meessoost olevus,10,meessoost,sg el,meessugu,11,olevust,sg p,olevus,other,collective,other,other
4410469,Muhu vallavanem Tiit Peedu sõnul püstitab vallarahvas siis Smuuli asemel Kalev Kallo kipsist kuju ja paneb kajaka külge .,kalev kallo kipsist kuju,kipsist kuju,kipsist kuju,13,kipsist,sg el,kips,14,kuju,sg p,kuju,elative_material,,elative_material,elative_material
15633436,Treeneri sõnul ongi see lätlasest leegionäri suurim probleem .,lätlasest leegionäri,lätlasest leegionäri,lätlasest leegionär,5,lätlasest,sg el,lätlane,6,leegionäri,sg g,leegionär,elative_attribute,,elative_attribute,elative_attribute
13168469,"Korraga kuulutas õhtu peaesineja ise välja , et nüüd astub lavale tema tütre hispaanlasest ristiisa , kelle nimi aga muude emotsioonide varju jäi .","tema tütre hispaanlasest ristiisa , kelle nimi aga muude emotsioonide varju jäi",hispaanlasest ristiisa,hispaanlasest ristiisa,14,hispaanlasest,sg el,hispaanlane,15,ristiisa,sg n,ristiisa,elative_attribute,,elative_attribute,elative_attribute
2189527,""" Ma ei saa öelda , et oleksin kogunud vallast andmeid inimeste kohta , kes välja saadeti , kuid ma võisin ülema korraldusel vallamajast küsida mõne pere kohta õiendit , "" kinnitas Klaassepp ( 77 ) korduvalt kohtule .","vallast andmeid inimeste kohta , kes välja saadeti",vallast andmeid,vallast andmed,10,vallast,sg el,vald,11,andmeid,pl p,andmed,error,syntax,other,other
11625389,Hinnaklassis madalamad on polüestervärviga kaetud või siis värvita ehk tsinkplekist kattematerjalid .,polüestervärviga kaetud või siis värvita ehk tsinkplekist kattematerjalid,tsinkplekist kattematerjalid,tsinkplekist kattematerjal,10,tsinkplekist,sg el,tsinkplekk,11,kattematerjalid,pl n,kattematerjal,elative_material,,elative_material,elative_material
534800,"Elupõletajast meest hoiab veel suremast sõbrahuvi ära näha , kas Lucy kannatab ära oodata õige ja väärilise .",elupõletajast meest,elupõletajast meest,elupõletajast mees,1,elupõletajast,sg el,elupõletaja,2,meest,sg p,mees,elative_attribute,,elative_attribute,elative_attribute
10670185,"Ravikindlustusega hõlmatud töötaja eest maksab ravikindlustusmaksu tööandja , füüsilisest isikust ettevõtja maksab ise .",füüsilisest isikust ettevõtja,isikust ettevõtja,isikust ettevõtja,10,isikust,sg el,isik,11,ettevõtja,sg n,ettevõtja,elative_attribute,,elative_attribute,other
10267495,"“ Küsimus ei ole mitte nii väga just selles maatükis , vaid linnapea Jüri Mõisa üldisemas plaanis erinevate objektide müügile või rendile andmise korral konkursse enam mitte korraldada , kuna selline käitumine võib kahjustada linna huve , ” rääkis Tallinna linnavolikogu reformierakondlasest esimees Rein Voog .",tallinna linnavolikogu reformierakondlasest esimees rein voog,reformierakondlasest esimees,reformierakondlasest esimees,42,reformierakondlasest,sg el,reformierakondlane,43,esimees,sg n,esimees,elative_attribute,,elative_attribute,elative_attribute
6178044,Mida võib hinnata ka kui üleskutset mitte hääletada eesti rahvusest kandidaatide poolt :,eesti rahvusest kandidaatide poolt,rahvusest kandidaatide,rahvusest kandidaat,10,rahvusest,sg el,rahvus,11,kandidaatide,pl g,kandidaat,other,collective,other,other
13567818,Nimekaimust peatreener Mustafa Denizli kutsus teda koondisse juba kaks aastat tagasi .,nimekaimust peatreener mustafa denizli,nimekaimust peatreener,nimekaimust peatreener,1,nimekaimust,sg el,nimekaim,2,peatreener,sg n,peatreener,elative_attribute,,elative_attribute,other
7378882,"Tuntud bioloogiast kirjutajate hulgas on vähe neid , kes selle teaduse ajaloost ja tänapäevast nii palju teavad kui tema .","tuntud bioloogiast kirjutajate hulgas on vähe neid , kes selle teaduse ajaloost ja tänapäevast nii palju teavad kui tema .",bioloogiast kirjutajate,bioloogiast kirjutaja,2,bioloogiast,sg el,bioloogia,3,kirjutajate,pl g,kirjutaja,other,ja-ending,other,other
14685358,Jannes@tehnoloogiast natsa maas ja ainult kord nädalas pool tundi onlines :,tehnoloogiast natsa,tehnoloogiast natsa,tehnoloogiast natsa,3,tehnoloogiast,sg el,tehnoloogia,4,natsa,sg g,natsa,error,syntax,other,other
6251310,Just sellisest muusikast innustununa olevat Wyman hakanud basskitarri mängima .,just sellisest muusikast innustununa,muusikast innustununa,muusikast innustunu,3,muusikast,sg el,muusika,4,innustununa,sg es,innustunu,other,u-ending,other,other
6670494,"Röövijad on Iraagi al-Qaida ja selle juhi , jordaanlasest terroristi Abu Musab al-Zarqawi toetajad ning nad nõuavad , et Nawafi hõim vabastaks mõned al-Zarqawi pooldajad , kes on vangistatud , sõnas röövitud kuberneri vend , kes on ka Ramadi linnavolikogu liige .",", jordaanlasest terroristi abu musab",jordaanlasest terroristi,jordaanlasest terrorist,9,jordaanlasest,sg el,jordaanlane,10,terroristi,sg g,terrorist,elative_attribute,,elative_attribute,elative_attribute
4322432,Vene rahvusest taksojuht sai aru kõikidest lihtsamatest eestikeelsetest küsimustest ja vastas samuti eesti keeles .,vene rahvusest taksojuht,rahvusest taksojuht,rahvusest taksojuht,2,rahvusest,sg el,rahvus,3,taksojuht,sg n,taksojuht,other,collective,other,other
6244681,"Eesti , Läti ega Leedu ei ole nõus loobuma soovitud kümnendikust toetussummadest .",soovitud kümnendikust toetussummadest,kümnendikust toetussummadest,kümnendikust toetussumma,11,kümnendikust,sg el,kümnendik,12,toetussummadest,pl el,toetussumma,other,quantifier construction,other,other
7115420,"Tema ettekande pealkiri — "" Vanast kunstist uue saabastes "" — on kirjutatud suurte kuldsete tähtedega lava kohale ja selle pealkirja all seisab ka tema nimi — Tristan Tzara .","— "" vanast kunstist uue saabastes "" —",kunstist saabastes,kunstist saabas,7,kunstist,sg el,kunst,9,saabastes,pl in,saabas,other,MIS KUS,other,other
8389242,"“ Meeste suutlikkusest võime rääkida pärast võistlust , enne starti püüan lootusi mitte taevasse kruvida .","“ meeste suutlikkusest võime rääkida pärast võistlust , enne starti püüan lootusi mitte taevasse kruvida .",suutlikkusest võime,suutlikkusest võime,3,suutlikkusest,sg el,suutlikkus,4,võime,sg n,võime,error,pos,other,other
5258741,"Möödunud laupäeval tähistati samas paigas XX Vabadusristi päeva , mis oli pühendatud kunagistele Vabadussõjast osavõtnutele ja teistelegi Eesti vabadusvõitlejatele läbi aegade , kirjutab Vooremaa .",kunagistele vabadussõjast osavõtnutele ja teistelegi eesti vabadusvõitlejatele läbi aegade,vabadussõjast osavõtnutele,vabadussõjast osavõtnu,14,vabadussõjast,sg el,vabadussõda,15,osavõtnutele,pl all,osavõtnu,other,u-ending,other,other
13878758,"Ilmselt andis tunda väsimus , » rääkis Pärnu sidemängijast mänedžer Avo Keel .",pärnu sidemängijast mänedžer avo keel,sidemängijast mänedžer,sidemängijast mänedžer,9,sidemängijast,sg el,sidemängija,10,mänedžer,sg n,mänedžer,elative_attribute,,elative_attribute,elative_attribute
10235579,"President Meril aga , kes Washingtonis CNNis ka muulaste olukorrast rääkis , kas puudub elementaarne ettekujutus olukorrast riigis või on ta lihtsalt silmakirjalik .",olukorrast riigis,olukorrast riigis,olukorrast riik,17,olukorrast,sg el,olukord,18,riigis,sg in,riik,other,government,other,other
8684694,Rünnakust saab tardumine ja raevust uni .,ja raevust uni,raevust uni,raevust uni,5,raevust,sg el,raev,6,uni,sg n,uni,other,ellips,other,other
11067552,Selliste normide kogumit nimetatakse asjaõiguseks ehk reaalõiguseks ( ladina keelest res- 'asi' ) .,( ladina keelest res- ' asi ' ),keelest res-,keelest res,10,keelest,sg el,keel,11,res-,sg n,res,other,KUST MIS,other,other
392054,"Muidugi , kui üks lapsepõlves prantsuse keelt õppinud babushka rõõmustab , et talle on tulnud prantslannast naaber , siis saavad sellest kõik aru .",prantslannast naaber,prantslannast naaber,prantslannast naaber,16,prantslannast,sg el,prantslanna,17,naaber,sg n,naaber,elative_attribute,,elative_attribute,elative_attribute
5616480,"Teiseks sisseastumiskonkursside loetelu , mida samuti suvest suvesse pingsa tähelepanuga jälgitakse .",suvest suvesse,suvest suvesse,suvest suvi,7,suvest,sg el,suvi,8,suvesse,sg ill,suvi,other,KUST KUHU,other,other
386524,Euroopas on luust sõrmuseid valmistatud juba nooremal kiviajal .,luust sõrmuseid,luust sõrmuseid,luust sõrmus,3,luust,sg el,luu,4,sõrmuseid,pl p,sõrmus,elative_material,,elative_material,elative_material
5394607,"AÜ Ostrovnoi majast nr 18 varastati 26.08.-29.08.2001 kella 09.00-st kuni 07.00-ni aknaklaasi eestvõtmisega värvilisest metallist esemeid jm vara , kahju 1945 krooni .",värvilisest metallist esemeid jm vara,metallist esemeid,metallist ese,18,metallist,sg el,metall,19,esemeid,pl p,ese,elative_material,,elative_material,elative_material
2942020,"Jordaanlasest terroristi ja al-Qaida liitlase Abu Musab al-Zarqawi rühmitus teatas kolmapäeval internetti pandud videolindil , et Kodal võetakse pea maha 48 tunni pärast , kui Jaapan oma vägesid Iraagist ära ei vii .",jordaanlasest terroristi ja al-qaida liitlase abu musab al-zarqawi,jordaanlasest terroristi,jordaanlasest terrorist,1,jordaanlasest,sg el,jordaanlane,2,terroristi,sg g,terrorist,elative_attribute,,elative_attribute,elative_attribute
14094916,"Nüüd plaanivad isikliku armupesa soetada Hugh Grant ja tema miljonärist armastatu Jemima Khan , kes on kuuldavasti silma heitnud Prantsusmaal Cannes'i vastas oleva Sainte-Marguerite'i saare ainsale eraresidentsile , mille väärtus on 795 miljonit krooni .","ja tema miljonärist armastatu jemima khan , kes on kuuldavasti silma heitnud prantsusmaal cannes'i vastas oleva sainte-marguerite'i saare ainsale eraresidentsile , mille väärtus on 795 miljonit krooni",miljonärist armastatu,miljonärist armastatu,10,miljonärist,sg el,miljonär,11,armastatu,sg n,armastatu,elative_attribute,,other,elative_attribute
3677348,Põhjuseks oli plaan teha esimest korda alaealisele alkoholi müünud müüjast kriminaalkurjategija ja panna ta kuni üheks aastaks vangi .,esimest korda alaealisele alkoholi müünud müüjast kriminaalkurjategija,müüjast kriminaalkurjategija,müüjast kriminaalkurjategija,10,müüjast,sg el,müüja,11,kriminaalkurjategija,sg n,kriminaalkurjategija,error,syntax,elative_attribute,elative_attribute
6800136,Puust mulaažid,puust mulaažid,puust mulaažid,puust mulaaž,1,puust,sg el,puu,2,mulaažid,pl n,mulaaž,elative_material,,elative_material,elative_material
8303720,Mittemuhameedlasest mehe või naise tapmisel tasutakse omastele ainult  diyeh  ( vereraha ) .,mittemuhameedlasest mehe või naise,mittemuhameedlasest mehe,mittemuhameedlasest mees,1,mittemuhameedlasest,sg el,mittemuhameedlane,2,mehe,sg g,mees,elative_attribute,,elative_attribute,elative_attribute
5486004,"Üraskite poolt tekitatud kahju võib olla tunduvalt suurem kui tormimurrust tekitatu , "" ütles Talijärv .",kui tormimurrust tekitatu,tormimurrust tekitatu,tormimurrust tekitatu,10,tormimurrust,sg el,tormimurd,11,tekitatu,sg n,tekitatu,other,u-ending,elative_material,other
4168100,Igapäevast elu eksmaailmameistri taandumine ei mõjuta .,igapäevast elu,igapäevast elu,igapäevast elu,1,igapäevast,sg el,igapäev,2,elu,sg g,elu,error,adjective,other,other
10196949,"Kirijenko viimase aja rünnakuid Luzhkovi pihta näeb valdav osa Vene meediakanaleid sestap Kremlist inspireerituna , mille eesmärgiks on Luzhkovi positsioonide nõrgestamine .","kremlist inspireerituna , mille eesmärgiks on luzhkovi positsioonide nõrgestamine",kremlist inspireerituna,kremlist inspireeritu,13,kremlist,sg el,kreml,14,inspireerituna,sg es,inspireeritu,other,u-ending,other,other
4034944,Samas on tänu kõrgele iibele albaanlaste osakaal 20. sajandi jooksul mõlemal maal kiiresti kasvanud ning sellise iibe jätkudes on Makedoonias 50 aasta pärast juba pool rahvastikust albaanlased .,ning sellise iibe jätkudes on makedoonias 50 aasta pärast juba pool rahvastikust albaanlased,rahvastikust albaanlased,rahvastikust albaanlane,26,rahvastikust,sg el,rahvastik,27,albaanlased,pl n,albaanlane,error,syntax,other,other
1794300,"Politsei teatel leiti ühe vangi kongist mobiiltelefon , mida kasutati raha nõudmiseks .","ühe vangi kongist mobiiltelefon , mida kasutati raha nõudmiseks",kongist mobiiltelefon,kongist mobiiltelefon,6,kongist,sg el,kong,7,mobiiltelefon,sg n,mobiiltelefon,error,syntax,other,other
12153917,"Lagunev , räpane , sõidugraafikuid eimiskiks pidav ühistransport on muutunud erandist reegliks .",erandist reegliks,erandist reegliks,erandist reegel,11,erandist,sg el,erand,12,reegliks,sg tr,reegel,other,MILLEST MILLEKS,other,other
3955795,Telepildi asemel oli aga kohal luust ja lihast mees .,luust ja lihast mees,luust mees,luust mees,6,luust,sg el,luu,9,mees,sg n,mees,elative_material,,elative_material,elative_material
10940511,"Ta on kahtlemata väga õnnetu jalgpallur , ” lausus Lazio rootslasest peatreener Sven Goran Eriksson .",lazio rootslasest peatreener sven goran eriksson,rootslasest peatreener,rootslasest peatreener,11,rootslasest,sg el,rootslane,12,peatreener,sg n,peatreener,elative_attribute,,elative_attribute,elative_attribute
15705737,Hämmastavalt mõjus mõlema kooli poiste kohta saadud teave – 12. klassis on alkoholi tarbinud kõik meessoost isikud !,kõik meessoost isikud,meessoost isikud,meessoost isik,16,meessoost,sg el,meessugu,17,isikud,pl n,isik,other,collective,other,other
15016126,"Peale selle on külgkokkupõrke simuleerimisel autosse istuma pandud mannekeenid ES-2 rohkem inimese sarnased nende ribid , selgroog ja vaagnavööde saavad kokkupõrkehoobist peaaegu samasuguseid vigastusi nagu lihast ja luust inimenegi .",nagu lihast ja luust inimenegi,lihast inimenegi,lihast inimene,26,lihast,sg el,liha,29,inimenegi,sg n,inimene,elative_material,,elative_material,elative_material
2913596,""" Neiud lihtsalt aelesid maas ja kükitasid nuttes , karjudes : "" Ma ei näe midagi ! "" , endil ripsmetušist nägu ühtlaselt hall , "" kirjeldas seltskonda kuulunud Piret .",ripsmetušist nägu,ripsmetušist nägu,ripsmetušist nägu,21,ripsmetušist,sg el,ripsmetušš,22,nägu,sg n,nägu,error,syntax,elative_material,other
7866852,"Seekord on pinna vahuseks ajanud kaks põllumeestekogulasest Riigikogu liiget Eldur Parder ja Ülo Peets , kes on juba pikemat aega otsinud võimalusi valitsusliidust lahkumiseks .","kaks põllumeestekogulasest riigikogu liiget eldur parder ja ülo peets , kes on juba pikemat aega otsinud võimalusi valitsusliidust lahkumiseks",põllumeestekogulasest liiget,põllumeestekogulasest liige,7,põllumeestekogulasest,sg el,põllumeestekogulas,9,liiget,sg p,liige,elative_attribute,,elative_attribute,other
4551392,Senaator Hillary Clintonil on lõpuks saanud villand oma ekspresidendist mehe Bill Clintoni seksiafääridest ning ta soovib pärast 26aastast kooselu vormistada abielulahutuse .,oma ekspresidendist mehe bill clintoni,ekspresidendist mehe,ekspresidendist mees,9,ekspresidendist,sg el,ekspresident,10,mehe,sg g,mees,elative_attribute,,elative_attribute,elative_attribute
726322,1890 praeguse jaamahoone ja ülesõidukoha vahel valmib puidust varikatus,puidust varikatus,puidust varikatus,puidust varikatus,8,puidust,sg el,puit,9,varikatus,sg n,varikatus,elative_material,,elative_material,elative_material
998685,Sest pea iga naine unistab pisut barbielikust figuurist ja pea iga mees tahaks vähemalt korra näha enda käevangus Kristina-sarnast naist .,kristina-sarnast naist,kristina-sarnast naist,kristina-sarnast naine,19,kristina-sarnast,sg el,Kristina-sarn,20,naist,sg p,naine,error,adjective,other,other
6744855,""" Meil on suur mure , sest koolera , tüüfus ja veepuudusest tingitu haigused võivad seal seisva vee ja teiste tingimuste tõttu levima hakata . """,ja veepuudusest tingitu haigused,veepuudusest haigused,veepuudusest haigus,12,veepuudusest,sg el,veepuudus,14,haigused,pl n,haigus,error,syntax,other,other
12151133,Kalju meelelahutusärimehest president Kuno Tehva ei hakka plaane tutvustades üldse keerutama .,kalju meelelahutusärimehest president kuno tehva,meelelahutusärimehest president,meelelahutusärimehest president,2,meelelahutusärimehest,sg el,meelelahutusärimees,3,president,sg n,president,elative_attribute,,elative_attribute,elative_attribute
5968566,"TALLINN , 27. juuli ( EPLO ) - Tallinn kaalub võimalust paigaldada Pirita kloostri varemetele suvekuudel ajutine riidest kate , et parandada sealseid võimalusi kontsertide korraldamiseks , kirjutab Postimees .",ajutine riidest kate,riidest kate,riidest kate,18,riidest,sg el,riie,19,kate,sg n,kate,elative_material,,elative_material,elative_material
8070470,Talle kuulub 94ruutmeetrise pinnaga ühekorruseline kivist endine kordonihoone .,ühekorruseline kivist endine kordonihoone,kivist kordonihoone,kivist kordonihoone,6,kivist,sg el,kivi,8,kordonihoone,sg n,kordonihoone,elative_material,,elative_material,elative_material
11646358,Meie elektrijaamadega võrdset soodsat sillapead Vene piirist kiviviske kaugusele annab ju tõepoolest otsida .,vene piirist kiviviske,piirist kiviviske,piirist kivivise,7,piirist,sg el,piir,8,kiviviske,sg g,kivivise,other,KUST MILLE kaugusel,other,other
15429985,"Nii on sõltuvalt protsessist elektron kas osake või energialaine ( elektromagentväli ) , valgus kas footon või energia .",protsessist elektron,protsessist elektron,protsessist elektron,4,protsessist,sg el,protsess,5,elektron,sg n,elektron,other,copula,other,other
7006687,"Neljandaks tuli sundteenistuse rakendamiseks luua mõjus karistusaparaat , mis väeteenistusest kõrvalehoidjaid enamasti surmaga karistas .",väeteenistusest kõrvalehoidjaid,väeteenistusest kõrvalehoidjaid,väeteenistusest kõrvalehoidja,10,väeteenistusest,sg el,väeteenistus,11,kõrvalehoidjaid,pl p,kõrvalehoidja,other,ja-ending,other,other
10650682,"Eestis on kombeks , et kui majanduses tekivad mingid raskused , siis hakatakse ilma suurema mõtlemiseta rääkima ohust krooni kursile .",ohust krooni,ohust krooni,ohust kroon,18,ohust,sg el,oht,19,krooni,sg p,kroon,error,syntax,other,other
13479022,50 g väherasvast kefiiri,50 g väherasvast kefiiri,väherasvast kefiiri,väherasvast kefiir,3,väherasvast,sg el,väherasv,4,kefiiri,sg g,kefiir,error,adjective,other,elative_material
3811576,"Need kajastuvad ka Rudokase raamatus , olgugi poeet siin tegelikult allakäinud tüüp ja venelannast prostituuti Svetat kujutatud üsna sümpaatsena .",venelannast prostituuti svetat,venelannast prostituuti,venelannast prostituut,14,venelannast,sg el,venelanna,15,prostituuti,adt,prostituut,elative_attribute,,elative_attribute,elative_attribute
15702665,"Eberle tahtis maja lammutada või renoveerida , aga vaid tingimusel , et saab moodustada krundist kinnistu .",krundist kinnistu,krundist kinnistu,krundist kinnistu,15,krundist,sg el,krunt,16,kinnistu,sg n,kinnistu,error,syntax,elative_material,elative_material
11379323,Levinud on ka varem kokku lepitud küsimuse ettemängimine erakonnakaaslasest ministrile .,erakonnakaaslasest ministrile,erakonnakaaslasest ministrile,erakonnakaaslasest minister,9,erakonnakaaslasest,sg el,erakonnakaaslane,10,ministrile,sg all,minister,elative_attribute,,elative_attribute,elative_attribute
13379025,Portugali klubi FC Porto brasiillasest ründaja Mario Jardel lõi Portugali karikavõistluste viienda ringi kohtumises Juventude Evora võrku seitse palli .,portugali klubi fc porto brasiillasest ründaja mario jardel,brasiillasest ründaja,brasiillasest ründaja,5,brasiillasest,sg el,brasiillane,6,ründaja,sg n,ründaja,elative_attribute,,elative_attribute,elative_attribute
1810624,"Järgmisel nädalal esitavad Mõõdukad riigikogu menetlusse eelnõu , mis võimaldab füüsilisest isikust ettevõtjal ( FIE ) alates järgmisest aastast avada eriarve , millel olevat summat ei maksustada tulumaksuga .",füüsilisest isikust ettevõtjal ( fie ),isikust ettevõtjal,isikust ettevõtja,12,isikust,sg el,isik,13,ettevõtjal,sg ad,ettevõtja,elative_attribute,,elative_attribute,other
4942911,Raul Rebase sõnul on Putini suur edu vene rahvusest vastajate seas samuti põhjendatav meedia olulisusega .,vene rahvusest vastajate seas,rahvusest vastajate,rahvusest vastaja,9,rahvusest,sg el,rahvus,10,vastajate,pl g,vastaja,other,collective,other,other
13006868,"Ani itaallasest juhendaja Pierfrancesco Restelli leidis , et näidismatšis ei panda kunagi kõike välja , ent publik sai ülevaate tema hoolealuse ja Kanepi oskustest .",ani itaallasest juhendaja pierfrancesco restelli,itaallasest juhendaja,itaallasest juhendaja,2,itaallasest,sg el,itaallane,3,juhendaja,sg n,juhendaja,elative_attribute,,elative_attribute,elative_attribute
2538796,""" Määrde testija peab olema heas füüsilises vormis , et oma tööd tulemuslikult teha , "" on öelnud norralasest määrdemeister .",norralasest määrdemeister,norralasest määrdemeister,norralasest määrdemeister,19,norralasest,sg el,norralane,20,määrdemeister,sg n,määrdemeister,elative_attribute,,elative_attribute,elative_attribute
3195140,"Viimases raamatus pakub "" Filosoofia lohutuse "" autor võimalikke viise , pääst-maks tänapäeva inimesi kummitavast probleemist - murest staatuse pärast .",- murest staatuse pärast,murest staatuse,murest staatus,18,murest,sg el,mure,19,staatuse,sg g,staatus,other,government,other,other
14149460,"Soku leedulasest agendi Martynas Purlyse sõnul on andeka tagamehe vastu huvi tundnud klubid Prantsusmaalt ja Hispaaniast ning veel ühest riigist , mida ta ei soovi öelda .",soku leedulasest agendi martynas purlyse,leedulasest agendi,leedulasest agent,2,leedulasest,sg el,leedulane,3,agendi,sg g,agent,elative_attribute,,elative_attribute,elative_attribute
3058257,"Kuninga vanimal , parlamendispiikrist pojal Norodom Ranariddhil ( 60 ) hetkel troonipärimise õigust ei ole , peaminister Hun Seni vastuseisu tõttu ta ilmselt troonile ei pääse ja väidab avalikult seda ka mitte soovivat .","kuninga vanimal , parlamendispiikrist pojal norodom ranariddhil ( 60 )",parlamendispiikrist pojal,parlamendispiikrist poeg,4,parlamendispiikrist,sg el,parlamendispiiker,5,pojal,sg ad,poeg,elative_attribute,,elative_attribute,elative_attribute
1556587,"Ainult sellepärast , et teenida masohhistlikku kiitust oma ennastsalgavale vaprusele ning südames põlastada oma tossikesest meest , kes pealegi käitub isekalt , hoolimatult ja vastutustundetult ?","oma tossikesest meest , kes pealegi käitub isekalt , hoolimatult ja vastutustundetult",tossikesest meest,tossikesest mees,15,tossikesest,sg el,tossike,16,meest,sg p,mees,elative_attribute,,other,other
12122215,Lihula samba püstitamist tuleks vaadata sellest seisukohast ajalugu ei saa ümber teha .,sellest seisukohast ajalugu,seisukohast ajalugu,seisukohast ajalugu,7,seisukohast,sg el,seisukoht,8,ajalugu,sg p,ajalugu,error,syntax,other,other
9101777,"Ka ainuke korralik majandusleht , roosa leht , liigub sellesama juhusliku arvamuse suunas - roosast oranzhiks ...",- roosast oranzhiks,roosast oranzhiks,roosast oranzh,15,roosast,sg el,roosa,16,oranzhiks,sg tr,oranzh,other,MILLEST MILLEKS,other,other
4713814,Muuga galvaniseerimistehase Galvex omanik Daniel Bain pidi otsima USA kohtust pankrotikaitset võlausaldajast investeerimisfondi SPCP vastu .,võlausaldajast investeerimisfondi spcp vastu,võlausaldajast investeerimisfondi,võlausaldajast investeerimisfond,12,võlausaldajast,sg el,võlausaldaja,13,investeerimisfondi,sg g,investeerimisfond,elative_attribute,,elative_attribute,elative_attribute
6790727,"Toalilled võite katta karra ja kuulikestega , õlest inglite ja ronivate mõmmidega nagu kuusegi .",õlest inglite ronivate,õlest inglite,õlest ingel,8,õlest,sg el,õlg,9,inglite,pl g,ingel,elative_material,,elative_material,elative_material
747888,"Sündmuskohale saabunud turvajad avastasid , et betoonist prügikastiga oli sisse visatud kaupluse välisuks ja kaupluses olnud klaaskapp , kust varastati viis lauatelefoni .",betoonist prügikastiga,betoonist prügikastiga,betoonist prügikast,7,betoonist,sg el,betoon,8,prügikastiga,sg kom,prügikast,elative_material,,elative_material,elative_material
12185506,"Prantslasest jalgpallitäht Thierry Henry ( pildi koos modelliga ) sõlmis hiljuti lepingu ameeriklasest moeguru Tommy Hilfigeriga , mis kasvatab ta niigi kopsakat pangaarvet veel mitme miljoni euro võrra .",prantslasest jalgpallitäht thierry henry ( pildi koos modelliga ),prantslasest jalgpallitäht,prantslasest jalgpallitäht,1,prantslasest,sg el,prantslane,2,jalgpallitäht,sg n,jalgpallitäht,elative_attribute,,elative_attribute,elative_attribute
4081850,"Möödunud reedel pälvis avalikkuse tähelepanu Tartu ülikooli pressiteate alusel koostatud uudis , kuidas riigikohtu esimees näppe nipsutades oma pojale Tartu halduskohtust päevaga cum laude'ga diplomi tellis .",tartu halduskohtust päevaga,halduskohtust päevaga,halduskohtust päev,21,halduskohtust,sg el,halduskohus,22,päevaga,sg kom,päev,error,syntax,other,other
1376150,"Kolmapäeval kell 16 leidis Tallinna tuletõrje- ja päästeameti juhtivspetsialist Lasnamäe tee 48 veeteede ameti hüdrograafia ja navigatsioonimärgistuse teenistuse kuurist prügikasti , mille kiirgusnivoo oli 7000 mikroröngtenit tunnis , ütles ETAle Tallinna tuletõrje -ja päästeameti pressiesindaja Priit Laos .","kuurist prügikasti , mille kiirgusnivoo oli 7000 mikroröngtenit tunnis",kuurist prügikasti,kuurist prügikast,19,kuurist,sg el,kuur,20,prügikasti,adt,prügikast,error,syntax,other,other
2215634,"Arhitekt Podcekajevi loomingu näide ja heimatstiili üks ilmekamaid näiteid Tartus kaotas algse interjööri , vaheseinad võeti maha , lõhuti puidust peatrepp , hävitati seinte väärtuslik trafarettmaalingutega originaalviimistlus , omaaegsed korstnad asendati plekist ventilatsioonikorstendega ning muudeti fassaadi .",puidust peatrepp,puidust peatrepp,puidust peatrepp,20,puidust,sg el,puit,21,peatrepp,sg n,peatrepp,elative_material,,elative_material,elative_material
8831366,"Siin seisis väike inetu koer , kes nägi välja , nagu oleksid tal ussid kõhus ja nagu sõidaks ta tagumiku peal mööda maad , siis oli siin veel sinisest klaasist ilumuna , piiksuv kummikaru , kes piiksumise asemel lurises , ja täpilise sitsiga kaetud karu Udupää , kelle pruunid klaassilmad ma olin oma käega peast välja kiskunud ning kaevu visanud .","veel sinisest klaasist ilumuna , piiksuv kummikaru , kes piiksumise asemel lurises , ja täpilise sitsiga kaetud karu udupää , kelle pruunid klaassilmad ma olin oma käega peast välja kiskunud ning kaevu visanud",klaasist ilumuna,klaasist ilumuna,30,klaasist,sg el,klaas,31,ilumuna,sg n,ilumuna,elative_material,,elative_material,elative_material
6180388,"Kui aga üks parteilasest kohtunik lahendab parteilasest prokuröri poolt kohtu ette saadetud kolmanda isiku , võib-olla ka poliitikaga seotud isiku asja , siis ükspuha kui erapooletult ja õiglaselt seda asja tegelikult ka ei lahendata , saab rikutud just see näivuse printsiip , sest pole võimalik ümber lükata kahtlust , et äkki tehti otsus poliitiliselt , et nad mängisid siin midagi kokku või tegid kellelegi ära vmt.",üks parteilasest kohtunik,parteilasest kohtunik,parteilasest kohtunik,4,parteilasest,sg el,parteilane,5,kohtunik,sg n,kohtunik,elative_attribute,,elative_attribute,elative_attribute
9998934,"Kui ka kodus hoiupankurist abikaasa Aavo Kokk samamoodi nalja viskas , sai mõõt täis .",hoiupankurist abikaasa aavo kokk,hoiupankurist abikaasa,hoiupankurist abikaasa,4,hoiupankurist,sg el,hoiupankur,5,abikaasa,sg n,abikaasa,elative_attribute,,elative_attribute,elative_attribute
7434354,Vabadusristi kavaleri Salme Ilmeti viimset puhkepaika Helme kalmistul ehib uhiuus tumepruunist graniidist hauatähis .,tumepruunist graniidist hauatähis,graniidist hauatähis,graniidist hauatäht,12,graniidist,sg el,graniit,13,hauatähis,pl in,hauatäht,elative_material,,elative_material,elative_material
893826,"Laenu saavda taotleda füüsilisest isikust ettevõtjad ja väikeettevõtted , kes ei tegutse Tartus , Pärnus , Tallinnas ja Tallinna ümbruses .","füüsilisest isikust ettevõtjad ja väikeettevõtted , kes ei tegutse tartus , pärnus , tallinnas ja tallinna ümbruses",isikust ettevõtjad,isikust ettevõtja,5,isikust,sg el,isik,6,ettevõtjad,pl n,ettevõtja,elative_attribute,,elative_attribute,other
8265705,Magamistuba kaunistab vaid alpispoonist voodiots .,vaid alpispoonist voodiots,alpispoonist voodiots,alpispoonist voodiots,4,alpispoonist,sg el,alpispoon,5,voodiots,sg n,voodiots,elative_material,,elative_material,other
5393142,"Keila-Joast sai kõrgete riigitegelaste puhkekoht juba 1930ndate algul , mil maksumaksja kulul ehitati mere äärde kuus puidust kahekorruselist suvemaja , kus teiste hulgas suvitasid tollane president Konstantin Päts ja kaitseväe juhataja Johan Laidoner .","kuus puidust kahekorruselist suvemaja , kus teiste hulgas suvitasid tollane president konstantin päts ja kaitseväe juhataja johan laidoner",puidust suvemaja,puidust suvemaja,17,puidust,sg el,puit,19,suvemaja,sg n,suvemaja,elative_material,,elative_material,elative_material
494057,"Linnast lahkujad on Vene televisioonile antud usutlustes öelnud , et suurem osa linna jäänutest pole lendlehti ilmselt näinudki .",linnast lahkujad,linnast lahkujad,linnast lahkuja,1,linnast,sg el,linn,2,lahkujad,pl n,lahkuja,other,ja-ending,other,other
6550254,"Esinejate kordumine loost loosse jättis mulje väikesest näitetrupist , kes viiekesi lavastuse kõik rollid ära peavad mängima .",loost loosse,loost loosse,loost lugu,3,loost,sg el,lood,4,loosse,sg ill,lugu,other,KUST KUHU,other,other
903651,Tema sõnul ei ole ükski juhtunus osalenud neljast ellujäänud poisist vahi all .,neljast ellujäänud poisist vahi all,poisist vahi,poisist vaht,10,poisist,sg el,poiss,11,vahi,sg g,vaht,other,copula,other,other
2144239,"Nende taga tuleb peaministri enda ihukaitse , läikima hõõrutud kirved käes , kullast naastudega üle löödud mõõgatuped vööl .",kullast naastudega,kullast naastudega,kullast naast,13,kullast,sg el,kuld,14,naastudega,pl kom,naast,elative_material,,elative_material,elative_material
8250686,"Pilet eelmüügist 150 krooni ( Kosmos Controlis ) , kohapeal 225 krooni .","pilet eelmüügist 150 krooni ( kosmos controlis ) , kohapeal 225 krooni .",eelmüügist krooni,eelmüügist kroon,2,eelmüügist,sg el,eelmüük,4,krooni,sg p,kroon,error,syntax,other,other
5487927,""" Päikesest rammestunud "" on võitnud võõrkeelse filmi Oscari .",""" päikesest rammestunud """,päikesest rammestunud,päikesest rammestunu,2,päikesest,sg el,päike,3,rammestunud,pl n,rammestunu,error,pos,other,other
12485278,"Roland - noor , kuid iga sõna kaaluv ning alati läbimõeldult käituv mees lõhub juba esmakohtumisel tavapärase ettekujutuse kaptenist : merekarust halli habeme ja tuultest näkku küntud vagudega .",: merekarust halli habeme ja tuultest näkku küntud vagudega,merekarust habeme,merekarust habe,21,merekarust,sg el,merekaru,23,habeme,sg g,habe,error,syntax,elative_attribute,elative_attribute
14599056,"Villa austraallasest väravavahil Mark Bosnichil olid kogu kohtumise jooksul käed tööd täis , see pani Atletico ründajad käsi laiutama .",villa austraallasest väravavahil mark bosnichil,austraallasest väravavahil,austraallasest väravavaht,2,austraallasest,sg el,austraallane,3,väravavahil,sg ad,väravavaht,elative_attribute,,elative_attribute,elative_attribute
1714691,Eesti soost Suurbritannia luuraja Albert Saar ( 77 ) pääses 1955. aastal KGB käest eluga ja söandas taas isamaale tulla alles mitu aastat pärast Eesti taasiseseisvumist .,eesti soost suurbritannia luuraja albert saar ( 77 ),soost luuraja,soost luuraja,2,soost,sg el,sugu,4,luuraja,sg n,luuraja,other,collective,other,other
7022058,""" Kuigi Vabaduse kella sambad toetuvad betoonist plaatvundamendile , mis eriti sügavuti maa sisse kaevamist ei vaja , tuleb mullakiht koorida ja pinnas tihendada , "" ütles töid tegeva ASi Restor tootmisdirektor Janno Meriboo .","betoonist plaatvundamendile , mis eriti sügavuti maa sisse kaevamist ei vaja ,",betoonist plaatvundamendile,betoonist plaatvundament,7,betoonist,sg el,betoon,8,plaatvundamendile,sg all,plaatvundament,elative_material,,elative_material,elative_material
15802446,"Raamatu lõpus on valimik meditsiiniterminite lühendeid , tänapäeva arstiteaduse distsipliinide lühiseletused , ülevaade ladina keelest retseptuuris ning ka valik ladina sententse , ütlusi ja vanasõnu .",ladina keelest retseptuuris,keelest retseptuuris,keelest retseptuur,15,keelest,sg el,keel,16,retseptuuris,sg in,retseptuur,other,government,other,other
563183,"Autokaupmehed ennustavad , et tänavu müüakse 200-250 uut , üle 16 tonnist veoautot , millest põhilise osa moodustavad kallurid ja metsaveokid .","200 - 250 uut , üle 16 tonnist veoautot , millest põhilise osa moodustavad kallurid ja metsaveokid",tonnist veoautot,tonnist veoauto,14,tonnist,sg el,tonn,15,veoautot,sg p,veoauto,other,adjective,other,other
1233208,Isamaaliitlasest Jõgeva linnapea Aivar Lumi kavatseb enne 2. novembril volikogus toimuvat umbusaldushääletust ise lahkumisavalduse esitada .,isamaaliitlasest jõgeva linnapea aivar lumi,isamaaliitlasest linnapea,isamaaliitlasest linnapea,1,isamaaliitlasest,sg el,isamaaliitlane,3,linnapea,sg g,linnapea,elative_attribute,,elative_attribute,elative_attribute
14101279,6 ) ideekonkursi autasude ja ideekonkursist osavõtjatele makstavate muude summade kogumaksumus ;,ideekonkursist osavõtjatele,ideekonkursist osavõtjatele,ideekonkursist osavõtja,6,ideekonkursist,sg el,ideekonkurss,7,osavõtjatele,pl all,osavõtja,other,ja-ending,other,other
8759822,"Markus ei nõustunud Postimehele avalikustama , kes on lihast ja luust omanik , keda ta seltside nõukogudes esindab .",", kes on lihast ja luust omanik , keda ta seltside nõukogudes esindab",lihast omanik,lihast omanik,9,lihast,sg el,liha,12,omanik,sg n,omanik,elative_material,,elative_material,elative_material
6371271,"Sama koguaeg on hetkel ka rootslasest erasõitjal Daniel Carlssonil ( Subaru ) , teatas sportnet.ee.","sama koguaeg on hetkel ka rootslasest erasõitjal daniel carlssonil ( subaru ) , teatas sportnet.ee .",rootslasest erasõitjal,rootslasest erasõitja,6,rootslasest,sg el,rootslane,7,erasõitjal,sg ad,erasõitja,elative_attribute,,elative_attribute,elative_attribute
9615241,"Lähemalt tutvusid nad siiski alles sama aasta mais eraviisilisel lõunal , mille korraldas Nõukogude tollane välisminister Eduard Shevardnadze Moskvas oma kunstnikust sõbra Zurab Tsereteli korteris .",oma kunstnikust sõbra zurab tsereteli,kunstnikust sõbra,kunstnikust sõber,21,kunstnikust,sg el,kunstnik,22,sõbra,sg g,sõber,elative_attribute,,elative_attribute,elative_attribute
5616003,Slovakkia relvajõudude esindaja teatel kaotas veoki tsiviilisikust juht järsus kurvis kontrolli sõiduki üle ning see paiskus teelt välja elumajja .,veoki tsiviilisikust juht,tsiviilisikust juht,tsiviilisikust juht,7,tsiviilisikust,sg el,tsiviilisik,8,juht,sg n,juht,elative_attribute,,elative_attribute,elative_attribute
9028723,Kinnituseks artiklis toodud faktide ebatõeseks osutumisele on ehituse töökoosoleku protokollis 2. septembrist must valgel kirjas : “ Tellijal ei ole ehitajale pretensioone lepingu täitmise osas ja ehitaja ei ole oma tegevusega takistanud õppetöö algust 1. septembril .,kinnituseks artiklis toodud faktide ebatõeseks osutumisele on ehituse töökoosoleku protokollis 2. septembrist must valgel kirjas : “ tellijal ei ole ehitajale pretensioone lepingu täitmise osas ja ehitaja ei ole oma tegevusega takistanud õppetöö algust 1. septembril .,septembrist kirjas,septembrist kiri,12,septembrist,sg el,september,15,kirjas,sg in,kiri,error,verbal idiom,other,other
10509961,"Ta oli väga nõutud muusik , 1989. aastast ka Eesti Muusikaakadeemia õppejõud .",", 1989. aastast ka eesti muusikaakadeemia õppejõud",aastast õppejõud,aastast õppejõud,8,aastast,sg el,aasta,12,õppejõud,sg n,õppejõud,other,MIS AJAST KES,other,other
9774557,"On kaks võimalust : kas püüda pensionikka jõudnud eksinud advokaate õigele teele suunata ja kõrgetele justiitsametnikele õiglusest järeleaitamistunde anda või tulevikule mõeldes asetada rõhk uue , eetilisema juristide põlvkonna kasvatamisele .",õiglusest järeleaitamistunde,õiglusest järeleaitamistunde,õiglusest järeleaitamistund,17,õiglusest,sg el,õiglus,18,järeleaitamistunde,pl p,järeleaitamistund,error,syntax,other,other
12532102,"Normaalsemat elu sai Tiiu hakata maitsma alles pärast eelmise aasta lõpus ja selle aasta alguses tehtud lõikusi , mille käigus paigutati talle mõlema õla ja ühe puusa sisse üle kümne sentimeetri pikkused kroomkoobaltist proteesid .",üle kümne sentimeetri pikkused kroomkoobaltist proteesid,kroomkoobaltist proteesid,kroomkoobaltist protees,33,kroomkoobaltist,sg el,kroomkoobalt,34,proteesid,pl n,protees,elative_material,,elative_material,elative_material
13744287,Viljelusest lõplikult loobumise lisatasud,viljelusest lõplikult loobumise lisatasud,viljelusest lisatasud,viljelusest lisatasu,1,viljelusest,sg el,viljelus,4,lisatasud,pl n,lisatasu,error,syntax,other,other
980373,Loomulikult ei mõelnudki noorpaar korterist lahkuda ja pensionärist tädike lüpsis Marianat ja sõbrannat kuis jõudis .,pensionärist tädike,pensionärist tädike,pensionärist tädike,8,pensionärist,sg el,pensionär,9,tädike,sg n,tädike,elative_attribute,,elative_attribute,elative_attribute
5543377,"Avaldusele tuleb lisada ka asutamislepingu või asutamisotsuse ärakiri , Maksuameti tõend avansiliste maksete maksjana registreerimise kohta või äriregistri tõend füüsilisest isikust ettevõtjana registreerimise kohta , põhikiri , registrikood , Maksuameti õiend maksuvõlgnevuse puudumise kohta , kviitung riigilõivu tasumise kohta , andmekaitse järelevalveasutuses delikaatsete isikuandmete töötlemise registreerimise andmed ning esindaja olemasolul volikiri .",füüsilisest isikust ettevõtjana registreerimise kohta,isikust ettevõtjana,isikust ettevõtja,21,isikust,sg el,isik,22,ettevõtjana,sg es,ettevõtja,elative_attribute,,elative_attribute,other
5018257,Homme toimuvale Kanada GP-le stardivad esireast vennad Schumacherid .,esireast vennad schumacherid,esireast vennad,esireast vend,6,esireast,sg el,esirida,7,vennad,pl n,vend,error,syntax,other,other
10790603,"Näiteks hilisema virtuoosse maneeri kõlapingest ja perfektsusest vabastatud , mõnevõrra toores häälekasutus varases vokaalpolüfoonias ( inglise vokaalansambli “ The Tallis Scholars ” esinemine Arvo Pärdi juubelifestivalil 1995. aastal ) või veelgi varasemas ühehäälsuses ( hollandi ansambel “ Cercamon ” eelmistel barokkmuusika päevadel ) .","näiteks hilisema virtuoosse maneeri kõlapingest ja perfektsusest vabastatud , mõnevõrra toores häälekasutus varases vokaalpolüfoonias ( inglise vokaalansambli “ the tallis scholars ” esinemine arvo pärdi juubelifestivalil 1995. aastal ) või veelgi varasemas ühehäälsuses ( hollandi ansambel “ cercamon ” eelmistel barokkmuusika päevadel ) .",kõlapingest häälekasutus,kõlapingest häälekasutus,5,kõlapingest,sg el,kõlapinge,12,häälekasutus,sg n,häälekasutus,error,syntax,other,other
1440229,Romaanile annaks intrigeerivat ainest eesti soost mehe nõuandja roll Kurjuse impeeriumi liidri - Mihhail Gorbatšovi - juures .,eesti soost mehe,soost mehe,soost mees,6,soost,sg el,sugu,7,mehe,sg g,mees,other,collective,other,other
12391901,Eile varahommikul kell 4.11 teatati teisest õnnetusest raudteel : Näituse tänava ülesõidust sadakond meetrit depoo poole oli rongi alla jäänud noor mees .,teisest õnnetusest raudteel,õnnetusest raudteel,õnnetusest raudtee,7,õnnetusest,sg el,õnnetus,8,raudteel,sg ad,raudtee,error,syntax,other,other
3130065,""" Mõistes niivõrd kõrgel tasandil hukka atentaadi kollaborandist riigipea ( Ahmad Kadõrov - toim ) ja okupatsioonivägede ülemjuhataja vastu ( Valeri Baranov - toim ) , näib Lääs otsekui heaks kiitvat Venemaa koloniaalsed ambitsioonid tšetšeeni rahva suhtes ning andvat rohelise tee jätkuvale vägivallatsemisele tsiviilelanikkonna kallal , "" kirjutatakse pöördumises .","mõistes niivõrd kõrgel tasandil hukka atentaadi kollaborandist riigipea ( ahmad kadõrov - toim ) ja okupatsioonivägede ülemjuhataja vastu ( valeri baranov - toim ) ,",kollaborandist riigipea,kollaborandist riigipea,8,kollaborandist,sg el,kollaborant,9,riigipea,sg n,riigipea,elative_attribute,,elative_attribute,elative_attribute
13090224,"« Esimesest tõrkest siduri lõpliku lagunemiseni kulus vaevalt paarkümmend kilomeetrit , » rääkis suusapealik Seema eile .",esimesest tõrkest siduri,tõrkest siduri,tõrkest sidur,3,tõrkest,sg el,tõrge,4,siduri,sg g,sidur,error,syntax,other,other
3075698,"Merest 200meetrisele rannaalale puudub kehtiv ehitust lubav planeering ja seda ei tuleks ka anda , sõnas asjaga tegelenud keskkonnainspektsiooni inspektor Toomas Liidja .",merest 200meetrisele rannaalale,merest rannaalale,merest rannaala,1,merest,sg el,meri,3,rannaalale,sg all,rannaala,other,?,other,other
2553099,"Mitte seepärast , et tegemist tundmatu naissoost isikuga .",", et tegemist tundmatu naissoost isikuga",naissoost isikuga,naissoost isik,7,naissoost,sg el,naissugu,8,isikuga,sg kom,isik,other,collective,other,other
4514199,"27.03.2004 6 : 08 kukkus Paunküla veehoidlas , umbes 60 m kaugusel kaldast läbijää kalamees .",", umbes 60 m kaugusel kaldast läbijää kalamees",kaldast kalamees,kaldast kalamees,13,kaldast,sg el,kallas,15,kalamees,sg n,kalamees,error,syntax,other,other
14337086,"Bobby Bowfinger ( Martin ) on luuserist režissöör , kellel pole rohkem raha kui 2184 dollarit , kuid käsikiri vihmatilkade sees Maale saabuvatest tulnukatest , mille edusse ta usub .","bobby bowfinger ( martin ) on luuserist režissöör , kellel pole rohkem raha kui 2184 dollarit , kuid käsikiri vihmatilkade sees maale saabuvatest tulnukatest , mille edusse ta usub .",luuserist režissöör,luuserist režissöör,7,luuserist,sg el,luuser,8,režissöör,sg n,režissöör,elative_attribute,,elative_attribute,elative_attribute
12552389,"Nii päevast päeva , kuni ehitajatel kadus igasugune lootus kirik valmis saada .","nii päevast päeva , kuni ehitajatel kadus igasugune lootus kirik valmis saada .",päevast päeva,päevast päev,2,päevast,sg el,päev,3,päeva,sg p,päev,other,KUST KUHU,other,other
14348402,"f ) iga haldusmeede , mille nad seoses sooduspäritolu kindlaksmääramisega võtavad , vaadatakse viivitamata läbi kohtus , vahekohtus , halduskohtus või määratluse teinud võimuorganist sõltumatus menetluses , mis võib viia määratluse muutmiseni või tühistamiseni ;","või määratluse teinud võimuorganist sõltumatus menetluses , mis võib viia määratluse muutmiseni või tühistamiseni",võimuorganist sõltumatus,võimuorganist sõltumatus,24,võimuorganist,sg el,võimuorgan,25,sõltumatus,sg n,sõltumatus,error,adjective,elative_attribute,other
16172849,"11 ) printsipaal - isik , kes on võtnud endale kohustuse kauba tollitransiitveo korraldamiseks lähtetollipunktist sihttollipunkti ning kellel on tagatis või kes on vabastatud tollile tagatise esitamisest ;",lähtetollipunktist sihttollipunkti,lähtetollipunktist sihttollipunkti,lähtetollipunktist sihttollipunkt,15,lähtetollipunktist,sg el,lähtetollipunkt,16,sihttollipunkti,sg g,sihttollipunkt,error,syntax,other,other
1184124,"Naisi ei lastud kusagil urnide juurde , ent ka meessoost kodanike osavõttu piirasid mitmel pool varanduslikud , hariduslikud , seisuslikud tsensused .",meessoost kodanike,meessoost kodanike,meessoost kodanik,10,meessoost,sg el,meessugu,11,kodanike,pl g,kodanik,other,collective,other,other
9410676,Igale spordihallist minejale ulatati aga topeltolümpiavõitja autogrammiga postkaart .,igale spordihallist minejale,spordihallist minejale,spordihallist mineja,2,spordihallist,sg el,spordihall,3,minejale,sg all,mineja,other,ja-ending,other,other
10531294,"Riigieelarvest raha saamine on igatahes välistatud , ” ütles maanteeameti peadirektor Riho Sõrmus .",riigieelarvest raha,riigieelarvest raha,riigieelarvest raha,1,riigieelarvest,sg el,riigieelarve,2,raha,sg g,raha,error,syntax,other,other
6873928,"Me ei saa rääkida silbitekstist instrumentaalmuusikas , kuid pilliheli tekitab siiski mingi ettekujutuse häälikulisest kõlast , mis on üsna sarnane vokaalsetes imitatsioonides kasutatavate silpidega klõ-lõk .",silbitekstist instrumentaalmuusikas,silbitekstist instrumentaalmuusikas,silbitekstist instrumentaalmuusika,5,silbitekstist,sg el,silbitekst,6,instrumentaalmuusikas,sg in,instrumentaalmuusika,error,syntax,other,other
5531855,"Kaitsepolitsei süüdistuse kohaselt laenas Kollist migratsioonifondi juhina oma ametiseisundit kuritarvitades osaühingule Regionaalkapital Maa & Vara 1,8 miljonit krooni .",kollist migratsioonifondi,kollist migratsioonifondi,kollist migratsioonifond,5,kollist,sg el,koll,6,migratsioonifondi,sg g,migratsioonifond,error,syntax,other,other
9833324,"Keeleseadus sätestab eesti keele oskuse ja kasutamise nõuded erasektoris järgmiselt : “ Töökeskkonna ja tarbijakaitse nõuete täitmiseks ning keskkonna , tervise ja turvalisuse kaitse huvides peavad äriühingute , mittetulundusühingute ja sihtasutuste töötajad ning füüsilisest isikust ettevõtjad kauba või teenuse pakkumisel ja teabe edastamisel kasutama eesti keelt tööülesannete täitmiseks vajalikul tasemel .",ning füüsilisest isikust ettevõtjad kauba või teenuse pakkumisel ja teabe edastamisel,isikust ettevõtjad,isikust ettevõtja,35,isikust,sg el,isik,36,ettevõtjad,pl n,ettevõtja,elative_attribute,,elative_attribute,other
9160359,"Maksujõulisuse tõestamiseks tõid Varik ja Käpp oma tollasest töökohast , aktsiaseltsist Veireko juhataja allkirjaga tõendid selle kohta , et mõlemad on firmas ehitajad palgaga 7200 krooni kuus .",", aktsiaseltsist veireko juhataja allkirjaga",aktsiaseltsist allkirjaga,aktsiaseltsist allkiri,11,aktsiaseltsist,sg el,aktsiaselts,14,allkirjaga,sg kom,allkiri,error,syntax,other,other
661772,"Kui me siis mööda koridori grimmituppa suundusime , kus Sind Tootsiks ja mind Kiireks pidi grimeeritama - kas oskasid siis aimata , et möödub pisut üle seitsme aasta ja samasse grimmituppa saab Sul olema asja päevast päeva , kuust kuusse , aastast aastasse ja nii tänaseni juba üle 37 aasta ! ?",", kuust kuusse , aastast aastasse",kuust kuusse,kuust kuu,39,kuust,sg el,kuu,40,kuusse,sg ill,kuu,other,KUST KUHU,other,other
3673786,"Suurim üllatus on see , et argipäevast neljatunnist hommikusaadet "" R2 Hommik "" tuleb juhtima Maarja-Liis Ilus koos Allan Roosilehega .","argipäevast neljatunnist hommikusaadet "" r2 hommik """,argipäevast hommikusaadet,argipäevast hommikusaade,7,argipäevast,sg el,argipäev,9,hommikusaadet,sg p,hommikusaade,error,adjective,other,other
5227437,"Juhuslikult sain teada , et 20. mail toimus Vene Kultuurikeskuses Leningradi blokaadist osavõtnute koosolek ja seal anti neile kõigile tunnistused , mis annavad neile õiguse saada Eesti pankades soodustusi kommunaalmaksete tasumisel , st pole vaja tasuda teenustasu .",leningradi blokaadist osavõtnute,blokaadist osavõtnute,blokaadist osavõtnu,12,blokaadist,sg el,blokaad,13,osavõtnute,pl g,osavõtnu,other,u-ending,other,other
8678435,"Hamburg ei olnud seisukohal , et Eesti Kütuse haldusnõukogu esimees peab ilmtingimata olema mõni majandusministeeriumi töötajast nõukogu liige .",majandusministeeriumi töötajast nõukogu,töötajast nõukogu,töötajast nõukogu,16,töötajast,sg el,töötaja,17,nõukogu,sg g,nõukogu,error,syntax,elative_attribute,elative_attribute
10084979,Eesti Interpol : Iiri tolliametnikes äratas tähelepanu ühe eestlasest narkokulleri jõhker nägu,ühe eestlasest narkokulleri,eestlasest narkokulleri,eestlasest narkokuller,9,eestlasest,sg el,eestlane,10,narkokulleri,sg g,narkokuller,elative_attribute,,elative_attribute,elative_attribute
2520675,"USA toel võimule pandud valitsus ärataks aga Iraagis seni maapakku surutud islamistliku opositsiooniliikumise , mille järeleandmatus läänelikele normidele oleks selgelt tugevam kui sõjalisele jõule teotuval sotsialistist diktaatoril Husseinil .",kui sõjalisele jõule teotuval sotsialistist diktaatoril husseinil,sotsialistist diktaatoril,sotsialistist diktaator,26,sotsialistist,sg el,sotsialist,27,diktaatoril,sg ad,diktaator,elative_attribute,,elative_attribute,elative_attribute
7876911,"Mullu juulis küsis Maria tööd ka turvafirmast ESS ja omandanud Balti Äriturvakoolis kvalifikatsiooni , sai ta parkimisrühma liikmeks .",ka turvafirmast ess,turvafirmast ess,turvafirmast ess,7,turvafirmast,sg el,turvafirma,8,ess,sg n,ess,other,?,other,other
8686686,"Loodan , et päevast päeva liigume ideaali suunas .",päevast päeva,päevast päeva,päevast päev,4,päevast,sg el,päev,5,päeva,sg p,päev,other,KUST KUHU,other,other
4867248,Mõni tund pärast politsei sissetungi võttis tuhatkonnast üliõpilasest koosnev jõuk enda valdusse ülikooli laborihoone .,tuhatkonnast üliõpilasest,tuhatkonnast üliõpilasest,tuhatkonnast üliõpilane,7,tuhatkonnast,sg el,tuhatkond,8,üliõpilasest,sg el,üliõpilane,other,quantifier construction,other,other
10804896,"Ta sobitub mugavalt eesti (rahva)muusika pekist sängi , kus tänu Kuldsele Triole , Allan Roosilehele ja veel paljudele käib niigi pidev taruiraraa .",eesti ( rahva ) muusika pekist sängi,pekist sängi,pekist säng,9,pekist,sg el,pekk,10,sängi,adt,säng,elative_material,,elative_material,other
284570,"Variatsioon paistab alati haaravat ka mõnda üsna stabiilset ülekande fraasi , adverbi või kommentaari , mis alustab uut skemaatislist episoodi .",uut skemaatislist episoodi,skemaatislist episoodi,skemaatislist episood,19,skemaatislist,sg el,skemaatisl,20,episoodi,sg p,episood,error,adjective,other,other
6503835,"Maksuameti andmeil suurim eraisikust maksuvõlglane ärimees Toomas Peek kinnitab , et ei ole ärist eemaldunud ja tema ainuomanduses olev Monteray Holdings OÜ tegeleb kinnisvara ja investeeringutega .",eraisikust maksuvõlglane,eraisikust maksuvõlglane,eraisikust maksuvõlglane,4,eraisikust,sg el,eraisik,5,maksuvõlglane,sg n,maksuvõlglane,elative_attribute,,elative_attribute,other
11512244,Kreeka on läinud reedest saadik maalt välja saatnud vähemalt 3500 albaanlasest immigranti .,vähemalt 3500 albaanlasest immigranti,albaanlasest immigranti,albaanlasest immigrant,11,albaanlasest,sg el,albaanlane,12,immigranti,sg p,immigrant,elative_attribute,,elative_attribute,elative_attribute
1334476,"Nendega seonduvad küll mõisad ja mõned rahvalikud laulud , kuid tuleb tõdeda , et baltisakslaste elust-olust Eestis , sellest kadunud maailmast , on meil üsna vähe aimu .","baltisakslaste elust-olust eestis , sellest kadunud maailmast",elust-olust eestis,elust-olust Eesti,16,elust-olust,sg el,elust-olu,17,eestis,sg in,Eesti,error,syntax,other,other
13213148,Pirita jahisadama muulide ja kaide rägastikust vabasse vette jõudnuna tõmmatakse täispurjed üles ning esmatutvus purjetamisega võib maarottide jaoks alata .,pirita jahisadama muulide ja kaide rägastikust vabasse vette jõudnuna,rägastikust jõudnuna,rägastikust jõudnu,6,rägastikust,sg el,rägastik,9,jõudnuna,sg es,jõudnu,other,u-ending,other,elative_material
2995120,"Soome valitsus langetas eile otsuse , et seni riigieksamina kohustuslik rootsi keel muutub soome keelt kõnelevatele õpilastele edaspidi vabatahtlikuks , samal ajal kaob ka rootsi- või saamikeelsete õpilaste kohustus teha soome keelest eksam .",soome keelest eksam,keelest eksam,keelest eksam,32,keelest,sg el,keel,33,eksam,sg n,eksam,other,government,other,other
4693687,"Arvatavasti mõtleb ta ka seksi ajal kellegi teise peale , mina olen nagu kummist seksnukk või miski tehniline abivahend .",", mina olen nagu kummist seksnukk või miski tehniline abivahend",kummist seksnukk,kummist seksnukk,14,kummist,sg el,kumm,15,seksnukk,sg n,seksnukk,elative_material,,elative_material,elative_material
759156,Esimene kord Jaapani monarhia 2600-aastase ajaloo jooksul naib tulevane keiser mitteaadlikust neiu .,mitteaadlikust neiu,mitteaadlikust neiu,mitteaadlikust neiu,11,mitteaadlikust,sg el,mitteaadlik,12,neiu,sg n,neiu,elative_attribute,,elative_attribute,other
7029316,Eilsel treeningul lendas massöörist sparringupartner Vladimir Stepanjan vasakule ja paremale .,massöörist sparringupartner vladimir stepanjan,massöörist sparringupartner,massöörist sparringupartner,4,massöörist,sg el,massöör,5,sparringupartner,sg n,sparringupartner,elative_attribute,,elative_attribute,elative_attribute
3141945,Projekti kuulus ka presendist telgi ja välipliidi soetamine seltsitegevuseks .,presendist telgi välipliidi,presendist telgi,presendist telk,4,presendist,sg el,present,5,telgi,sg g,telk,other,?,elative_material,other
12956388,"Kui säherdust rõivast ehib veel ehtne jänesekarvast kaunistusribaga krae , võib sellega edukalt ka pidulikumale üritusele ilmuda .",jänesekarvast kaunistusribaga,jänesekarvast kaunistusribaga,jänesekarvast kaunistusriba,7,jänesekarvast,sg el,jänesekarv,8,kaunistusribaga,sg kom,kaunistusriba,elative_material,,elative_material,elative_material
518987,"Morgani ema saabub Eestisse septembris , suvel käinud isa võttis Rägavere maadelt kaasa mullaproove , millele ootab nüüd laborist analüüside vastuseid .",laborist analüüside,laborist analüüside,laborist analüüs,19,laborist,sg el,labor,20,analüüside,pl g,analüüs,error,syntax,other,other
662933,Mul on kohe koolipiigast kahju .,koolipiigast kahju,koolipiigast kahju,koolipiigast kahju,4,koolipiigast,sg el,koolipiiga,5,kahju,sg n,kahju,other,government,elative_attribute,elative_attribute
10354253,Inglise keelest Urmas Alas .,inglise keelest urmas alas .,keelest urmas,keelest Urmas,2,keelest,sg el,keel,3,urmas,sg n,Urmas,other,ellips,other,other
10758964,"Kirurgia osakondadest 11 , kardioloogiast 5 protsenti .",", kardioloogiast 5 protsenti",kardioloogiast protsenti,kardioloogiast protsent,5,kardioloogiast,sg el,kardioloogia,7,protsenti,sg p,protsent,other,ellips,other,other
9242759,"Tänapäeval mängib alalhoidliku talupojamõistuse kehastust küüniline poliitik , kes püüab “ võõra ” silti kaela riputada oma eesti soost vastasmängijatele Toompeal .",oma eesti soost vastasmängijatele toompeal,soost vastasmängijatele,soost vastasmängija,19,soost,sg el,sugu,20,vastasmängijatele,pl all,vastasmängija,other,collective,other,other
2263244,Kell 02.37 startinud piirivalve lennusalga kopter jõudis puksiirini kell 04.23 ja vintsis erakordselt rasketest ilmastikutingimustes neli soomlasest laevameest pardale .,neli soomlasest laevameest,soomlasest laevameest,soomlasest laevamees,17,soomlasest,sg el,soomlane,18,laevameest,sg p,laevamees,elative_attribute,,elative_attribute,elative_attribute
5222822,"Koolist äratuleku peamiseks põhjuseks peab ta ülesuhtlemist - koolis käis suu kogu päeva , õhtul ootasid temast vestluskaaslast isa ja oma tutvusringkond .",koolist äratuleku,koolist äratuleku,koolist äratulek,1,koolist,sg el,kool,2,äratuleku,sg g,äratulek,other,government,other,other
11979107,"Vahepeal tiimiga liitunud neljas välismaalane , ameeriklasest tagamees Daniel Johnson lahkus Eestist üheski mängus osalemata .",", ameeriklasest tagamees daniel johnson",ameeriklasest tagamees,ameeriklasest tagamees,7,ameeriklasest,sg el,ameeriklane,8,tagamees,sg n,tagamees,elative_attribute,,elative_attribute,elative_attribute
12961097,"Teevalikust näiteks imehead suitsutatud maitsega Lapsang Souchongi , mida idamaades kuuldavasti just sügiseti hea meeleolu hoidmiseks juuakse .","teevalikust näiteks imehead suitsutatud maitsega lapsang souchongi , mida idamaades kuuldavasti just sügiseti hea meeleolu hoidmiseks juuakse .",teevalikust maitsega,teevalikust maitse,1,teevalikust,sg el,teevalik,5,maitsega,sg kom,maitse,other,ellips,other,other
4718432,"Kui olete kaotanud töökoha ja mõtlete ettevõtluse või füüsilisest isikust ettevõtjana tegutsemise peale , siis samalt küljelt leiate näiteks Ettevõtluskooli EMI EWT Ida-Lääne Koolituse , EM Majanduskooli .",ettevõtluse või füüsilisest isikust ettevõtjana,isikust ettevõtjana,isikust ettevõtja,10,isikust,sg el,isik,11,ettevõtjana,sg es,ettevõtja,elative_attribute,,elative_attribute,other
4495108,Tallinnas hukkus täna öösel Kasvu tänaval põlengus Rootsi kodanikust meesterahvas .,rootsi kodanikust meesterahvas,kodanikust meesterahvas,kodanikust meesterahvas,9,kodanikust,sg el,kodanik,10,meesterahvas,sg n,meesterahvas,elative_attribute,,elative_attribute,elative_attribute
4264374,"Barca portugallasest väravavaht Vitor Baia oli kodumaalgi samalaadse juhtumi läbi elanud ja nimetas seda "" väga ebameeldivaks "" .",barca portugallasest väravavaht vitor baia,portugallasest väravavaht,portugallasest väravavaht,2,portugallasest,sg el,portugallane,3,väravavaht,sg n,väravavaht,elative_attribute,,elative_attribute,elative_attribute
6091113,"Palestiinlasest suitsiiditerrorist tappis ööl vastu laupäeva Tel Avivi mereäärses ööklubis vähemalt 17 ja haavas enam kui 90 inimest , teatas Iisraeli politsei laupäeval .",palestiinlasest suitsiiditerrorist,palestiinlasest suitsiiditerrorist,palestiinlasest suitsiiditerrorist,1,palestiinlasest,sg el,palestiinlane,2,suitsiiditerrorist,sg n,suitsiiditerrorist,elative_attribute,,elative_attribute,elative_attribute
2319699,""" Mängisime kogu turniiri kui üks meeskond , see tõi meile ka edu , "" iseloomustas saadud võitu soomlasest peatreener Vesa Surenkin .",soomlasest peatreener vesa surenkin,soomlasest peatreener,soomlasest peatreener,19,soomlasest,sg el,soomlane,20,peatreener,sg n,peatreener,elative_attribute,,elative_attribute,elative_attribute
7613598,"Trepist laskudes kuulsin kõnelust , mis mind hämmastas .",trepist laskudes,trepist laskudes,trepist lask,1,trepist,sg el,trepp,2,laskudes,pl in,lask,error,pos,other,other
2173418,"Mitmest rahvusest esinejad tutvuvad eesti sügistalviste kalendrikommetega ja tutvustavad omi kombeid - kuulda-näha saab ukrainlaste nigulapäeva tähistamist , ukraina , vene ja valgevenekoljadasid ning teistegi rahvaste kalendrifolkloori .",mitmest rahvusest esinejad,rahvusest esinejad,rahvusest esineja,2,rahvusest,sg el,rahvus,3,esinejad,pl n,esineja,other,collective,other,other
7822259,"Las vastab keegi eliidi hulgast , näiteks presidendi vastuvõtule palutud oivikust kõrgkoolilõpetaja , edukas töövõtja , noor inimene , tulevikusepistaja .",", näiteks presidendi vastuvõtule palutud oivikust kõrgkoolilõpetaja , edukas töövõtja , noor inimene , tulevikusepistaja",oivikust kõrgkoolilõpetaja,oivikust kõrgkoolilõpetaja,11,oivikust,sg el,oivik,12,kõrgkoolilõpetaja,sg n,kõrgkoolilõpetaja,elative_attribute,,elative_attribute,other
4635349,"Laval olid hästiistuvad , vaba joonega siidpluusid , sviitrid , polod , mantlid ja velvetist ülikonnad .",ja velvetist ülikonnad,velvetist ülikonnad,velvetist ülikond,15,velvetist,sg el,velvet,16,ülikonnad,pl n,ülikond,elative_material,,elative_material,elative_material
6043576,Kullast kihi all on papist karkass,kullast kihi all on papist karkass,kullast kihi,kullast kiht,1,kullast,sg el,kuld,2,kihi,sg g,kiht,elative_material,,elative_material,elative_material
5081421,Näiteks kontserdi eel olen erutatud ning kappan toast tuppa ja vannitoast koridori .,ja vannitoast koridori,vannitoast koridori,vannitoast koridor,11,vannitoast,sg el,vannituba,12,koridori,sg p,koridor,error,conjunction,other,other
1397908,"Alates 1978. aastast õpetas ta kompositsiooni Eesti Muusikaakadeemias , 1993. aastast professorina .",", 1993. aastast professorina",aastast professorina,aastast professor,11,aastast,sg el,aasta,12,professorina,sg es,professor,other,MIS AJAST KES,other,other
8454280,"Keegi asub kirjutama varalahkunust mälestusi ega lase ennast segada isegi mitte sellest , kui talle meenutatakse “ rollis lebavat ” näitlejat teatri ees .",varalahkunust mälestusi,varalahkunust mälestusi,varalahkunust mälestus,4,varalahkunust,sg el,varalahkunu,5,mälestusi,pl p,mälestus,error,syntax,other,elative_attribute
258222,"Aastast 1992 TTÜ Küberneetika Instituudi juhtimissüsteemide osakonna juhataja , aastast 1998 TTÜ üldinformaatika professor , üldinformaatika õppetooli juhataja .","aastast 1992 ttü küberneetika instituudi juhtimissüsteemide osakonna juhataja , aastast 1998 ttü üldinformaatika professor , üldinformaatika õppetooli juhataja .",aastast juhataja,aastast juhataja,1,aastast,sg el,aasta,8,juhataja,sg n,juhataja,other,MIS AJAST KES,other,other
7809312,Kentaurist teatrikooli värske lõpetaja valis paljude pakkumiste seast just Ugala .,kentaurist teatrikooli,kentaurist teatrikooli,kentaurist teatrikool,1,kentaurist,sg el,kentaur,2,teatrikooli,sg g,teatrikool,error,syntax,other,other
4671523,1998-ndast aastast vabakutseline näitleja .,1998-ndast aastast vabakutseline näitleja .,aastast näitleja,aastast näitleja,2,aastast,sg el,aasta,4,näitleja,sg n,näitleja,other,MIS AJAST KES,other,other
4147864,"Lõuna-Iraagis Kerbalas tappis enesetaputerrorist pommiplahvatuses 45 inimest , 138 sai haavata , Ramadis surmas end politseinike ja sõjaväelaste seas õhkinud enesetaputerrorist 80 inimest , 65 kannatanut on toimetatud haiglasse , teatas ETV24 .",enesetaputerrorist pommiplahvatuses,enesetaputerrorist pommiplahvatuses,enesetaputerrorist pommiplahvatus,4,enesetaputerrorist,sg el,enesetaputerror,5,pommiplahvatuses,sg in,pommiplahvatus,error,syntax,elative_attribute,other
15654812,Sest ta oli esimene slaavlasest paavst .,sest ta oli esimene slaavlasest paavst .,slaavlasest paavst,slaavlasest paavst,5,slaavlasest,sg el,slaavlane,6,paavst,sg n,paavst,elative_attribute,,elative_attribute,elative_attribute
15729259,"Laeva kapteni Koit Pautsi sõnul on ta Muhu väina regatist osa võtnud 11 korral , esikohale on tuldud neist neljal .",muhu väina regatist osa,regatist osa,regatist osa,10,regatist,sg el,regatt,11,osa,sg p,osa,other,government,other,other
14722948,"Käbini muusikaõpetajast tütar elab omaette Tallinnas , poeg on Moskvas tuumafüüsik .",käbini muusikaõpetajast tütar,muusikaõpetajast tütar,muusikaõpetajast tütar,2,muusikaõpetajast,sg el,muusikaõpetaja,3,tütar,sg n,tütar,elative_attribute,,elative_attribute,elative_attribute
4229620,Mänedžerist kihlatu Kristjan-Thor Vähi sõnul võtab Kristina ilmselt 2007. aasta kevadel hingetõmbeaasta .,mänedžerist kihlatu kristjan-thor vähi,mänedžerist kihlatu,mänedžerist kihlatu,1,mänedžerist,sg el,mänedžer,2,kihlatu,sg g,kihlatu,elative_attribute,,elative_attribute,elative_attribute
15528084,Asutuses viibides peab vene rahvusest isik loobuma täielikult oma vanast elust ja tuttavatest inimestest .,vene rahvusest isik,rahvusest isik,rahvusest isik,5,rahvusest,sg el,rahvus,6,isik,sg n,isik,other,collective,other,other
7715491,"Koos sakslasest trummari ja DJ J. Peter Schwalmiga tehtud “ Drawn from Life ” on kõige pärdilikum Eno plaat , vähemalt ütleb see tobe võrdlus midagi neile , kes on kuulnud Pärdi orkestripala “ Orient & Occident ” .",koos sakslasest trummari ja dj j. peter schwalmiga,sakslasest trummari,sakslasest trummar,2,sakslasest,sg el,sakslane,3,trummari,sg g,trummar,elative_attribute,,elative_attribute,elative_attribute
14984613,"Kaks afgaanist vangi kinnitasid , et nad ei ole kunagi ameeriklaste vastu võidelnud .",kaks afgaanist vangi,afgaanist vangi,afgaanist vang,2,afgaanist,sg el,afgaan,3,vangi,sg p,vang,elative_attribute,,elative_attribute,elative_attribute
3175791,""" Koolid ei tohi piirata ühegi õpilase lahkumist koolimajast vahetundide või vabade tundide ajal , "" kinnitas õiguskantsler Allar Jõks .",koolimajast vahetundide või vabade tundide ajal,koolimajast vahetundide,koolimajast vahetund,9,koolimajast,sg el,koolimaja,10,vahetundide,pl g,vahetund,error,syntax,other,other
3477334,"Tema mitmeekraanilises videotöös "" Kuritöö ja karistus "" tulistavad papist supermodellinägudega amatsoonid granaadiheitjatest , kuuli- ja miinipildujatest ning automaatidest .",papist supermodellinägudega,papist supermodellinägudega,papist supermodellinägu,10,papist,sg el,papp,11,supermodellinägudega,pl kom,supermodellinägu,error,syntax,elative_attribute,elative_material
1912125,Viiekümne viie aastane miljonärist seiklusteotsija alustas lendu 31. detsembril St.,viiekümne viie aastane miljonärist seiklusteotsija,miljonärist seiklusteotsija,miljonärist seiklusteotsija,4,miljonärist,sg el,miljonär,5,seiklusteotsija,sg n,seiklusteotsija,elative_attribute,,other,elative_attribute
11361437,1933. aastast Tartu Ülikooli õppejõud .,1933. aastast tartu ülikooli õppejõud .,aastast õppejõud,aastast õppejõud,2,aastast,sg el,aasta,5,õppejõud,sg n,õppejõud,other,MIS AJAST KES,other,other
2072959,"Schwarzenegger on end ümbritsenud ka endise vabariiklasest California kuberneri Pete Wilsoni nõunikega , mis süvendab veelgi spekulatsioone tema kandideerimisest 2006. aasta valimistel .",endise vabariiklasest california kuberneri pete wilsoni,vabariiklasest kuberneri,vabariiklasest kuberner,7,vabariiklasest,sg el,vabariiklane,9,kuberneri,sg g,kuberner,elative_attribute,,elative_attribute,elative_attribute
3761698,""" Ma ei oleks niisama heast peast oma klassi poolele teele jätnud , "" kinnitab pensionärist pedagoog .",pensionärist pedagoog,pensionärist pedagoog,pensionärist pedagoog,16,pensionärist,sg el,pensionär,17,pedagoog,sg n,pedagoog,elative_attribute,,elative_attribute,elative_attribute
6455848,Kolmas oli eestlase endine klubikaaslane Ag2r-ist prantslane Jean-Patrick Nazon .,ag2r-ist prantslane jean-patrick nazon,ag2r-ist prantslane,ag2r-ist prantslane,6,ag2r-ist,sg el,Ag2r,7,prantslane,sg n,prantslane,other,KUST KES,other,elative_material
213399,"Kolm  eestlasest  vangi pääsevad Taist Eestisse karistust kandma    ( PM Online 6. mai . ) [ 29 ]    ,   Kolm eestlast pääseb Tai vanglaõudustest      [ 30 ]    ,   Eesti vangid  õppisid ja sportisid Tais     [ 31 ]    , Tai laseb veel kaks  eesti  narkokullerit koju    [ 32 ]    .",kolm eestlasest vangi,eestlasest vangi,eestlasest vang,2,eestlasest,sg el,eestlane,3,vangi,sg p,vang,elative_attribute,,elative_attribute,elative_attribute
4354633,""" Tavaliselt on sellistel inimestel olnud diktaatorist ema , vägivaldne isa või vend , "" räägib ta , lisades , et tänapäeval võib põhjuste loetelule lisada ka vägivaldsed filmid .","diktaatorist ema , vägivaldne isa või vend",diktaatorist ema,diktaatorist ema,7,diktaatorist,sg el,diktaator,8,ema,sg n,ema,elative_attribute,,elative_attribute,elative_attribute
3371215,"Keskkonnakaitsjate , kuid ka arhitektide protesti põhjustas kompleksi Pärnu maantee äärde ulatuv , kahe korruse kõrgustel sammastel seisev vaskplekist osa , mille rajamine toob kaasa ka pärna mahavõtmise .","pärnu maantee äärde ulatuv , kahe korruse kõrgustel sammastel seisev vaskplekist osa , mille rajamine toob kaasa ka pärna mahavõtmise",vaskplekist osa,vaskplekist osa,19,vaskplekist,sg el,vaskplekk,20,osa,sg n,osa,elative_material,,elative_material,other
2533893,"Kahe Põhja-Korea lähimast liitlasest riigi kutse oli Venemaa presidendi Vladimir Putini ja Hiina presidendi Jiang Zemini Pekingi kohtumise olulisim hetk , teatas Reuters .","kahe põhja-korea lähimast liitlasest riigi kutse oli venemaa presidendi vladimir putini ja hiina presidendi jiang zemini pekingi kohtumise olulisim hetk , teatas reuters .",liitlasest kutse,liitlasest kutse,4,liitlasest,sg el,liitlane,6,kutse,sg n,kutse,error,syntax,elative_attribute,elative_attribute
2464168,Eradetektiivil on lubatud tegutseda füüsilisest isikust ettevõtjana või äriühinguna .,füüsilisest isikust ettevõtjana või äriühinguna,isikust ettevõtjana,isikust ettevõtja,6,isikust,sg el,isik,7,ettevõtjana,sg es,ettevõtja,elative_attribute,,elative_attribute,other
5911784,"Hassani teatel on jordaanlasest terrorist al-Zarqawi saanud haavata pähe ja mujale kehasse , kui tema Süüria piiri lähistel Qaimi linna külje all asuvat varjendit pommitasid .",jordaanlasest terrorist,jordaanlasest terrorist,jordaanlasest terror,4,jordaanlasest,sg el,jordaanlane,5,terrorist,sg el,terror,elative_attribute,,elative_attribute,elative_attribute
6584363,"Kui mul turgatas pähe , et Joonase-suguse autsaideri näitusest oleks põnev lugeda mõnelt kriitikust autsaiderilt , kes tema isikust ja mütoloogilisest pagasist suurt ei teaks , matsin mõtte sealsamas maha , kuna kujutasin liiga elavalt ette Andrus Joonasest kirjutatud bakalaureusetööst mahakribitud juttu .","mõnelt kriitikust autsaiderilt , kes tema isikust ja mütoloogilisest pagasist suurt ei teaks ,",kriitikust autsaiderilt,kriitikust autsaider,14,kriitikust,sg el,kriitik,15,autsaiderilt,sg abl,autsaider,elative_attribute,,elative_attribute,elative_attribute
14934796,"Euroopa jalgpalliliit UEFA uurib Newcastle Unitedi ametlikku kaebust , nagu olevat Inter Milano itaallasest ründeäss Christian Vieri teisipäevases Meistrite Liiga mängus solvanud Kongo päritolu Lomana LuaLuat rassistlike kommentaaridega .",inter milano itaallasest ründeäss christian vieri teisipäevases meistrite liiga mängus solvanud kongo päritolu lomana lualuat rassistlike kommentaaridega,itaallasest ründeäss,itaallasest ründeäss,14,itaallasest,sg el,itaallane,15,ründeäss,sg n,ründeäss,elative_attribute,,elative_attribute,elative_attribute
1443188,"Rohkete kallistuste ja meestevaheliste suudlustega alanud üritus tõestas , et mingist varem paljulubatud rotatsioonist ühenduse liidri kohale ei ole juttugi ja võim SRÜ-s peab jääma Moskvale .",varem paljulubatud rotatsioonist ühenduse,rotatsioonist ühenduse,rotatsioonist ühendus,14,rotatsioonist,sg el,rotatsioon,15,ühenduse,sg g,ühendus,error,syntax,other,other
13244697,Räägitakse lõhest erakonnas ja liidrite omavahelisest võitlusest .,lõhest erakonnas ja liidrite omavahelisest võitlusest,lõhest erakonnas,lõhest erakond,2,lõhest,sg el,lõhe,3,erakonnas,sg in,erakond,other,government,other,other
8618046,Mätaste vahel on plekist nõud muidugi kõige õigemad .,plekist nõud,plekist nõud,plekist nõu,4,plekist,sg el,plekk,5,nõud,pl n,nõu,elative_material,,elative_material,elative_material
772351,Revolutsionäärist ajaviitjaks,revolutsionäärist ajaviitjaks,revolutsionäärist ajaviitjaks,revolutsionäärist ajaviitja,1,revolutsionäärist,sg el,revolutsionäär,2,ajaviitjaks,sg tr,ajaviitja,other,KELLEST KELLEKS,elative_attribute,elative_attribute
11477457,"Jelena Dõšlovaja , füüsilisest isikust ettevõtja , elukoht Narva , isikukood 45907023712 .",", füüsilisest isikust ettevõtja",isikust ettevõtja,isikust ettevõtja,5,isikust,sg el,isik,6,ettevõtja,sg n,ettevõtja,elative_attribute,,elative_attribute,other
13076407,Teenindus sama nii 63 km kui 31 km distantsist osavõtjatele,kui 31 km distantsist osavõtjatele,distantsist osavõtjatele,distantsist osavõtja,9,distantsist,sg el,distants,10,osavõtjatele,pl all,osavõtja,other,ja-ending,other,other
3754136,"Kuna uusi õppejõude juurde ei tule , siis ei suuda ülikoolid enam anda n.-ö harilikku kvaliteetset arvutialast kõrgharidust .",n.-ö harilikku kvaliteetset arvutialast kõrgharidust,arvutialast kõrgharidust,arvutialast kõrgharidus,17,arvutialast,sg el,arvutiala,18,kõrgharidust,sg p,kõrgharidus,error,adjective,other,other
14808921,"Kui auto koosneb nelikanttorust kokkukeevitatud raamist ja klaasplastist kerepaneelidest , on 325 hobujõudu selle jaoks päris piisav kogus .",ja klaasplastist kerepaneelidest,klaasplastist kerepaneelidest,klaasplastist kerepaneel,8,klaasplastist,sg el,klaasplast,9,kerepaneelidest,pl el,kerepaneel,elative_material,,elative_material,elative_material
425461,Katkestajast saiterasnärvidega leedi,katkestajast saiterasnärvidega leedi,katkestajast leedi,katkestajast leedi,1,katkestajast,sg el,katkestaja,3,leedi,sg n,leedi,elative_attribute,,elative_attribute,elative_attribute
2051131,Villa jaoks mööblit otsivad vanakraamikaupmehed leidsid 150 aasta vanuse Ammende perekonnale kuulunud pähklipuust klaveri .,150 aasta vanuse ammende perekonnale kuulunud pähklipuust klaveri,pähklipuust klaveri,pähklipuust klaver,13,pähklipuust,sg el,pähklipuu,14,klaveri,sg g,klaver,elative_material,,elative_material,elative_material
6847078,"Noortekirjanik Aidi Vallik ( 31 ) oli kunagi punkar , nüüd aga õpetab siivsalt Haapsalus Wiedemanni gümnaasiumis eesti keelt ja kirjandust , kasvatab kunstnikust abikaasaga tütart ja rõõmustab , kui aed õitseb .",kunstnikust abikaasaga,kunstnikust abikaasaga,kunstnikust abikaasa,24,kunstnikust,sg el,kunstnik,25,abikaasaga,sg kom,abikaasa,elative_attribute,,elative_attribute,elative_attribute
14140425,Film räägib mõrvarist habemeajajast nimega Sweeney Todd .,mõrvarist habemeajajast nimega sweeney todd,mõrvarist habemeajajast,mõrvarist habemeajaja,3,mõrvarist,sg el,mõrvar,4,habemeajajast,sg el,habemeajaja,elative_attribute,,elative_attribute,elative_attribute
6492224,"Vastavalt Eesti 3G litsentsitingimustele tuleb 2010. aastaks katta 3G võrguga 30% Eesti elanikkonnast tingimusel , et andmeedastuskiirus linnades on vähemalt 144 ja mujal 64 kilobitti sekundis .","30% eesti elanikkonnast tingimusel , et andmeedastuskiirus linnades on vähemalt 144 ja mujal 64 kilobitti sekundis",elanikkonnast tingimusel,elanikkonnast tingimus,13,elanikkonnast,sg el,elanikkond,14,tingimusel,sg ad,tingimus,error,syntax,other,other
6101400,"See kurjuse moment on vast keskmise metalmehe rõivastusest ja imagost tekkinud , you know - nahast riided , pikad juuksed , hunnik kulinaid kõrvas ja ninas jne.","- nahast riided , pikad juuksed , hunnik kulinaid kõrvas ja ninas jne",nahast riided,nahast riie,16,nahast,sg el,nahk,17,riided,pl n,riie,elative_material,,elative_material,elative_material
328542,"Selle abimaterjali otse esmaabilist tähtsust saksa soost pastorite jaoks on tapva otsekohesusega kommenteerinud  Uku Masing  oma kirjutises   “ Hans Susi 1551. a. tõlkest ”   “ Emakeele Seltsi Aastaraamatus ” X ( 1964 , lk. 122 ) : “ Kui kirikuõpetaja ei mõistnud piisavalt maakeelt , et selles jutlustada , siis ta ometi võinuks lugeda eestlastele mõistetavaks tunnistatud piiblitekste ning kohmerdada midagi kokku nende ja kirikulaulude fraaside põhjal . ”",saksa soost pastorite jaoks,soost pastorite,soost pastor,7,soost,sg el,sugu,8,pastorite,pl g,pastor,other,collective,other,other
9265027,"Inglise keelest Krista Mits , Juhan Kahk .","inglise keelest krista mits , juhan kahk .",keelest krista,keelest Krista,2,keelest,sg el,keel,3,krista,sg n,Krista,other,ellips,other,other
5186277,"Füüsilisest isikust ettevõtjatele õnnestus leida paar-kolm kursust , neist huvitavaim puudutas raamatupidamist ja tuntuim oli üksiktegija Olavi Kärsna .",füüsilisest isikust ettevõtjatele,isikust ettevõtjatele,isikust ettevõtja,2,isikust,sg el,isik,3,ettevõtjatele,pl all,ettevõtja,elative_attribute,,elative_attribute,other
13591288,"Hoolimata harvanähtavast kübaratrikist vangutas Zelinski pead : Raisk , kuidas paaril korral andestamatult võimalused tuulde lasin !",hoolimata harvanähtavast kübaratrikist,harvanähtavast kübaratrikist,harvanähtavast kübaratrikk,2,harvanähtavast,sg el,harvanähtava,3,kübaratrikist,sg el,kübaratrikk,other,government,other,other
11338794,"Wittyl õnnestus lüüa kanadalannast sprinditähte Catriona LeMay Doani 0 , 32 sekundiga .",kanadalannast sprinditähte catriona lemay doani,kanadalannast sprinditähte,kanadalannast sprinditäht,4,kanadalannast,sg el,kanadalanna,5,sprinditähte,sg p,sprinditäht,elative_attribute,,elative_attribute,elative_attribute
3799647,Mängu- ja atraktsioonijuhtidena käib pargist suvega läbi 200 noort tööotsijat .,pargist suvega,pargist suvega,pargist suvi,5,pargist,sg el,park,6,suvega,sg kom,suvi,error,syntax,other,other
10372659,Need on kaks täispuhutavat kummist hüppebatuuti ja vaateratas .,need on kaks täispuhutavat kummist hüppebatuuti ja vaateratas .,kummist hüppebatuuti,kummist hüppebatuut,5,kummist,sg el,kumm,6,hüppebatuuti,sg p,hüppebatuut,elative_material,,elative_material,elative_material
9518239,Palgatõusust põhiosa moodustavaks kohtunike palga tõusuks planeeris justiitsministeerium juba varakult käesoleva aasta eelarvesse 7 miljonit krooni .,palgatõusust põhiosa,palgatõusust põhiosa,palgatõusust põhiosa,1,palgatõusust,sg el,palgatõus,2,põhiosa,sg n,põhiosa,other,weird syntax,other,other
3187982,"Klaasist relvakapp elutoaseinal , võrgust vahesein , kaitsevärvides diivanipadjad .","klaasist relvakapp elutoaseinal , võrgust vahesein , kaitsevärvides diivanipadjad .",klaasist relvakapp,klaasist relvakapp,1,klaasist,sg el,klaas,2,relvakapp,sg n,relvakapp,elative_material,,elative_material,elative_material
2587513,"Tallinna Keskhaigla juures tegutseva antiraabilise kabineti arst Olga Priimann ütles , et viimati registreeriti Eestis loomahammustusest marutaudi nakatumise juhtum 1986. aastal .",loomahammustusest marutaudi,loomahammustusest marutaudi,loomahammustusest marutaud,16,loomahammustusest,sg el,loomahammustus,17,marutaudi,sg g,marutaud,error,syntax,other,other
13564477,Praktikust žüriiliikme Andrus Vaariku sõnul polnud valiku tegemine raske .,praktikust žüriiliikme andrus vaariku,praktikust žüriiliikme,praktikust žüriiliige,1,praktikust,sg el,praktik,2,žüriiliikme,sg g,žüriiliige,elative_attribute,,elative_attribute,elative_attribute
13347836,Suurima siseveekogude pindalaga riigid Riik Protsent riigi kogupindalast Siseveekogude pindala ( km2 ),riigi kogupindalast siseveekogude,kogupindalast siseveekogude,kogupindalast siseveekogu,8,kogupindalast,sg el,kogupindala,9,siseveekogude,pl g,siseveekogu,other,ellips,other,other
5556718,"Kaduma läksid Posh Spice'i topid ja miniseelikud , firmapesu ja bikiinid ning paljud perekondlikult armsad asjakesed , muu hulgas lapsukese pilt koos esimese juuksekiharaga ning kuldraamis perefoto ühes jalgpallurist abikaasa David Beckhami ja Brooklyniga , mis oli Victoriale kingitud valentinipäevaks .","ühes jalgpallurist abikaasa david beckhami ja brooklyniga , mis oli victoriale kingitud valentinipäevaks",jalgpallurist abikaasa,jalgpallurist abikaasa,29,jalgpallurist,sg el,jalgpallur,30,abikaasa,sg g,abikaasa,elative_attribute,,elative_attribute,elative_attribute
11903851,"Kaotajate paremad olid bosnialasest äär Abdurahman Kahrimanovic 18 , Edvard Nikitovic 17 ja Primoz Kobale 16 silmaga .","bosnialasest äär abdurahman kahrimanovic 18 , edvard nikitovic 17 ja primoz kobale 16 silmaga",bosnialasest äär,bosnialasest äär,4,bosnialasest,sg el,bosnialas,5,äär,sg n,äär,elative_attribute,,elative_attribute,elative_attribute
10633555,"Toimetusele on teateid tulnud , et Harju-Jaani õpetaja Normann kantslist maaliidu hääks kihutustööd teeb .",kantslist maaliidu,kantslist maaliidu,kantslist maaliit,10,kantslist,sg el,kantsel,11,maaliidu,sg g,maaliit,error,syntax,other,other
12196752,"Mõni kuu enne esinemist ei teatud diskotähest õieti midagi , aga sama aasta kevadel tehtud ajalehe- , raadio- ja TV-programmidest sai Indra tuntuks ja teda peeti parimaks väliseestlasest lauljaks .",parimaks väliseestlasest lauljaks,väliseestlasest lauljaks,väliseestlasest laulja,28,väliseestlasest,sg el,väliseestlane,29,lauljaks,sg tr,laulja,elative_attribute,,elative_attribute,elative_attribute
5376458,""" Sõiduautost ei saanud enam kedagi välja tirida , "" lisab kiirabitöötajast abikaasa .",kiirabitöötajast abikaasa,kiirabitöötajast abikaasa,kiirabitöötajast abikaasa,12,kiirabitöötajast,sg el,kiirabitöötaja,13,abikaasa,sg n,abikaasa,elative_attribute,,elative_attribute,elative_attribute
1869474,"Kujunenud on vastuoluline olukord : isamaalasest valitsusjuht Guntars Krasts kinnitab Euroopale , et kodakondsuskü-simuste alal tehakse kõik , mis võimalik , ning samal ajal võitleb tema erakond aktiivselt nendesamade Euroopa nõutud seaduseparanduste vastu .",isamaalasest valitsusjuht guntars krasts,isamaalasest valitsusjuht,isamaalasest valitsusjuht,6,isamaalasest,sg el,isamaalane,7,valitsusjuht,sg n,valitsusjuht,elative_attribute,,elative_attribute,elative_attribute
12337049,"Korvpallis ei ole kunagi stampsituatsioone , mis korduksid päevast päeva , nädalast nädalasse või kuust kuusse .",", nädalast nädalasse või kuust",nädalast nädalasse,nädalast nädal,12,nädalast,sg el,nädal,13,nädalasse,sg ill,nädal,other,KUST KUHU,other,other
8482893,Vene laevastik võttis relvastusest maha neli vanemat tüüpi Kiiev-klassist lennukikandjat .,neli vanemat tüüpi kiiev-klassist lennukikandjat,kiiev-klassist lennukikandjat,kiiev-klassist lennukikandja,9,kiiev-klassist,sg el,Kiiev-klass,10,lennukikandjat,sg p,lennukikandja,other,collective,other,other
12773358,"Mida iganes kanadalasest vormelipiloot Alex Tagliani ka ei teeks , tema mõtted lähevad ikka ja jälle tagasi ühte kohta - laupäevasele CART võidusõidusarja Saksamaa etapile , kus hea sõber Alex Zanardi kohutavas avariis mõlemad jalad kaotas .",kanadalasest vormelipiloot alex tagliani,kanadalasest vormelipiloot,kanadalasest vormelipiloot,3,kanadalasest,sg el,kanadalane,4,vormelipiloot,sg n,vormelipiloot,elative_attribute,,elative_attribute,elative_attribute
15940035,"Palju tööd oli mängu hispaanlasest kohtunikul Garcia Arandal , kes 90 . minutil eemaldas teise hoiatuse tõttu Interi kaitsja Salvatore Fresi .","palju tööd oli mängu hispaanlasest kohtunikul garcia arandal , kes 90 . minutil eemaldas teise hoiatuse tõttu interi kaitsja salvatore fresi .",hispaanlasest kohtunikul,hispaanlasest kohtunik,5,hispaanlasest,sg el,hispaanlane,6,kohtunikul,sg ad,kohtunik,elative_attribute,,elative_attribute,elative_attribute
15402746,Su kriitikast kristluse suhtes kumab see ju täitsa läbi ?,su kriitikast kristluse suhtes,kriitikast kristluse,kriitikast kristlus,2,kriitikast,sg el,kriitika,3,kristluse,sg g,kristlus,error,syntax,other,other
5897444,"Eesti on kriisipiirkonda saanud 15-liikmelise päästemeeskonna , samuti viibib ÜRO egiidi all Indoneesias üks eesti arst ning Tais kolm tuvastuseksperdist politseinikku .",ning tais kolm tuvastuseksperdist politseinikku,tuvastuseksperdist politseinikku,tuvastuseksperdist politseinik,20,tuvastuseksperdist,sg el,tuvastusekspert,21,politseinikku,sg p,politseinik,elative_attribute,,elative_attribute,elative_attribute
14083344,"Vahemärkusena olgu öeldud , et Davidi lauljahakatisest naine ei olnud asjade sellise arengu üle just rõõmus miks peab mu mees Jordani numbrit kandma ?",davidi lauljahakatisest naine,lauljahakatisest naine,lauljahakatisest naine,7,lauljahakatisest,sg el,lauljahakatis,8,naine,sg n,naine,elative_attribute,,elative_attribute,other
2369520,Veebruaris loovutatakse Focuse mudeliseeria esimene võimsaim eksemplar RS eestlasest ralliässale Markko Märtinile .,rs eestlasest ralliässale markko märtinile,eestlasest ralliässale,eestlasest ralliäss,9,eestlasest,sg el,eestlane,10,ralliässale,sg all,ralliäss,elative_attribute,,elative_attribute,elative_attribute
12466420,"“ Leidsime oma Nokia ja lasime lood paljude toetajate abiga CD-le pressida , ” selgitas ansambli liider Oleg Sõlg pillimehest regionaalministrile Toivo Asmerile .",pillimehest regionaalministrile toivo asmerile,pillimehest regionaalministrile,pillimehest regionaalminister,20,pillimehest,sg el,pillimees,21,regionaalministrile,sg all,regionaalminister,elative_attribute,,elative_attribute,elative_attribute
12155800,KORVPALL Balti liigas viimasel kohal asuv Pirita BM korvpalliklubi täiendas meeskonda leedulasest keskmängija Saulius Dumbliauskase ja noore Eesti tagamehe Joosep Poklaga .,leedulasest keskmängija saulius dumbliauskase ja noore eesti tagamehe joosep poklaga,leedulasest keskmängija,leedulasest keskmängija,12,leedulasest,sg el,leedulane,13,keskmängija,sg n,keskmängija,elative_attribute,,elative_attribute,elative_attribute
4956019,""" Statistika kinnitab , et värvipimeduse annab enamasti edasi ema meessoost järglastele .",ema meessoost järglastele,meessoost järglastele,meessoost järglane,11,meessoost,sg el,meessugu,12,järglastele,pl all,järglane,other,collective,other,other
9399683,"Ameeriklase Arthur Milleri nime nimetati näitekirjanike hulgast kõige rohkem , kuid talle hingasid suisa kuklasse inglane Harold Pinter ning iirlasest Nobeli kirjanduspreemia laureaat aastast 1969 Samuel Beckett .",ning iirlasest nobeli kirjanduspreemia laureaat aastast 1969 samuel beckett,iirlasest laureaat,iirlasest laureaat,20,iirlasest,sg el,iirlane,23,laureaat,sg n,laureaat,elative_attribute,,elative_attribute,elative_attribute
6705157,"Enne "" tööle asumist "" oli narkomaanist diiler süstinud endale järjekordse annuse heroiini , mistõttu jäi ta vahistamise järel apaatselt põrandale lamama .",narkomaanist diiler,narkomaanist diiler,narkomaanist diiler,7,narkomaanist,sg el,narkomaan,8,diiler,sg n,diiler,elative_attribute,,elative_attribute,elative_attribute
3950778,"Päästekeskus sai teate tulekahjust Tallinnas Viljandi maanteel kell 3.39 ning sündmuskohal selgus , et süttinud on metallist angaar mõõtmetega 20 x 50 meetrit .",metallist angaar,metallist angaar,metallist angaar,17,metallist,sg el,metall,18,angaar,sg n,angaar,elative_material,,elative_material,elative_material
8418365,Soovida jättis tegelaste käitumismotiivide psühholoogiline põhjendatus - näiteks jäi arusaamatuks talutütre Elli ( Triinu Meriste ) aprioorne võimukus ning tema sõdurist venna passiivsus .,ning tema sõdurist venna passiivsus,sõdurist passiivsus,sõdurist passiivsus,21,sõdurist,sg el,sõdur,23,passiivsus,sg n,passiivsus,error,syntax,elative_attribute,elative_attribute
3001565,"Matemaatikaõpetajast klassijuhataja Kadri Pensa ütleb , et ühe Andruse tüki etendasid klassivennad ka ära .",matemaatikaõpetajast klassijuhataja kadri pensa,matemaatikaõpetajast klassijuhataja,matemaatikaõpetajast klassijuhataja,1,matemaatikaõpetajast,sg el,matemaatikaõpetaja,2,klassijuhataja,sg n,klassijuhataja,elative_attribute,,elative_attribute,elative_attribute
14478519,"KORVPALL Tallinna BC Kalev/Cramo juht Ivar Valdmaa ei soovinud eile kommenteerida küsimust , kas nad kaaluvad ameeriklasest tagamehest Marlon Parmerist loobumist ja tema asemel uue leegionäri otsimist .",ameeriklasest tagamehest marlon parmerist,ameeriklasest tagamehest,ameeriklasest tagamees,19,ameeriklasest,sg el,ameeriklane,20,tagamehest,sg el,tagamees,elative_attribute,,elative_attribute,elative_attribute
4857661,Aktsiad noteeritakse Oslo Väärtpaberibörsil ja New Yorgi Väärtpaberibörsil pärast 29. maist 15. juunini toimuvat märkimispereioodi institutsioonilistele investoritele ja 31. maist 15. juunini toimuvat märkimisperioodi erainvestoritele .,ja 31. maist 15. juunini toimuvat märkimisperioodi erainvestoritele,maist märkimisperioodi,maist märkimisperiood,20,maist,sg el,mai,24,märkimisperioodi,sg p,märkimisperiood,error,syntax,other,other
1496485,"Pranas Mickeviciuse nimi kerkis avalikkuse huviorbiiti pärast mõni kuu tagasi peetud suurejoonelist pulmapidu Sitsiilias , kuhu leedu rahvusest Eesti ärimees Pranas Mickevicius sõidutas suure osa siinsest ärieliidist .",leedu rahvusest eesti ärimees pranas mickevicius,rahvusest ärimees,rahvusest ärimees,18,rahvusest,sg el,rahvus,20,ärimees,sg n,ärimees,other,collective,other,other
8910107,""" Ma tunnistan , ma ei küsinud seda niivõrd puhtsüdamlikust uurijahuvist teooria vastu kui uuristajahuvist akadeemiku kallal .",niivõrd puhtsüdamlikust uurijahuvist teooria vastu kui uuristajahuvist akadeemiku kallal,uurijahuvist teooria,uurijahuvist teooria,11,uurijahuvist,sg el,uurijahuvi,12,teooria,sg g,teooria,other,government,other,other
9702642,"Et nad siin olemas olid , tundus mulle väga naljakas maamajast puupliit ja ahi välja lõhkuda .",mulle väga naljakas maamajast puupliit ja ahi välja lõhkuda,maamajast puupliit,maamajast puupliit,11,maamajast,sg el,maamaja,12,puupliit,sg n,puupliit,error,syntax,other,other
1364219,Isamaaliitlasest abilinnapea Sulev Alajõe nimetas Einar Kelderit reeturiks .,isamaaliitlasest abilinnapea sulev alajõe,isamaaliitlasest abilinnapea,isamaaliitlasest abilinnapea,1,isamaaliitlasest,sg el,isamaaliitlane,2,abilinnapea,sg n,abilinnapea,elative_attribute,,elative_attribute,elative_attribute
2659551,Üleeile muretsesin endale näiteks tšiillasest kirjasõbra .,näiteks tšiillasest kirjasõbra,tšiillasest kirjasõbra,tšiillasest kirjasõber,5,tšiillasest,sg el,tšiillane,6,kirjasõbra,sg g,kirjasõber,elative_attribute,,elative_attribute,elative_attribute
12133826,"Volvo pesamuna S40 säilitas mudelivahetuse käigus küll nime , kuid Ford Focus C-Maxi ja Mazda3-ga autopõhja jagav sedaan on sootuks teine tera kui Mitsubishi Carisma sugulasest eelkäija igast otsast ehtne rootsi värk nagu magus heeringaski .",kui mitsubishi carisma sugulasest eelkäija igast otsast,sugulasest eelkäija,sugulasest eelkäija,26,sugulasest,sg el,sugulane,27,eelkäija,sg n,eelkäija,elative_attribute,,elative_attribute,elative_attribute
11384726,Kohast võrkpalliliigas loobub teine Tartu klubi Schenker BTL .,kohast võrkpalliliigas,kohast võrkpalliliigas,kohast võrkpalliliiga,1,kohast,sg el,koht,2,võrkpalliliigas,sg in,võrkpalliliiga,error,syntax,other,other
13818975,""" Toitu tuleb valmistada armastuse ja pühendumisega jumalale , siis saab ta eriti maitsev , "" ütleb kokakunstist lugu pidav Gandharvika .",kokakunstist lugu,kokakunstist lugu,kokakunstist lugu,18,kokakunstist,sg el,kokakunst,19,lugu,sg p,lugu,other,verbal idiom,other,other
8876872,"Wismari haigla peaarsti asetäitja Jaanus Mumma puutub inimestega , kes tahavad oma haiguseks kasvanud joomisharjumustega lõpuks midagi peale hakata , kokku päevast päeva .",", kokku päevast päeva",päevast päeva,päevast päev,22,päevast,sg el,päev,23,päeva,sg p,päev,other,KUST KUHU,other,other
5763732,"Lisaks leiti talust peegel narkokahtlusega aine jälgedega ja kott pruunide taimelehtedega , mis saadeti aine tuvastamiseks koos kanepitaimedega ekspertiisi .","talust peegel ja kott pruunide taimelehtedega , mis saadeti aine tuvastamiseks koos kanepitaimedega ekspertiisi",talust peegel,talust peegel,3,talust,sg el,talu,4,peegel,sg n,peegel,error,syntax,other,other
5681384,"Roostevabast terasest kööginõud ei reageeri hapete ega teiste ühenditega , seepärast võib neis ka valmis toitu säilitada .",roostevabast terasest kööginõud,terasest kööginõud,terasest kööginõu,2,terasest,sg el,teras,3,kööginõud,pl n,kööginõu,elative_material,,elative_material,elative_material
13700562,Memmepojast rokikuningaks,memmepojast rokikuningaks,memmepojast rokikuningaks,memmepojast rokikuningas,1,memmepojast,sg el,memmepoeg,2,rokikuningaks,sg tr,rokikuningas,elative_attribute,,elative_attribute,other
9988663,"Usuasjade volinik Kivi kirjutas 1947. aastal aruandes Moskvale : “ ENSV oludes tuleb kõige enam arvestada luteri usku , sest ta haarab umbes 3/4 eesti rahvusest elanikkonda ja vaatamata kõigile nähetele omab küllaltki sügava autoriteedi . ”",umbes 3 / 4 eesti rahvusest elanikkonda,rahvusest elanikkonda,rahvusest elanikkond,28,rahvusest,sg el,rahvus,29,elanikkonda,sg p,elanikkond,other,collective,other,other
12573074,"Juba tegelaste loetelu toob näole kerge muige : kuningas Arnold , kuninganna Ingrid , Vene regent Karl , Karli soosik Toome , öövaht Sink , Singi vend Edgar , kamina elanik Kama , läänest tulija Mariann , idast tulija Enn .",", läänest tulija mariann",läänest tulija,läänest tulija,34,läänest,sg el,lääs,35,tulija,sg n,tulija,other,ja-ending,other,other
8211385,"Tegevust leidis linlasest taluperenaine ka mujal kui laudas ja põllul , ta sulandus kiiresti taluperenaiste seltsi liikmeks .",linlasest taluperenaine,linlasest taluperenaine,linlasest taluperenaine,3,linlasest,sg el,linlane,4,taluperenaine,sg n,taluperenaine,elative_attribute,,elative_attribute,elative_attribute
2737196,"Indiast pärist 24-aastane kolmekordne Rahvaste Ühenduse mängude võitja , kes on kahel korral tulnud ka kadettide maailmameistriks ja tänavu Aasia meistrivõistlustel hõbedale , pidi ise langema veerandfinalis ja seega pole eestlasel asja ka lohutusringi , kirjutab  .","indiast pärist 24-aastane kolmekordne rahvaste ühenduse mängude võitja , kes on kahel korral tulnud ka kadettide maailmameistriks ja tänavu aasia meistrivõistlustel hõbedale ,",pärist võitja,pärist võitja,2,pärist,sg el,pär,8,võitja,sg n,võitja,error,misspelling,other,other
3376097,Jaansoni usku aitab toita koostöö USA-s töötava ukrainlasest treeneri Igor Grinkoga .,usa-s töötava ukrainlasest treeneri igor grinkoga,ukrainlasest treeneri,ukrainlasest treener,8,ukrainlasest,sg el,ukrainlane,9,treeneri,sg g,treener,elative_attribute,,elative_attribute,elative_attribute
3790810,""" Likvideerimine korraldati Pariisis , et Briti salateenistus pääseks vastutusest , "" väitis Babel , lisades , et printsessi araablasest austaja kohalolek pidi agentide arvates kahandama avalikkuse kaastunnet .",printsessi araablasest austaja,araablasest austaja,araablasest austaja,20,araablasest,sg el,araablane,21,austaja,sg g,austaja,elative_attribute,,elative_attribute,elative_attribute
8136593,"See pere elas Tähe tänav 19 ja koosnes vanahärra Absalonist , tema naisest , naiseõest tädi Emmyst ja tütrest .",", naiseõest tädi emmyst ja tütrest",naiseõest tädi,naiseõest tädi,15,naiseõest,sg el,naiseõde,16,tädi,sg n,tädi,elative_attribute,,other,other
1895843,Naiste kaugushüppes jäi venelannast maailmameistril Ljudmilla Galkinal seitsmest meetrist puudu ainult üks sentimeeter .,venelannast maailmameistril,venelannast maailmameistril,venelannast maailmameister,4,venelannast,sg el,venelanna,5,maailmameistril,sg ad,maailmameister,elative_attribute,,elative_attribute,elative_attribute
4345098,"Akadeemia raamatukogu direktorid olid 1954.-1961. aastani Ksenia Tohver , 1961.-1983. aastani Felix Kauba ja alates 1984. aastast Maive Triipan .",ja alates 1984. aastast maive triipan,aastast maive,aastast Maive,21,aastast,sg el,aasta,22,maive,sg n,Maive,other,conjunction,other,other
14742395,"Noorte ja oma tööalase karjääriga rahulolematute inimeste nõustamiseks mõeldud raamat sisaldab üldist tööotsimisega seonduvat teavet ja ülevaate poolteisestsajast ametist , tuues ära põhilise töö iseloomu ja selleks vajalikud eeldused ja oskused .",poolteisestsajast ametist,poolteisestsajast ametist,poolteisestsajast amet,18,poolteisestsajast,sg el,poolteisestsaja,19,ametist,sg el,amet,other,quantifier construction,other,other
6040521,Kasvust suurima osa andis pangakaartide väljastamisest saadud tulu .,kasvust suurima osa,kasvust osa,kasvust osa,1,kasvust,sg el,kasv,3,osa,sg g,osa,other,government,other,other
7264933,Radioloogiaõde Marika Tepp tutvustas esitlusest osavõtnutele Heli Holmist tehtud röntgeniülesvõtte näitel seadmete käsitsemist ja võimalusi .,esitlusest osavõtnutele,esitlusest osavõtnutele,esitlusest osavõtnu,5,esitlusest,sg el,esitlus,6,osavõtnutele,pl all,osavõtnu,other,u-ending,other,other
14945694,( 8 ) Katastrile andmete esitamise ja katastrist andmete väljastamise üle peab katastripidaja arvestust elektrooniliselt .,katastrist andmete,katastrist andmete,katastrist andmed,8,katastrist,sg el,kataster,9,andmete,pl g,andmed,error,syntax,other,other
14959961,"Fondist toetuse saamisel antakse prioriteet projektidele , mis toovad kasu piirkondadele , kus esineb erilisi raskusi rahuldavate tootmisstruktuuride väljaarendamisel ja mis vastavad ka ühele järgmistest kriteeriumidest :",fondist toetuse,fondist toetuse,fondist toetus,1,fondist,sg el,fond,2,toetuse,sg g,toetus,error,syntax,other,other
14305309,Teekonnal soojussõlmest korterisse läheb vesi 5 korda kallimaks,soojussõlmest korterisse,soojussõlmest korterisse,soojussõlmest korter,2,soojussõlmest,sg el,soojussõlm,3,korterisse,sg ill,korter,error,syntax,other,other
7646518,"27. august - Jaanus Kuum , esimene eestlasest profijalgrattur .",", esimene eestlasest profijalgrattur",eestlasest profijalgrattur,eestlasest profijalgrattur,8,eestlasest,sg el,eestlane,9,profijalgrattur,sg n,profijalgrattur,elative_attribute,,elative_attribute,elative_attribute
2741888,"Seetõttu kogus Tallinna ülikooli ( TLÜ ) rektor Rein Raud ühte loengusaali TLÜ poliitikateooria professori Rein Ruutsoo , ajaloolasest poliitiku Mart Laari , TLÜ ajaloo instituudi direktori Magnus Ilmjärve ja humanitaarinstituudi kultuuriteooria lektori Marek Tamme , et lasta neil sõbralikus akadeemilises õhkkonnas mõtteid vahetada .",", ajaloolasest poliitiku mart laari",ajaloolasest poliitiku,ajaloolasest poliitik,19,ajaloolasest,sg el,ajaloolane,20,poliitiku,sg g,poliitik,elative_attribute,,elative_attribute,elative_attribute
9096788,"Üks kahest Hale-Boppi komeedi avastajast USA astronoom Alan Hale on aga väitnud , et kogu vaidlus Pluuto staatuse üle on mõttetu .",üks kahest hale-boppi komeedi avastajast usa astronoom alan hale,avastajast astronoom,avastajast astronoom,5,avastajast,sg el,avastaja,7,astronoom,sg n,astronoom,elative_attribute,,elative_attribute,elative_attribute
12766671,"Tänapäeval kulutavad araabia riigid kõigest 0,15 percent ; rahvuslikust kogutoodangust teadustööle .",; rahvuslikust kogutoodangust teadustööle,kogutoodangust teadustööle,kogutoodangust teadustöö,10,kogutoodangust,sg el,kogutoodang,11,teadustööle,sg all,teadustöö,error,syntax,other,other
4170446,"350-pealine publik A.le Coq Arenal hakkas juba mõtlema lisaajast ja penaltiseeriast , kui neli minutit enne mängu lõppu avas karistuslöögist skoori vaid kolm minutit platsil viibida jõudnud Konstantin Nahk .",karistuslöögist skoori,karistuslöögist skoori,karistuslöögist skoor,22,karistuslöögist,sg el,karistuslöök,23,skoori,sg g,skoor,error,syntax,other,other
5251889,Füüsilisest isikust Klient võib suhelda ET-ga ja teha tehinguid isiklikult või esindaja kaudu .,füüsilisest isikust klient,isikust klient,isikust klient,2,isikust,sg el,isik,3,klient,sg n,klient,elative_attribute,,elative_attribute,other
15553702,"Töötoas osalemiseks on vaja osta kassast muuseumipilet ( lastepilet 15 , täiskasvanute oma 30 krooni ) ning materjalikomplekt ( 15 krooni ) .","kassast muuseumipilet ( lastepilet 15 , täiskasvanute oma 30 krooni ) ning materjalikomplekt ( 15 krooni )",kassast muuseumipilet,kassast muuseumipilet,6,kassast,sg el,kassa,7,muuseumipilet,sg n,muuseumipilet,error,syntax,other,other
7486997,"Erikonstruktsiooniga plastmassist panipaiga maht on 8,5 kuni 9 m² ning ta on jagatud vähemalt kolme sektsiooni .",erikonstruktsiooniga plastmassist panipaiga,plastmassist panipaiga,plastmassist panipaik,2,plastmassist,sg el,plastmass,3,panipaiga,sg g,panipaik,elative_material,,elative_material,elative_material
10406566,"Grahamist ilma jäänud Leeds kaotas kodus Leicesterile , kelle iirlasest treener Martin O'Neill on Leedsi omanike esimene valik shotlasele asendaja otsimisel .",", kelle iirlasest treener martin o ' neill",iirlasest treener,iirlasest treener,10,iirlasest,sg el,iirlane,11,treener,sg n,treener,elative_attribute,,elative_attribute,elative_attribute
11477645,"Siri Allvee , füüsilisest isikust ettevõtja , elukoht Sõmeru vald , Lääne-Virumaa , isikukood 45206195223 .",", füüsilisest isikust ettevõtja",isikust ettevõtja,isikust ettevõtja,5,isikust,sg el,isik,6,ettevõtja,sg n,ettevõtja,elative_attribute,,elative_attribute,other
7767208,Mõne aasta eest tabas teda raske hoop : tapeti tema Moskvasse jäänud alla 30aastane ärimehest poeg .,moskvasse jäänud 30aastane ärimehest poeg,ärimehest poeg,ärimehest poeg,15,ärimehest,sg el,ärimees,16,poeg,sg n,poeg,elative_attribute,,elative_attribute,elative_attribute
10434114,"x luuad , puidust põllumajandustarbed ,",", puidust põllumajandustarbed",puidust põllumajandustarbed,puidust põllumajandustarve,4,puidust,sg el,puit,5,põllumajandustarbed,pl n,põllumajandustarve,elative_material,,elative_material,elative_material
1979769,"Seejärel kukutas ta loosungi all "" Mina või kaos "" putšiga sotsialistist presidendi Salvador Allende .",putšiga sotsialistist presidendi salvador allende,sotsialistist presidendi,sotsialistist president,12,sotsialistist,sg el,sotsialist,13,presidendi,sg g,president,elative_attribute,,elative_attribute,elative_attribute
15555587,"Balti liiga leedulasest tegevjuht Mindaugas Balciunas leidis , et lauakohtunike eksimused olid piisavalt rängad , et Gulbene võit tühistada .",balti liiga leedulasest tegevjuht mindaugas balciunas,leedulasest tegevjuht,leedulasest tegevjuht,3,leedulasest,sg el,leedulane,4,tegevjuht,sg n,tegevjuht,elative_attribute,,elative_attribute,elative_attribute
1682101,Valatud ja poroloonist polsterdusega saabas toetab küll hästi,ja poroloonist polsterdusega,poroloonist polsterdusega,poroloonist polsterdus,3,poroloonist,sg el,poroloon,4,polsterdusega,sg kom,polsterdus,elative_material,,elative_material,elative_material
5008391,"Kohtu määruse järgi peab Fomin ( 25 ) olema vahi all vähemalt kuni 1. juunini , tema mõrvarist kuriteokaaslane Eduard Vintsevitš ( 25 ) aga vähemalt kuni 1. augustini , ütles politseiameti pressiesindaja BNS-ile .",", tema mõrvarist kuriteokaaslane eduard vintsevitš ( 25 ) aga vähemalt kuni 1. augustini",mõrvarist kuriteokaaslane,mõrvarist kuriteokaaslane,18,mõrvarist,sg el,mõrvar,19,kuriteokaaslane,sg n,kuriteokaaslane,elative_attribute,,elative_attribute,elative_attribute
9619868,"Residentsis elab möödunud aasta kevadest minister Toomas Hendrik Ilves , seal peatub ka tema tippteadlasest abikaasa Merry Bullock .",ka tema tippteadlasest abikaasa merry bullock,tippteadlasest abikaasa,tippteadlasest abikaasa,15,tippteadlasest,sg el,tippteadlane,16,abikaasa,sg n,abikaasa,elative_attribute,,elative_attribute,elative_attribute
8816733,Sajast ja kahestsajast aastast oli vana Körber tookord kõnelnud .,ja kahestsajast aastast,kahestsajast aastast,kahestsajast aasta,3,kahestsajast,sg el,kahestsaja,4,aastast,sg el,aasta,other,quantifier construction,other,other
3866674,"64,0 protsenti küsitlusest osavõtnuist hääletas piirangute poolt , 36,0 protsenti piirangute vastu , teatas linnavalitsus .",küsitlusest osavõtnuist,küsitlusest osavõtnuist,küsitlusest osavõtnu,3,küsitlusest,sg el,küsitlus,4,osavõtnuist,pl el,osavõtnu,other,u-ending,other,other
12369539,"Šultsi sõnul pole politseil infot , et armeenlaste kioski juurest leitud lõhkekeha võiks olla seotud kahe armeenlasest ärimehe tapmisega Tallinnas eelmise aasta viimastel päevadel .",kahe armeenlasest ärimehe,armeenlasest ärimehe,armeenlasest ärimees,17,armeenlasest,sg el,armeenlane,18,ärimehe,sg g,ärimees,elative_attribute,,elative_attribute,elative_attribute
9982235,"Göran Moen  ( Norra ) on hüpanud kaugust 7.81 ja leedulannast kaugushüppe maailmarekordinaise  Vilma Bardauskiene  poeg  Tomas Bardauskas  7.78. 1500 m jooksus võiksid ka meie mehed külalistega konkureerida , sest parimana on leedulane  Darius Gruzdis  saanud ajaks 3.45,5 .",leedulannast kaugushüppe,leedulannast kaugushüppe,leedulannast kaugushüpe,11,leedulannast,sg el,leedulanna,12,kaugushüppe,sg g,kaugushüpe,error,syntax,elative_attribute,elative_attribute
12960449,"Sotsialistide ja teiste meelepaha on pälvinud komisjoni õigusvoliniku itaallasest kandidaat Rocco Buttiglione , kes on teinud konservatiivseid avaldusi homoseksuaalsuse ja abielu teemadel .","komisjoni õigusvoliniku itaallasest kandidaat rocco buttiglione , kes on teinud konservatiivseid avaldusi homoseksuaalsuse ja abielu teemadel",itaallasest kandidaat,itaallasest kandidaat,9,itaallasest,sg el,itaallane,10,kandidaat,sg n,kandidaat,elative_attribute,,elative_attribute,elative_attribute
15026389,"« Miks naistele meeldib rohkem šopata naised on ju olnud enamiku osa inimkonna ajaloost korilased , kes käivad ja korjavad talvevarusid .","« miks naistele meeldib rohkem šopata naised on ju olnud enamiku osa inimkonna ajaloost korilased , kes käivad ja korjavad talvevarusid .",ajaloost korilased,ajaloost korilane,14,ajaloost,sg el,ajalugu,15,korilased,pl n,korilane,other,copula,other,other
13035888,"KORVPALL Info , et tema senine meeskonnakaaslane Valmo Kriisa siirdus BC Kalevisse , aitas sama otsust teha ka eile Eesti meistri treeningutega liitunud ameeriklasest keskmängijal Travis Reedil .",eesti meistri treeningutega liitunud ameeriklasest keskmängijal travis reedil,ameeriklasest keskmängijal,ameeriklasest keskmängija,24,ameeriklasest,sg el,ameeriklane,25,keskmängijal,sg ad,keskmängija,elative_attribute,,elative_attribute,elative_attribute
11345245,Õiguslik vorm-füüsilisest isikust ettevõtja .,õiguslik vorm-füüsilisest isikust ettevõtja .,isikust ettevõtja,isikust ettevõtja,3,isikust,sg el,isik,4,ettevõtja,sg n,ettevõtja,elative_attribute,,elative_attribute,other
5269430,"Keskkriminaalpolitsei vahistas teisipäeval Narva allilmategelase , kes peksis aasta tagasi pesapallikurikaga surnuks talle raha võlgnenud narkomaanist jõugukaaslase .",talle raha võlgnenud narkomaanist jõugukaaslase,narkomaanist jõugukaaslase,narkomaanist jõugukaaslane,16,narkomaanist,sg el,narkomaan,17,jõugukaaslase,sg g,jõugukaaslane,elative_attribute,,elative_attribute,elative_attribute
14733323,"Eile hommikul leidsidki kolm tuukrit järvest kahe ja poole meetri sügavuselt , paarikümne meetri kauguselt kaldast tüdrukute surnukehad .",paarikümne meetri kauguselt kaldast tüdrukute,kaldast tüdrukute,kaldast tüdruk,16,kaldast,sg el,kallas,17,tüdrukute,pl g,tüdruk,other,conjunction,other,other
13550288,Koos maasoost kuningatega läks Paidesse ordumeestega läbirääkimistele samuti Lundi peapiiskopile alluv Tallinna piiskop .,koos maasoost kuningatega,maasoost kuningatega,maasoost kuningas,2,maasoost,sg el,maasoo,3,kuningatega,pl kom,kuningas,other,collective,other,other
14495822,"Nii päevast päeva , kuust kuusse , tänaseks juba aastast aastasse .","nii päevast päeva , kuust kuusse , tänaseks juba aastast aastasse .",päevast päeva,päevast päev,2,päevast,sg el,päev,3,päeva,sg p,päev,other,KUST KUHU,other,other
925089,"Tööst vabad mehed tegelevad seadmete korrastamisega , et kui ilmad lõpuks külmaks lähevad , saaks tõrgeteta saagima hakata .",tööst vabad mehed,tööst mehed,tööst mees,1,tööst,sg el,töö,3,mehed,pl n,mees,error,syntax,other,other
7286596,"Kujunev industriaalühiskond vajas sotsiaalset infrastruktuuri ( transport ja side , politseija justiitssüsteem , tervishoid ja haridus ) , mitmesuguseid ärilisi teenuseid ( pangad , maaklerid , hulgi- ja jaekaubandus , raamatupidamine , inseneritöö jmt ) , isiklikku teenindust ( koduteenijad , käsitöölised habemeajajast kingsepa ja hotellipidajani , aga ka professionaalset meditsiini- , õigus- või arhitektuurialast teenust ) , ühiskondlikke ja kogukondlikke ( religioon , ametiühingud ) ning kultuuri ja puhkuse alaseid teenuseid ( teater , muuseum , sport ) .",habemeajajast kingsepa ja hotellipidajani,habemeajajast kingsepa,habemeajajast kingsepp,43,habemeajajast,sg el,habemeajaja,44,kingsepa,sg g,kingsepp,elative_attribute,,elative_attribute,elative_attribute
9238917,Pallase juurtega adovabbelase Kaja Kärneri 30 tööst näitusevalik Tartus annab huvitava läbilõike kunstniku katsetustest abstraktsionismi vallas .,pallase juurtega adovabbelase kaja kärneri 30 tööst näitusevalik tartus,tööst näitusevalik,tööst näitusevalik,7,tööst,sg el,töö,8,näitusevalik,sg n,näitusevalik,other,,other,other
9992341,"Salu sõnul võiksid perearstid seal töötada füüsilisest isikust ettevõtjana , koonduda osaühingusse või aktsiaseltsi või avalik-õiguslikku ühingusse .",füüsilisest isikust ettevõtjana,isikust ettevõtjana,isikust ettevõtja,8,isikust,sg el,isik,9,ettevõtjana,sg es,ettevõtja,elative_attribute,,elative_attribute,other
4099891,"Sellest tõdemusest piisaks , ja võimalik mõttetu konflikt jääks olemata .","sellest tõdemusest piisaks , ja võimalik mõttetu konflikt jääks olemata .",tõdemusest piisaks,tõdemusest piisk,2,tõdemusest,sg el,tõdemus,3,piisaks,sg tr,piisk,error,pos,other,other
15300785,"Siin on siiski jutt maausust , sest ega neil hiitel muud sisulist eripärast väärtust võrreldes muude looduskaunite kohtadega ju pole .",muud sisulist eripärast väärtust,eripärast väärtust,eripärast väärtus,13,eripärast,sg el,eripära,14,väärtust,sg p,väärtus,error,adjective,other,other
8369800,"Kui sisemist vajadust ei ole ja on vaid võrdlused ja väline sundus , ei ole teile edukas olemiseks haridusestki abi .",haridusestki abi,haridusestki abi,haridusestki abi,19,haridusestki,sg el,haridus,20,abi,sg p,abi,other,government,other,other
809094,Pajula hinnangul süvendavad ekspordialast pessimismi ka krooni reaalkursi tõusutempo kiirenemine alates eelmise aasta keskpaigast .,ekspordialast pessimismi,ekspordialast pessimismi,ekspordialast pessimism,4,ekspordialast,sg el,ekspordiala,5,pessimismi,adt,pessimism,error,adjective,other,other
3456425,Istusin ühes toas tollase dekaani Nikolai Kalteri venelannast abikaasaga .,tollase dekaani nikolai kalteri venelannast abikaasaga,venelannast abikaasaga,venelannast abikaasa,8,venelannast,sg el,venelanna,9,abikaasaga,sg kom,abikaasa,elative_attribute,,elative_attribute,elative_attribute
14391627,"04 ja 16.05 ning alamrubriikidesse 05.15 A ja 23.01 B kuuluvate kalatoodete suhtes alates 1. märtsist 1986 tollimaksu , mille puhul tollimaksu baasmäära ja soodusmäära vahelist erinevust vähendatakse vastavalt järgmisele süsteemile :","04 ja 16.05 ning alamrubriikidesse 05.15 a ja 23.01 b kuuluvate kalatoodete suhtes alates 1. märtsist 1986 tollimaksu , mille puhul tollimaksu baasmäära ja soodusmäära vahelist erinevust vähendatakse vastavalt järgmisele süsteemile :",märtsist tollimaksu,märtsist tollimaks,16,märtsist,sg el,märts,18,tollimaksu,sg p,tollimaks,other,ellips,other,other
6654550,"Valgas on ka mitmeid vaatamisväärsusi , kõige huvitavamad neist on ehk puidust raekoda ja Jaani kirik ning Riia tänaval asuv kabel , mis on Valga vanim ehitis .","puidust raekoda ja jaani kirik ning riia tänaval asuv kabel , mis on valga vanim ehitis",puidust raekoda,puidust raekoda,12,puidust,sg el,puit,13,raekoda,sg n,raekoda,elative_material,,elative_material,elative_material
13006478,"XP Home arvutist pääseb ligi arvutile , mis kasutab XP Professionali ( koduarvutist tööarvutisse ) , vastupidi kahjuks mitte .",( koduarvutist tööarvutisse ),koduarvutist tööarvutisse,koduarvutist tööarvuti,13,koduarvutist,sg el,koduarvuti,14,tööarvutisse,sg ill,tööarvuti,other,KUST KUHU,other,other
7598386,"Pika säärega kummikud , ülemised otsad tagasi keeratud , paindumise kohast praod sees .","tagasi keeratud , paindumise kohast praod",kohast praod,kohast pragu,11,kohast,sg el,koht,12,praod,pl n,pragu,other,government,other,other
13905920,Hotell Turist Kiievis ehkki kesklinnast nelja-viie metroopeatuse kaugusel pole just turismikeskus .,ehkki kesklinnast nelja-viie metroopeatuse kaugusel,kesklinnast metroopeatuse,kesklinnast metroopeatus,5,kesklinnast,sg el,kesklinn,7,metroopeatuse,sg g,metroopeatus,other,government,other,other
15616268,"Aga see on jvist älle ebamugavalt haruldane ratas juhul , kui midagi juhtub ?",jvist älle,jvist älle,jvist älle,4,jvist,sg el,jvi,5,älle,sg n,älle,other,misspelling,other,other
9902224,"Pärnumaa häirekeskuse dispetsher ütles , et häirekeskus sai teate tulekahjust varahommikul kell 4.29.",tulekahjust varahommikul,tulekahjust varahommikul,tulekahjust varahommik,10,tulekahjust,sg el,tulekahju,11,varahommikul,sg ad,varahommik,error,syntax,other,other
3421079,"Kahel viimasel suvel on liidu liikmete lastele korraldatud suvelaager Saaremaal , kus lapsed on puhkuse kõrval saanud ka allergiaalast koolitust .",ka allergiaalast koolitust,allergiaalast koolitust,allergiaalast koolitus,19,allergiaalast,sg el,allergiaala,20,koolitust,sg p,koolitus,error,adjective,other,other
14932652,"kasutaksite seda roosat plastmassist baromeetrit , mille ta teile jõuluks kinkis ?","seda roosat plastmassist baromeetrit , mille ta teile jõuluks kinkis",plastmassist baromeetrit,plastmassist baromeeter,4,plastmassist,sg el,plastmass,5,baromeetrit,sg p,baromeeter,elative_material,,elative_material,elative_material
14502424,Tooterühma võitjal on õigus kasutada pakendil Eesti parima toote hõbedast märki .,eesti parima toote hõbedast märki,hõbedast märki,hõbedast märk,10,hõbedast,sg el,hõbe,11,märki,sg p,märk,error,adjective,elative_material,elative_material
6754612,Seni on sõidukiga juhtunud äpardusest kaasliiklejaile märku andnud ohutuled ja ohukolmnurk .,sõidukiga juhtunud äpardusest kaasliiklejaile,äpardusest kaasliiklejaile,äpardusest kaasliikleja,5,äpardusest,sg el,äpardus,6,kaasliiklejaile,pl all,kaasliikleja,error,syntax,other,other
14600652,"Urmas Tekkel , füüsilisest isikust ettevõtja , elukoht Põdrala vald , Valgamaa , isikukood 37210065740 .",", füüsilisest isikust ettevõtja",isikust ettevõtja,isikust ettevõtja,5,isikust,sg el,isik,6,ettevõtja,sg n,ettevõtja,elative_attribute,,elative_attribute,other
10766997,"“ Põhjus on selles , et meie eesmärk on küll tipp , aga selle lõppeesmärk on ka tipust tagasitulek .",", aga selle lõppeesmärk on ka tipust tagasitulek",tipust tagasitulek,tipust tagasitulek,18,tipust,sg el,tipp,19,tagasitulek,sg n,tagasitulek,other,government,other,other
621856,"Ehk vastab neile tingimustele kõige paremini Tanel Tein , kelle mänguvaistu hindas kõrgelt Bosnia koondislasest Valencia Pamesa pallur Nenad Markovic .",bosnia koondislasest valencia pamesa pallur nenad markovic,koondislasest pallur,koondislasest pallur,15,koondislasest,sg el,koondislane,18,pallur,sg n,pallur,elative_attribute,,elative_attribute,elative_attribute
6143288,"Äsja Minardi vormel-1 tiimi ostnud austraallasest miljardär Paul Stoddart on lubanud , et meeskonnas hakkab sõitma üks noor ja kogenematu piloot ning suurte kogemustega roolikeeraja .",äsja minardi vormel-1 tiimi ostnud austraallasest miljardär paul stoddart,austraallasest miljardär,austraallasest miljardär,6,austraallasest,sg el,austraallane,7,miljardär,sg n,miljardär,elative_attribute,,elative_attribute,elative_attribute
5547752,Äsja vigastusest paranenuna polnud Dvorak Edmontoni saabudes tulemuses kindel .,äsja vigastusest paranenuna,vigastusest paranenuna,vigastusest paranenu,2,vigastusest,sg el,vigastus,3,paranenuna,sg es,paranenu,other,u-ending,other,other
13671385,"Rootsi suurnäitleja Max von Sydow kehastab raha jõul valitsevat vasemagnaadist pereisa Thor Carlssoni , kelle üks tütardest on tutvunud lootustandva ja heade maneeridega noormehega .","valitsevat vasemagnaadist pereisa thor carlssoni , kelle üks tütardest on tutvunud lootustandva ja heade maneeridega noormehega",vasemagnaadist pereisa,vasemagnaadist pereisa,10,vasemagnaadist,sg el,vasemagnaat,11,pereisa,sg n,pereisa,elative_attribute,,elative_attribute,elative_attribute
11499985,"Naissaarel on palju vaatamisväärsusi , mille hulka kuulub ka 1960 . aastal ehitatud raudbetoonist tuletorn , mis asendas sõja ajal hävitatud vana torni .","ka 1960 . aastal ehitatud raudbetoonist tuletorn , mis asendas sõja ajal hävitatud vana torni",raudbetoonist tuletorn,raudbetoonist tuletorn,13,raudbetoonist,sg el,raudbetoon,14,tuletorn,sg n,tuletorn,elative_material,,elative_material,elative_material
11107578,"Kohtustatistika kinnitusel on Eesti kurjategija 13-24-aastane töötu eesti soost mees , kel on alg- või põhiharidus .","kohtustatistika kinnitusel on eesti kurjategija 13-24-aastane töötu eesti soost mees , kel on alg- või põhiharidus .",soost mees,soost mees,9,soost,sg el,sugu,10,mees,sg n,mees,other,collective,other,other
287436,"Värskeim näide : kohe pärast kõnealuse konverentsi lõppu pidasid Moskva õpetajad-metoodikud L. Zvavits ja B. Pigarev kumbki loengutsükli ; üks käsitles matemaatikakallakuga klasse , teine rääkis Venemaa riiklikust standardist tavakoolidele , kusjuures suvekursustel osalejatel oli võimalus valida , kumba tsüklit kuulata .",venemaa riiklikust standardist tavakoolidele,standardist tavakoolidele,standardist tavakool,27,standardist,sg el,standard,28,tavakoolidele,pl all,tavakool,other,government,other,other
16173350,2 ) siseneva transiidina - ühest tollipiiril asuvast tollipunktist sisemaa tollipunkti ;,- ühest tollipiiril asuvast tollipunktist sisemaa tollipunkti,tollipunktist tollipunkti,tollipunktist tollipunkt,9,tollipunktist,sg el,tollipunkt,11,tollipunkti,adt,tollipunkt,other,KUST KUHU,other,other
12127474,Keenia Moskva saatkonna sekretäri kuueteistaastast poega kutsusid temaga koos olnud Kiievi tudengid Koljaks .,keenia moskva saatkonna sekretäri kuueteistaastast poega,kuueteistaastast poega,kuueteistaastast poeg,5,kuueteistaastast,sg el,kuueteistaasta,6,poega,sg p,poeg,error,adjective,other,other
12758591,"Kahe ja poole tunni pärast jälle sama külm , kirjeldab tsirkuseartistist pereisa Vello Vaher oma katsumuste teekonda soojalt maalt kodumaale tagasi .",tsirkuseartistist pereisa vello vaher,tsirkuseartistist pereisa,tsirkuseartistist pereisa,11,tsirkuseartistist,sg el,tsirkuseartist,12,pereisa,sg n,pereisa,elative_attribute,,elative_attribute,elative_attribute
1858745,"Reedel algab Eesti Rahva Muuseumis juba tavaks saanud jõulunädal "" Toomapäevast jõuludesse "" .",""" toomapäevast jõuludesse """,toomapäevast jõuludesse,toomapäevast jõulud,11,toomapäevast,sg el,toomapäev,12,jõuludesse,pl ill,jõulud,other,KUST KUHU,other,other
7295670,"Enamik käesoleva töö artiklites väljendatud eesmärke on tingitud tööst muinasjutuprojektiga , mitmete küsimuste tekkimine johtub otseselt sellest , kuidas need on projekti raames lahendamist nõudvana esile kerkinud .",tööst muinasjutuprojektiga,tööst muinasjutuprojektiga,tööst muinasjutuprojekt,9,tööst,sg el,töö,10,muinasjutuprojektiga,sg kom,muinasjutuprojekt,other,government,other,other
9490501,"Kolmas grupp olid etniliselt lootusetult eesti või läti soost põgenikud , kellel lubati jääda vaid Saksa mitte-idaaladele või siis lahkuda tagasi Baltikumi ( 28,5% ) .","kolmas grupp olid etniliselt lootusetult eesti või läti soost põgenikud , kellel lubati jääda vaid saksa mitte-idaaladele või siis lahkuda tagasi baltikumi ( 28,5% ) .",soost põgenikud,soost põgenik,9,soost,sg el,sugu,10,põgenikud,pl n,põgenik,other,collective,other,other
5789694,"Lahkumise põhjendusena tuuakse , et "" Res Publica erakond on oma maailmavaatelt lõplikult liikunud paremtsentrist paremäärmusse , kus hoolitakse ainult neist , kes ise suudavad läbi lüüa .",paremtsentrist paremäärmusse,paremtsentrist paremäärmusse,paremtsentrist paremäärmus,15,paremtsentrist,sg el,paremtsenter,16,paremäärmusse,adt,paremäärmus,error,syntax,other,other
6158591,VÕRKPALL Pärast viis päeva kestnud reisi jõudis algaval hooajal esimese Eesti võrkpalli-klubina Meistrite Liigas mängiva ESS Pärnu VK brasiillasest leegionär Robert Joao Ferreira ( 30 ) Buenos Airesest Tallinna .,esimese eesti võrkpalli-klubina meistrite liigas mängiva ess pärnu vk brasiillasest leegionär robert joao ferreira ( 30 ),brasiillasest leegionär,brasiillasest leegionär,19,brasiillasest,sg el,brasiillane,20,leegionär,sg n,leegionär,elative_attribute,,elative_attribute,elative_attribute
2906620,Reformierakonna nädal varem esitatud 15 nõudmisest eelarve osas oli keskpartei nõus vaid kahega : Tartu maantee ja Kadaka puiestee remondiga .,reformierakonna nädal varem esitatud 15 nõudmisest eelarve osas,nõudmisest eelarve,nõudmisest eelarve,6,nõudmisest,sg el,nõudmine,7,eelarve,sg g,eelarve,error,syntax,other,other
8097058,"Heitlusest poodiumikohtadele kipub välja langema Carlos Sainz ( Citroën ) , sest päeva teisena alustanud hispaanlase vahe Solbergiga on kolm katset enne ralli lõppu libisenud poolele minutile .",heitlusest poodiumikohtadele,heitlusest poodiumikohtadele,heitlusest poodiumikoht,1,heitlusest,sg el,heitlus,2,poodiumikohtadele,pl all,poodiumikoht,other,government,other,elative_material
7695963,"Tuntuim on konflikt ameeriklannast ekskallima  Cynthia Babskiga  ühiselt ehitatud korteriga seoses , kus mees lõpuks peale jäi .",ameeriklannast ekskallima cynthia babskiga,ameeriklannast ekskallima,ameeriklannast ekskallim,4,ameeriklannast,sg el,ameeriklanna,5,ekskallima,sg g,ekskallim,elative_attribute,,elative_attribute,elative_attribute
13902974,Venemaa piirilepingust pimestatuna rühib ämbrite kolinal sama rada edasi .,venemaa piirilepingust pimestatuna,piirilepingust pimestatuna,piirilepingust pimestatu,2,piirilepingust,sg el,piirileping,3,pimestatuna,sg es,pimestatu,other,u-ending,other,other
5773949,Helsingin Sanomat nimetab Värnikut terasest närvidega meheks .,terasest närvidega,terasest närvidega,terasest närv,5,terasest,sg el,teras,6,närvidega,pl kom,närv,elative_material,,elative_material,elative_material
11390197,Samuti käib ta oma labradori retriiveri Jamboga regulaarselt pikkadel jalutuskäikudel nagu tavako-danikust koerasõber .,nagu tavako-danikust koerasõber,tavako-danikust koerasõber,tavako-danikust koerasõber,12,tavako-danikust,sg el,tavakodanik,13,koerasõber,sg n,koerasõber,elative_attribute,?,elative_attribute,elative_attribute
1897722,""" Harry ise saab oma esimese invaliidsusgrupiga tasuta sõita , kuid tema sõbrast abivahend mitte .",", kuid tema sõbrast abivahend mitte",sõbrast abivahend,sõbrast abivahend,13,sõbrast,sg el,sõber,14,abivahend,sg n,abivahend,elative_attribute,huvitav erand,elative_attribute,elative_attribute
2529646,"Ainult kord meenutati , kuidas õpetajast homo lasti töölt lahti , kuna poiss-sõber käis tal autoga koolis järel .",õpetajast homo,õpetajast homo,õpetajast homo,6,õpetajast,sg el,õpetaja,7,homo,sg n,homo,elative_attribute,,elative_attribute,elative_attribute
624912,"Tundus , et hall tolmupilv on Serreau näidendist nagu pirakast katkisest tolmuimejast langenud ka Enn Keerdi lavastusele ja Andrus Jõhviku lamedale papist kujundusele .",pirakast katkisest tolmuimejast,pirakast tolmuimejast,pirakast tolmuimeja,10,pirakast,sg el,pirakas,12,tolmuimejast,sg el,tolmuimeja,error,adjective,other,other
8244893,"Vahepeal tulevad sõjaväeosast ülemused PAZ-bussiga -- noh see , millega laipu veetakse -- kaitseväele järele .",sõjaväeosast ülemused,sõjaväeosast ülemused,sõjaväeosast ülemus,3,sõjaväeosast,sg el,sõjaväeosa,4,ülemused,pl n,ülemus,error,syntax,other,other
3874119,Algajatele tervisesportlastele on see üritus sobiv väljarebija kehakaalu kasvatavast kolmnurgast tugitool-tuhvlid-teler .,kehakaalu kasvatavast kolmnurgast tugitool-tuhvlid-teler,kolmnurgast tugitool-tuhvlid-teler,kolmnurgast tugitool-tuhvlid-teler,10,kolmnurgast,sg el,kolmnurk,11,tugitool-tuhvlid-teler,sg n,tugitool-tuhvlid-teler,other,?,other,other
6216077,""" Ma ujusin tema juurde ja leidsin ta sealt vereloigust nägu allpool hulpimas , "" kirjeldas Dicus AP-le .",vereloigust nägu,vereloigust nägu,vereloigust nägu,10,vereloigust,sg el,vereloik,11,nägu,sg p,nägu,error,syntax,other,other
10864502,"Peamiselt jäid toetuseta need , kes ei olnud füüsilisest isikust ettevõtjad või kelle laenuotstarve ei vastanud õigusaktides sätestatule .",", kes ei olnud füüsilisest isikust ettevõtjad või kelle laenuotstarve ei vastanud õigusaktides sätestatule",isikust ettevõtjad,isikust ettevõtja,10,isikust,sg el,isik,11,ettevõtjad,pl n,ettevõtja,elative_attribute,,elative_attribute,other
11780554,"Homme peaks klubisse testimisele saabuma kolmaski välismaalane 201 cm pikkune ameeriklasest äär Greg McQuay , kes mullu mängis Norras .","201 cm pikkune ameeriklasest äär greg mcquay , kes mullu mängis norras",ameeriklasest äär,ameeriklasest äär,11,ameeriklasest,sg el,ameeriklane,12,äär,sg n,äär,elative_attribute,,elative_attribute,elative_attribute
7009419,"20. detsembril kella 15.50 ajal teatati politseile , et päeva jooksul on varastatud Taheva vallas Tsirgumäe külas asuva talu kõrvalhoonest mootor .",tsirgumäe külas asuva talu kõrvalhoonest mootor,kõrvalhoonest mootor,kõrvalhoonest mootor,20,kõrvalhoonest,sg el,kõrvalhoone,21,mootor,sg n,mootor,error,syntax,other,other
731292,""" Minu võimalustele tõmbas kriipsu vihm , "" kahetses eraldistardist sõidu hõbedale pronksi lisanud Allan Oras .",eraldistardist sõidu,eraldistardist sõidu,eraldistardist sõit,10,eraldistardist,sg el,eraldistart,11,sõidu,sg g,sõit,other,KUST MIS,other,other
14273169,"Euroopa Liidu ühe juhtriigi – Saksamaa – valitsusjuhi töölepalkamisel Gazpromi poolt nii-öelda soojast peast , lausa toolilt , sai olla ainult üks mõte .","nii-öelda soojast peast , lausa toolilt",soojast peast,soojast pea,13,soojast,sg el,soe,14,peast,sg el,pea,other,idiom,other,other
2614439,"Unistusest tõelisuseks muutus soovunelm aga siis , kui Treibick jagas oma mõtteid isaga .",unistusest tõelisuseks,unistusest tõelisuseks,unistusest tõelisus,1,unistusest,sg el,unistus,2,tõelisuseks,sg tr,tõelisus,other,MILLEST MILLEKS,other,other
8389246,Kristina Shmiguni ja kümnendana lõpetanud Katrin Shmiguni vormitõus talve tähtsaimaks etteasteks andsid treenerist isa Anatoli treeninguplaanidele kõrge hinnangu .,treenerist isa anatoli,treenerist isa,treenerist isa,13,treenerist,sg el,treener,14,isa,sg n,isa,elative_attribute,,elative_attribute,elative_attribute
4438564,"Asi selles , et me ise riistvara tootmise ja levitamisega ei tegele , igal tootjafirmast partneril on selle jaoks omad kanalid .",", igal tootjafirmast partneril on selle jaoks omad kanalid",tootjafirmast partneril,tootjafirmast partner,15,tootjafirmast,sg el,tootjafirma,16,partneril,sg ad,partner,elative_attribute,,elative_attribute,other
6729804,"Inimesel piisab üle oja hüppamisest või paarist sammust tänaval , jõudmaks teise riiki .",või paarist sammust tänaval,paarist sammust,paarist samm,7,paarist,sg el,paar,8,sammust,sg el,samm,other,quantifier construction,other,other
4628236,"Sagedasti on rasedaks jäädud juhuvahekorrast peol , kus tarvitatud alkoholi .","juhuvahekorrast peol , kus tarvitatud alkoholi",juhuvahekorrast peol,juhuvahekorrast pidu,5,juhuvahekorrast,sg el,juhuvahekord,6,peol,sg ad,pidu,error,syntax,other,other
9001030,"Räägime roppunud elust - jah , aga ikkagi ka igatsusest , piinast ilu järele .",", piinast ilu järele",piinast ilu,piinast ilu,12,piinast,sg el,piin,13,ilu,sg g,ilu,other,ellips,other,other
2741303,"Igor anti kohtu alla sellepärast , et ta kodus korduvalt vägivalda tarvitas - mees rebis oma naist juustest ja peksis teda korduvalt , emale appi läinud tütart aga küünistas ja viskas rauast tuhatoosiga talle vastu pead , kirjutab SL Õhtuleht .",rauast tuhatoosiga,rauast tuhatoosiga,rauast tuhatoos,32,rauast,sg el,raud,33,tuhatoosiga,sg kom,tuhatoos,elative_material,,elative_material,elative_material
12926244,Eelmisel nädalal sai aga tüli uue peatüki - Jackson trahvis O' Neali päev pärast tolle kolmanda tütre sündi trennist põhjuseta puudumise eest .,trennist põhjuseta,trennist põhjuseta,trennist põhjus,20,trennist,sg el,trenn,21,põhjuseta,sg ab,põhjus,error,syntax,other,other
5419973,Ka teemad ning suhtumised on kohtumistel olnud seinast seina .,ka teemad ning suhtumised on kohtumistel olnud seinast seina .,seinast seina,seinast sein,8,seinast,sg el,sein,9,seina,sg p,sein,other,KUST KUHU,other,other
363886,Erinevalt nende tekkimist põhjustanud mahamaetud orgaanilisest ainest on nafta ja gaas maakoores liikuvad ( mobiilsed ) maavarad .,erinevalt nende tekkimist põhjustanud mahamaetud orgaanilisest ainest on nafta ja gaas maakoores liikuvad ( mobiilsed ) maavarad .,ainest maavarad,ainest maavara,7,ainest,sg el,aine,17,maavarad,pl n,maavara,error,syntax,elative_material,elative_material
13293259,"Susi kontrollib enne ravima asumist traadist riistapuuga inimese biovälja , selgitades välja haiguse asukoha .",traadist riistapuuga,traadist riistapuuga,traadist riistapuu,6,traadist,sg el,traat,7,riistapuuga,sg kom,riistapuu,elative_material,,elative_material,elative_material
12229415,"Uuteks magnetiteks on « Kiirabihaiglas » alates 2002. aastast filmist « 8 Mile » tuttav Mekhi Phifer ( dr. Gregory Pratt ) , eelmisel aastal meeskonnaga liitunud noor sekspomm Shane West , kes mängis sarjas « Once and Again » perepoeg Elit , ning pikkade jalgadega blondiin Kristen Johnston menusarjast « Kolmas kivi päikesest » .","» alates 2002. aastast filmist « 8 mile » tuttav mekhi phifer ( dr. gregory pratt ) , eelmisel aastal meeskonnaga liitunud noor sekspomm shane west , kes mängis sarjas « once and again » perepoeg elit , ning pikkade jalgadega blondiin kristen johnston menusarjast « kolmas kivi päikesest »",aastast filmist,aastast film,9,aastast,sg el,aasta,10,filmist,sg el,film,error,syntax,other,other
1405492,"Narkodiilerist 73-aastase Anna sõnul toodi talle iga nädal müügiks 60 müügiannust heroiinipulbrit , mille turuhind on olenevalt dooside suurusest 6000-12 000 krooni .",narkodiilerist 73-aastase anna sõnul,narkodiilerist sõnul,narkodiilerist sõna,1,narkodiilerist,sg el,narkodiiler,4,sõnul,pl ad,sõna,error,syntax,elative_attribute,elative_attribute
5449983,Valdavalt siiski vene rahvusest mängijad .,valdavalt siiski vene rahvusest mängijad .,rahvusest mängijad,rahvusest mängija,4,rahvusest,sg el,rahvus,5,mängijad,pl n,mängija,other,collective,other,other
3212210,"Samas möönis ta , et reklaam aitab firmal toimida ning puust velotaksosid pole mõeldav nõuda .",puust velotaksosid,puust velotaksosid,puust velotakso,11,puust,sg el,puu,12,velotaksosid,pl p,velotakso,elative_material,,elative_material,elative_material
2839622,"Metallist sokkel , paar metalltraadikest .","metallist sokkel , paar metalltraadikest .",metallist sokkel,metallist sokkel,1,metallist,sg el,metall,2,sokkel,sg n,sokkel,elative_material,,elative_material,elative_material
9834060,350-kilose puhtast alumiiniumist juhtmepuntra ehk ligi 500 meetri pikkuse õhuliini eest teenib varas kokkuostus üle 5000 krooni .,350-kilose puhtast alumiiniumist juhtmepuntra,alumiiniumist juhtmepuntra,alumiiniumist juhtmepundar,3,alumiiniumist,sg el,alumiinium,4,juhtmepuntra,sg g,juhtmepundar,elative_material,,elative_material,elative_material
4664483,puidust või seinakatteplaadist kamina-ümbrist ;,puidust või seinakatteplaadist kamina-ümbrist ;,puidust kamina-ümbrist,puidust kamina-ümbris,1,puidust,sg el,puit,4,kamina-ümbrist,sg p,kamina-ümbris,elative_material,,elative_material,elative_material
11971566,"Ta tõi näiteks ühe jeemenlasest suitsiiditerroristi , kes lasi politseijaoskonna autopommiga õhku vaid 48 tundi pärast Iraaki saabumist .","ühe jeemenlasest suitsiiditerroristi , kes lasi politseijaoskonna autopommiga õhku vaid 48 tundi pärast iraaki saabumist",jeemenlasest suitsiiditerroristi,jeemenlasest suitsiiditerrorist,5,jeemenlasest,sg el,jeemenlane,6,suitsiiditerroristi,sg g,suitsiiditerrorist,elative_attribute,,elative_attribute,elative_attribute
7956208,"Peale nende ajutiste tehiskaaslaste oli tal ka seekord , nagu ikka , üks naissoost püsisatelliit .",", nagu ikka , üks naissoost püsisatelliit",naissoost püsisatelliit,naissoost püsisatelliit,14,naissoost,sg el,naissugu,15,püsisatelliit,sg n,püsisatelliit,other,collective,other,other
7117603,"Küllap on kõik juba aimu saanud , et täna me austame ühte eesti soost meest , kes Eesti nime laias Euroopas kuulsaks on teinud .","ühte eesti soost meest , kes eesti nime laias euroopas kuulsaks on teinud",soost meest,soost mees,14,soost,sg el,sugu,15,meest,sg p,mees,other,collective,other,other
12608333,Lisaks Pärnale on viimastel nädalatel meeskonda ostetud äsja Charlestoni ülikooli lõpetanud ameeriklasest tsenter Jody Lumpkin ning jugoslaavlasest äär Nikola Jovanovic .,äsja charlestoni ülikooli lõpetanud ameeriklasest tsenter jody lumpkin ning jugoslaavlasest äär nikola jovanovic,ameeriklasest tsenter,ameeriklasest tsenter,12,ameeriklasest,sg el,ameeriklane,13,tsenter,sg n,tsenter,elative_attribute,,elative_attribute,elative_attribute
7120071,"Toonasest "" Päevalehest "" loetu , imekombel sõna-sõnalt meeles , need ütlemised nimelt .","toonasest "" päevalehest "" loetu , imekombel sõna-sõnalt meeles , need ütlemised nimelt .",päevalehest loetu,päevalehest loetu,3,päevalehest,sg el,päevaleht,5,loetu,sg n,loetu,other,u-ending,other,other
8811903,"Oh ta oli kõvale sõnale kartlik , nii närvinõrk , nii uneta ja eluarg Siuru ja Tarapita suremisest pääle !",", nii uneta ja eluarg siuru ja tarapita suremisest pääle",suremisest pääle,suremisest pääl,18,suremisest,sg el,suremine,19,pääle,pl p,pääl,error,pos,other,other
14491133,"Päev enne vanglasseminekut viis kristlasest tädi mu kokku pastoriga , kes oli kümme aastat kinni istunud ja siis elus pöörde teinud .",kristlasest tädi,kristlasest tädi,kristlasest tädi,5,kristlasest,sg el,kristlane,6,tädi,sg n,tädi,elative_attribute,,elative_attribute,elative_attribute
15095727,"Ma ei tea , kas on siit läbi käinud , aga minuarust päris lahedad flashid .",", aga minuarust päris lahedad flashid",minuarust flashid,minuarust flash,12,minuarust,sg el,minuaru,15,flashid,pl n,flash,error,misspelling,other,other
2201941,"Kaia ema Anne ja mänedžerist isa Jaak tunnistavad , et tütrel on raskusi .",ja mänedžerist isa jaak,mänedžerist isa,mänedžerist isa,5,mänedžerist,sg el,mänedžer,6,isa,sg n,isa,elative_attribute,,elative_attribute,elative_attribute
9264289,"Ja jõuluõhtu ülekanne ETVst , kus plastikust nukk on mingisse kasti heinte sisse pandud ja riigihoidjad seda lauldes kummardavad ?",plastikust nukk,plastikust nukk,plastikust nukk,7,plastikust,sg el,plastik,8,nukk,sg n,nukk,elative_material,,elative_material,elative_material
4117634,"Tema mandaat saab otsa 9. novembril , kuid soomlasest eriesindaja sõnadest võis välja lugeda , et selle pikendamine pole probleem .",soomlasest eriesindaja sõnadest,soomlasest eriesindaja,soomlasest eriesindaja,9,soomlasest,sg el,soomlane,10,eriesindaja,sg n,eriesindaja,elative_attribute,,elative_attribute,elative_attribute
4180439,"Rannal silmab president pikksilmast vee ja jää piiril liikuvat tumedat lindu - näe , seal on üks luik , ütleb ta tõsise murega silmis .",pikksilmast vee ja jää,pikksilmast vee,pikksilmast vesi,4,pikksilmast,sg el,pikksilm,5,vee,sg g,vesi,error,syntax,other,other
8768049,"Saates “ Olukorrast riigis ” väidetud asjaolu , nagu oleks ETV riigieelarveline asutus , on ekslik .",“ olukorrast riigis ”,olukorrast riigis,olukorrast riik,3,olukorrast,sg el,olukord,4,riigis,sg in,riik,other,MIS KUS,other,other
12407081,"“ On ju selge , et alumiiniumist liinijuhtmeid kasutavad ainult võrguettevõtjad , neist suurim on Eesti Energia , ” lisas ta .",alumiiniumist liinijuhtmeid,alumiiniumist liinijuhtmeid,alumiiniumist liinijuhe,7,alumiiniumist,sg el,alumiinium,8,liinijuhtmeid,pl p,liinijuhe,elative_material,,elative_material,elative_material
13715792,"Meeste väitel luurasid nad Eestis viibides venelaste järele ja kasutasid selleks Wrighti venelannast elukaaslast Olga Fedotovat , kellel olid endise KGB agendina säilinud vajalikud sidemed .","wrighti venelannast elukaaslast olga fedotovat , kellel olid endise kgb agendina säilinud vajalikud sidemed",venelannast elukaaslast,venelannast elukaaslane,13,venelannast,sg el,venelanna,14,elukaaslast,sg p,elukaaslane,elative_attribute,,elative_attribute,elative_attribute
5276819,"Eakate tervisepäeval saavad kohaletulnud võimelda ja osa võtta eakohastest spordivõistlustest , samuti loositakse osalejate vahel välja tosin veerandtunnist klassikalist ja aroomimassaaži seanssi .",tosin veerandtunnist klassikalist ja aroomimassaaži seanssi,veerandtunnist seanssi,veerandtunnist seanss,18,veerandtunnist,sg el,veerandtund,22,seanssi,sg p,seanss,error,adjective,other,other
4251508,"Kaubandustöötajast pensionär Anne ( 59 ) ja tema sõbranna Eevi ( 58 ) peavad endid tööotsijateks , keda keegi enam ei vaja , sest neil puudub nii soovitud haridus kui võõrkeelte oskus .",kaubandustöötajast pensionär anne ( 59 ) ja tema sõbranna eevi ( 58 ),kaubandustöötajast pensionär,kaubandustöötajast pensionär,1,kaubandustöötajast,sg el,kaubandustöötaja,2,pensionär,sg n,pensionär,elative_attribute,,elative_attribute,elative_attribute
3782691,"Statistka väidab , et lapsed hingavad mürgist tubakasuitsu igas teises Eesti kodus .",mürgist tubakasuitsu,mürgist tubakasuitsu,mürgist tubakasuits,7,mürgist,sg el,mürk,8,tubakasuitsu,sg g,tubakasuits,error,adjective,elative_material,elative_material
15300119,"võtke oma näpud sealt ligasest ja põletikulisest nabast välj , nuusutage oma haisvain näppe ja proovige oma kallerdunud ajulihaseid korraks liigutada ja mobiliseerida neid väikeseks kuid ei mingil juhul tõsisemaks mõttetegevuseks .",ligasest ja põletikulisest nabast välj,nabast välj,nabast välj,8,nabast,sg el,naba,9,välj,sg n,välj,error,misspelling,other,other
3253510,Uudistelugejast mobiiltelefon,uudistelugejast mobiiltelefon,uudistelugejast mobiiltelefon,uudistelugejast mobiiltelefon,1,uudistelugejast,sg el,uudistelugeja,2,mobiiltelefon,sg n,mobiiltelefon,elative_attribute,?,elative_attribute,elative_attribute
1425740,""" Ma teen kõik minust oleneva , et takistada selle haige idee elluviimist , "" ütles konservatiivist linnavolinik Harri Bogomolov .",konservatiivist linnavolinik harri bogomolov,konservatiivist linnavolinik,konservatiivist linnavolinik,17,konservatiivist,sg el,konservatiiv,18,linnavolinik,sg n,linnavolinik,elative_attribute,,elative_attribute,elative_attribute
11792255,"Alustaksin tõdemusest , et iga Tallinna autoomanik on maksumaksja ja suure tõenäosusega suurem maksumaksja kui keskmine kaaslinlasest jalakäija.",kui keskmine kaaslinlasest jalakäija,kaaslinlasest jalakäija,kaaslinlasest jalakäija,17,kaaslinlasest,sg el,kaaslinlane,18,jalakäija,sg g,jalakäija,elative_attribute,,elative_attribute,elative_attribute
93958,Metallitöölisest miljonäriks .,metallitöölisest miljonäriks .,metallitöölisest miljonäriks,metallitöölisest miljonär,1,metallitöölisest,sg el,metallitööline,2,miljonäriks,sg tr,miljonär,other,KELLEST KELLEKS,elative_attribute,elative_attribute
7298423,Mimeesi mõiste alla on paigutatud erineva detailsusega sarnasusi väga erinevat tüüpi objektidega : aimatavast puukooremustrist liblikatiibadel kuni raagritsikate filigraansete puuokstejäljendusteni .,: aimatavast puukooremustrist liblikatiibadel kuni raagritsikate filigraansete puuokstejäljendusteni,puukooremustrist liblikatiibadel,puukooremustrist liblikatiib,15,puukooremustrist,sg el,puukooremuster,16,liblikatiibadel,pl ad,liblikatiib,other,MIS KUS,other,other
1107162,"Kolm millimeetrit aastas pole ju esmapilgul palju , ent selle tulemusena on 150 aasta eest olnud kaks saart ühinenud üheks , jättes kunagisest sadamakohast mälestuseks nüüdsed ahvenarohked järved .",kunagisest sadamakohast mälestuseks,sadamakohast mälestuseks,sadamakohast mälestus,24,sadamakohast,sg el,sadamakoht,25,mälestuseks,sg tr,mälestus,error,syntax,other,other
5217815,"Kõrvaltvaatajale näib nende nõidade tegevus usaldusväärsemana kui plastist voodoo-nukkude müük , sest nõidade tarkused ulatuvad sajandite tagusesse indiaanlaste tsivilisatsiooni ning neid antakse edasi põlvest põlve .",kui plastist voodoo-nukkude müük,plastist müük,plastist müük,8,plastist,sg el,plast,10,müük,sg n,müük,error,syntax,elative_material,elative_material
12104320,"Leidnud telefonikataloogist numbrid , asus Krista neid oma EMT võrku lülitatud mobiililt valima .",telefonikataloogist numbrid,telefonikataloogist numbrid,telefonikataloogist number,2,telefonikataloogist,sg el,telefonikataloog,3,numbrid,pl n,number,error,syntax,other,other
10255030,"Õpetajate lapsed on ajast aega olnud õpetajate toa ühisvaraks , kelle kasvatamatusega tegeleb innukalt terve kollektiiv .",ajast aega,ajast aega,ajast aeg,4,ajast,sg el,aeg,5,aega,sg p,aeg,other,KUST KUHU,other,other
602539,"MM-võistluste grupisõit peetakse eeloleval pühapäeval , ülehomme võistlevad nii Kirsipuu kui Aus eraldistardist sõidus .",nii kirsipuu kui aus eraldistardist sõidus,eraldistardist sõidus,eraldistardist sõit,13,eraldistardist,sg el,eraldistart,14,sõidus,sg in,sõit,other,KUST MIS,other,other
7255070,"Harjumaa pensioniametist raha nõutamise võttis enda kanda abikaasa ( “ Ma ise ei suuda enam , niikui mõne ametniku ukse taha satun , hakkan üle kere värisema . ” ) .",harjumaa pensioniametist raha,pensioniametist raha,pensioniametist raha,2,pensioniametist,sg el,pensioniamet,3,raha,sg g,raha,error,syntax,other,other
10586577,"” Tähtis on , et me jõudsime poolfinaali , ” lausus Lazio rootslasest juhendaja Sven Göran Eriksson stoilise rahuga .",rootslasest juhendaja sven göran eriksson,rootslasest juhendaja,rootslasest juhendaja,13,rootslasest,sg el,rootslane,14,juhendaja,sg n,juhendaja,elative_attribute,,elative_attribute,elative_attribute
12859134,"Kirikust suundus pulmaseltskond ülikooli botaanikaaeda ja sealt omakorda Taagepera lossi , kus pulma-isa rolli täitis tartustunud saarlasest raadiomees .",tartustunud saarlasest raadiomees,saarlasest raadiomees,saarlasest raadiomees,17,saarlasest,sg el,saarlane,18,raadiomees,sg n,raadiomees,elative_attribute,,elative_attribute,elative_attribute
4558490,"Rakvere Viljasalves seisvast 1700 tonnist rukkist jätkunuks direktor Tõnu Reissaare sõnutsi selle ajani , kuni välismaalt suudetakse lisa osta .",rakvere viljasalves seisvast 1700 tonnist rukkist,tonnist rukkist,tonnist rukis,5,tonnist,sg el,tonn,6,rukkist,sg el,rukis,other,quantifier construction,other,other
10089090,"Teine võimalus oleks jagada Microsoft väiksemateks ühesugusteks ettevõteteks n-ö “ Baby Bills'ideks ” , tulenevalt tema miljardärist juhatuse esimehe Bill Gatesi nimest , mis üksteisega turul konkureeriksid .",tema miljardärist juhatuse,miljardärist juhatuse,miljardärist juhatus,19,miljardärist,sg el,miljardär,20,juhatuse,sg g,juhatus,error,syntax,elative_attribute,elative_attribute
3077915,""" Näiteks märgitakse hoiatusena , et mõned füüsilisest isikust taksojuhid on kehtestanud väga kõrge kilomeetrihinna , kuni 50 krooni tunnis ja ootetunni hinnad võivad küündida isegi kuni 3000 kroonini . """,mõned füüsilisest isikust taksojuhid,isikust taksojuhid,isikust taksojuht,9,isikust,sg el,isik,10,taksojuhid,pl n,taksojuht,elative_attribute,,elative_attribute,other
4832056,"Vallakeskusest alevikus , kus on ühepalju vene- ja eestikeelseid elanikke , asub küll tuntud tellisetehas , aga seal töötab kunagise 1200 asemel vaid 80 inimest .","vallakeskusest alevikus , kus on ühepalju vene- ja eestikeelseid elanikke ,",vallakeskusest alevikus,vallakeskusest alevik,1,vallakeskusest,sg el,vallakeskus,2,alevikus,sg in,alevik,elative_attribute,huvitav erand,other,other
8523018,"Nägin paistes , magamatusest paistes silmalaugusid , mis reetsid nii mõndagi , pikad , pikad olid olnud tema üksildased õhtud ja ööd …",", magamatusest paistes silmalaugusid , mis reetsid nii mõndagi , pikad , pikad olid olnud tema üksildased õhtud ja ööd",magamatusest silmalaugusid,magamatusest silmalaug,4,magamatusest,sg el,magamatus,6,silmalaugusid,pl p,silmalaug,error,syntax,other,other
14233519,"Juhul kui isik , kes elab Taanis , tegutseb Taanis füüsilisest isikust ettevõtjana ja teeb tasulist tööd mõnes teises liikmesriigis .",füüsilisest isikust ettevõtjana,isikust ettevõtjana,isikust ettevõtja,12,isikust,sg el,isik,13,ettevõtjana,sg es,ettevõtja,elative_attribute,,elative_attribute,other
8156006,"Vabariiklasest kubernerikandidaat Arnold Schwarzenegger ütles laupäevasel California vabariiklaste konverentsil , et ühtsus on vajalik ning kutsus parteid tema taha kogunema , sest tema on parim asendus demokraadist kubernerile Gray Davisele .",vabariiklasest kubernerikandidaat arnold schwarzenegger,vabariiklasest kubernerikandidaat,vabariiklasest kubernerikandidaat,1,vabariiklasest,sg el,vabariiklane,2,kubernerikandidaat,sg n,kubernerikandidaat,elative_attribute,,elative_attribute,elative_attribute
12108727,"Reisisin kaks ja pool kuud riigist riiki , pangaarve tühi .",kaks ja pool kuud riigist riiki,riigist riiki,riigist riik,6,riigist,sg el,riik,7,riiki,sg p,riik,other,KUST KUHU,other,other
1370110,Näiteks 1999. aasta septembrist kuni detsembri alguseni arvustati samal perioodil raamatukokku jõudnud eesti algupärase ilukirjanduse teosest päevalehtedes arvustatud kokku 10 raamatut .,samal perioodil raamatukokku jõudnud eesti algupärase ilukirjanduse teosest päevalehtedes,teosest päevalehtedes,teosest päevaleht,16,teosest,sg el,teos,17,päevalehtedes,pl in,päevaleht,error,syntax,other,other
13579580,Korterikomisjoni keskerakondlasest esinaine jäi ise otsustamisel erapooletuks .,korterikomisjoni keskerakondlasest esinaine,keskerakondlasest esinaine,keskerakondlasest esinaine,2,keskerakondlasest,sg el,keskerakondlane,3,esinaine,sg n,esinaine,elative_attribute,,elative_attribute,elative_attribute
11999653,"Poleks ajakirjanikku lehemeest , raadiohäät , internetti kirjutajat , telekommentaatorit - ei teaks keegi , kaasa arvatud võimalikud rahastajad , sportlase rassimisest teragi .",", sportlase rassimisest teragi",rassimisest teragi,rassimisest tera,22,rassimisest,sg el,rassimine,23,teragi,sg n,tera,error,syntax,other,other
11625067,""" Venelasest taksojuhte , kellel võib olla raskusi eesti keelega , on spetsialisti andmeil vaevalt sadakond .","venelasest taksojuhte , kellel võib olla raskusi eesti keelega ,",venelasest taksojuhte,venelasest taksojuht,2,venelasest,sg el,venelane,3,taksojuhte,pl p,taksojuht,elative_attribute,,elative_attribute,elative_attribute
3981949,"Eesti kodanikuks said ettevõtja Sergei Sergejenkov , BLRT Grupi üks juhte Anatoli Gruba , judotreenerist masseerija Vladimir Stepanjan , soome-ugri folkloori tutvustaja Aleksei Aleksejev ja viiuldaja Tatiana Järvi .",", judotreenerist masseerija vladimir stepanjan",judotreenerist masseerija,judotreenerist masseerija,15,judotreenerist,sg el,judotreener,16,masseerija,sg n,masseerija,elative_attribute,,elative_attribute,elative_attribute
11034932,Hoone põhiosa moodustub 12 meetri laiustest metallist kaarhallidest ning teine osa raudbetoonist kahekorruselisest 2500-ruutmeetrise põrandapinnaga hoonest .,12 meetri laiustest metallist kaarhallidest,metallist kaarhallidest,metallist kaarhall,7,metallist,sg el,metall,8,kaarhallidest,pl el,kaarhall,elative_material,,elative_material,elative_material
10497916,""" Minu arvates pole nahast rõivad mitte ainult efektsed , vaid ka väga praktilised , "" ütleb kantritäht Airi Ojamets .",nahast rõivad,nahast rõivad,nahast rõivas,5,nahast,sg el,nahk,6,rõivad,pl n,rõivas,elative_material,,elative_material,elative_material
7177211,"Ilusti pajust painutet reisikepid , põletet kirjad sees ja puha ning lakitud .","ilusti pajust painutet reisikepid , põletet kirjad sees ja puha ning lakitud .",pajust reisikepid,pajust reisikepp,2,pajust,sg el,paju,4,reisikepid,pl n,reisikepp,elative_material,,other,other
598880,"Erinevate inimeste kinnitusel on libaärimehest itaallane umbes 35-40aastane , keskmist kasvu ja välimuselt tüüpiline lõunamaalane .",libaärimehest itaallane ja välimuselt tüüpiline lõunamaalane,libaärimehest itaallane,libaärimehest itaallane,5,libaärimehest,sg el,libaärimees,6,itaallane,sg n,itaallane,elative_attribute,,elative_attribute,elative_attribute
3663713,"Kui vene rahvusest sportlased toovad Eestile Ateenast au ja kuulsust , aitab see kindlasti üle saada teatavast psühholoogilisest piirist ja on ka tubli samm edasi kahe kogukonna normaalsel ja teineteist austaval eksisteerimisel .",vene rahvusest sportlased,rahvusest sportlased,rahvusest sportlane,3,rahvusest,sg el,rahvus,4,sportlased,pl n,sportlane,other,collective,other,other
7768252,"Majanduspolitsei ei algata riikliku kultuuriprojekti “ Joonase lähetamine ” korraldajate suhtes kriminaalasja , sest ei näe 2,7 miljoni krooni laenuraha raiskamises kuritahtlikkust , küll aga ärialast võhiklikkust .",", küll aga ärialast võhiklikkust",ärialast võhiklikkust,ärialast võhiklikkus,26,ärialast,sg el,äriala,27,võhiklikkust,sg p,võhiklikkus,error,adjective,other,other
14795178,Slateri ning tema teletöötajast sõbratari Ryan Haddoni laps peaks ilmale tulema kevadel .,ning tema teletöötajast sõbratari ryan haddoni,teletöötajast sõbratari,teletöötajast sõbratar,4,teletöötajast,sg el,teletöötaja,5,sõbratari,sg g,sõbratar,elative_attribute,,elative_attribute,elative_attribute
12184117,"Tema sõnul on Kuldma ja Makina "" Stiilist "" ühtne tervik , kus tugeva kollektsiooni kõrval on ka laitmatud fotod ja inspireeriv tekst .","tema sõnul on kuldma ja makina "" stiilist "" ühtne tervik , kus tugeva kollektsiooni kõrval on ka laitmatud fotod ja inspireeriv tekst .",stiilist tervik,stiilist tervik,8,stiilist,sg el,stiil,11,tervik,sg n,tervik,other,copula,other,other
11809507,Kaasalöömisest huvitatuid palutakse tulla ülehomme kell 12 Pärnu teatri suurde saali .,kaasalöömisest huvitatuid,kaasalöömisest huvitatuid,kaasalöömisest huvitatu,1,kaasalöömisest,sg el,kaasalöömine,2,huvitatuid,pl p,huvitatu,other,u-ending,other,other
8158281,"Kaheaastane vabadusekaotus mõisteti aastase katseajaga ka füüsilisest isikust ettevõtjana ja käibemaksukohustuslasena registreeritud Alari Valdsteinile , kes esitas nelja järjestikuse aasta deklaratsioonides Lääne Viru maksuametile valeandmeid .","ka füüsilisest isikust ettevõtjana ja käibemaksukohustuslasena registreeritud alari valdsteinile , kes esitas nelja järjestikuse aasta deklaratsioonides lääne viru maksuametile valeandmeid",isikust ettevõtjana,isikust ettevõtja,8,isikust,sg el,isik,9,ettevõtjana,sg es,ettevõtja,elative_attribute,,elative_attribute,other
11860954,"5,4 liitrise V8mootori 560 hj abil saavutab süsinikkiust kandmikuga sõiduk 320 km/h .",süsinikkiust kandmikuga,süsinikkiust kandmikuga,süsinikkiust kandmik,8,süsinikkiust,sg el,süsinikkiud,9,kandmikuga,sg kom,kandmik,elative_material,,elative_material,elative_material
11469815,"Vabariiklasest senaator ei soovinud küll kasutada sõna kampaania lõpp , vaid rääkis selle ajutisest peatamisest , sest kavatseb ( nagu ka Bradley ) ka edaspidi võidelda selle eest , et Gore'i ja Bushi kampaaniad ei vaataks kõrvale reformide vajadusest Ameerika suurpoliitikas .",vabariiklasest senaator,vabariiklasest senaator,vabariiklasest senaator,1,vabariiklasest,sg el,vabariiklane,2,senaator,sg n,senaator,elative_attribute,,elative_attribute,elative_attribute
7176540,"Viiekäiguline lõuna , mida Lingström Ahtri pubi kokkade kaasabil valmistas , koosnes valge kapsa frikasseest kanafrikadellidega , röstil küpsetatud lõhest rosina- ja punase veini kastmes , ahjus küpsetatud lambalihast roheliste maitsetaimede , võikastme ja kartulivormiga , Rootsi juustude valikust selge õunakastmega ning šokolaadi- ja vaarikavahu kupaazhist .","valge kapsa frikasseest kanafrikadellidega , röstil küpsetatud lõhest rosina- ja punase veini kastmes , ahjus küpsetatud lambalihast roheliste maitsetaimede , võikastme ja kartulivormiga , rootsi juustude valikust selge õunakastmega ning šokolaadi- ja vaarikavahu kupaazhist",frikasseest kanafrikadellidega,frikasseest kanafrikadell,15,frikasseest,sg el,frikassee,16,kanafrikadellidega,pl kom,kanafrikadell,error,syntax,other,other
16008235,.... mu idioodist vend toppis ühe selle ketta minu 52x rommi ja voila .......,mu idioodist vend,idioodist vend,idioodist vend,3,idioodist,sg el,idioot,4,vend,sg n,vend,elative_attribute,,other,other
10785392,"Evansi tegi nähtavasti murelikuks norralasest keskkaitsja  Björn Tore Kvarme  vigastus , millega kohalik press seletabki Lemsalu proovilepanekut .",norralasest keskkaitsja björn tore kvarme,norralasest keskkaitsja,norralasest keskkaitsja,5,norralasest,sg el,norralane,6,keskkaitsja,sg n,keskkaitsja,elative_attribute,,elative_attribute,elative_attribute
7565171,"22 Liivimaalaste kombelõtvust kinnitasid ka teised jumalasulased usust sõltumata , nii katoliiklasest teoloogiadoktor Tilmann Bredenbach kui ka kohalik luteri kirikuõpetaja Timann Brakel .",", nii katoliiklasest teoloogiadoktor tilmann bredenbach kui ka kohalik luteri kirikuõpetaja timann brakel",katoliiklasest teoloogiadoktor,katoliiklasest teoloogiadoktor,12,katoliiklasest,sg el,katoliiklane,13,teoloogiadoktor,sg n,teoloogiadoktor,elative_attribute,,elative_attribute,elative_attribute
1299258,"Oleme leidnud ka ühe mittetöötava mobiiltelefoni , külmkapi , kipsist kunstiteose ja raha .",", kipsist kunstiteose",kipsist kunstiteose,kipsist kunstiteos,10,kipsist,sg el,kips,11,kunstiteose,sg g,kunstiteos,elative_material,,elative_material,elative_material
8734283,Leebest karistusest julgustatuna jätkas sadist lapse piinamist .,leebest karistusest julgustatuna,karistusest julgustatuna,karistusest julgustatu,2,karistusest,sg el,karistus,3,julgustatuna,sg es,julgustatu,other,u-ending,other,other
11600560,Võimsas hoos on Utah' ülikooli soomlasest staar Hanno Möttöla .,ülikooli soomlasest staar hanno möttöla,soomlasest staar,soomlasest staar,7,soomlasest,sg el,soomlane,8,staar,sg n,staar,elative_attribute,,elative_attribute,elative_attribute
267212,Siit või sealt narist põhukott - kärr !,siit või sealt narist põhukott - kärr !,narist põhukott,narist põhukott,4,narist,sg el,nari,5,põhukott,sg n,põhukott,other,ellips,other,other
1659213,Orava sõnul on suurem osa Mai keskuse 130 000 - 140 000 kroonisest puudujäägist sotsiaal- ja ravikindlustusvõlg .,orava sõnul on suurem osa mai keskuse 130 000 - 140 000 kroonisest puudujäägist sotsiaal- ja ravikindlustusvõlg .,puudujäägist sotsiaal-,puudujäägist sotsiaal,12,puudujäägist,sg el,puudujääk,13,sotsiaal-,sg n,sotsiaal,other,copula,other,other
9295903,"Siis on meil veel kavas prantsuse klassikast komöödia “ Täitsa lõpp ” , mida Vanemuises mängiti kunagi pealkirja all “ Kirp kõrvas ” .","prantsuse klassikast komöödia “ täitsa lõpp ” , mida vanemuises mängiti kunagi pealkirja all “ kirp kõrvas ”",klassikast komöödia,klassikast komöödia,7,klassikast,sg el,klassika,8,komöödia,sg n,komöödia,elative_attribute,huvitav erand,other,other
10071017,"Selle firma kroomniklist keedupotid on 10 mm paksu põhjaga ja kontrollmõõdikuga tihedalt suletavad , seetõttu valmib toit seal minimaalse vitamiinikaoga .",selle firma kroomniklist keedupotid,kroomniklist keedupotid,kroomniklist keedupoti,3,kroomniklist,sg el,kroomnikkel,4,keedupotid,pl n,keedupoti,elative_material,,elative_material,elative_material
16221315,"Tantsuprojektis "" Vaikusest tulek "" osales 10 tantsijat .",""" vaikusest tulek """,vaikusest tulek,vaikusest tulek,3,vaikusest,sg el,vaikus,4,tulek,sg n,tulek,other,KUST MIS,other,other
10433704,"Treffneri kool jutustas heas ansamblimängus bioloogiaõpetaja ja õpilase armastusest , selleteemalisest konfliktist klassis .",", selleteemalisest konfliktist klassis",konfliktist klassis,konfliktist klass,12,konfliktist,sg el,konflikt,13,klassis,sg in,klass,error,syntax,other,other
9564646,"Kui kommunistliku partei ja tema liitlaste valijaskond koosneb enamikus vene kogukonna esindajatest , siis demokraatlike jõudude parteid toetavad väheste eranditega rumeenia rahvusest elanikud .",rumeenia rahvusest elanikud,rahvusest elanikud,rahvusest elanik,22,rahvusest,sg el,rahvus,23,elanikud,pl n,elanik,other,collective,other,other
14165335,Ambla vallavalitsuse soovist arendada Aravete kardirajast suurejooneline spordikeskus haaras regionaalministrist endine vormeliäss Toivo Asmer läinud nädalal Järvamaad külastades õhinal kinni .,aravete kardirajast suurejooneline spordikeskus,kardirajast spordikeskus,kardirajast spordikeskus,6,kardirajast,sg el,kardiraja,8,spordikeskus,sg n,spordikeskus,error,syntax,other,other
11475010,"Ilse Haldre , füüsilisest isikust ettevõtja , elukoht Väike-Maarja vald , Lääne-Virumaa , isikukood 41702205219 .",", füüsilisest isikust ettevõtja",isikust ettevõtja,isikust ettevõtja,5,isikust,sg el,isik,6,ettevõtja,sg n,ettevõtja,elative_attribute,,elative_attribute,other
12578425,Keelust üleastujaid karistatakse oma reeglite järgi .,keelust üleastujaid,keelust üleastujaid,keelust üleastuja,1,keelust,sg el,keeld,2,üleastujaid,pl p,üleastuja,other,ja-ending,other,other
3651048,Ülekullatud hõbedast sõrmuse saab Soomest tellides ligikaudu 1635 krooni ( 109 eurot ) eest .,ülekullatud hõbedast sõrmuse,hõbedast sõrmuse,hõbedast sõrmus,2,hõbedast,sg el,hõbe,3,sõrmuse,sg g,sõrmus,elative_material,,elative_material,elative_material
6219545,Egiptuse Islami Džihaadi egiptlasest juht Ayman al-Zawahiri on ilmselt peitunud kuskile Pakistani ja Afganistani piirialale .,egiptuse islami džihaadi egiptlasest juht ayman al-zawahiri,egiptlasest juht,egiptlasest juht,4,egiptlasest,sg el,egiptlane,5,juht,sg n,juht,elative_attribute,,elative_attribute,elative_attribute
14031252,Poliitikutest tegi erakonnale mullu viimases kvartalis suurima annetuse 40 000 krooni rahvaliitlasest keskkonnaminister Villu Reiljan .,rahvaliitlasest keskkonnaminister villu reiljan,rahvaliitlasest keskkonnaminister,rahvaliitlasest keskkonnaminister,11,rahvaliitlasest,sg el,rahvaliitlane,12,keskkonnaminister,sg n,keskkonnaminister,elative_attribute,,elative_attribute,elative_attribute
4464579,"Veidi vähem on neid , kes loevad blogisid tööalase informatsiooni otsimiseks ( 14 ajakirjanikku ) ning vaid viis küsitletud ajakirjanikku olid leidnud artikli jaoks blogist informatsiooni .",blogist informatsiooni,blogist informatsiooni,blogist informatsioon,25,blogist,sg el,blogi,26,informatsiooni,sg p,informatsioon,error,syntax,other,other
12129023,Karistuse pikkus ei selgu aga enne septembrikuust kohtuistungit .,enne septembrikuust kohtuistungit,septembrikuust kohtuistungit,septembrikuust kohtuistung,7,septembrikuust,sg el,septembrikuu,8,kohtuistungit,sg p,kohtuistung,error,adjective,other,other
10545326,"Ta on koguni valmis kaaluma abielus eestlastele kergete puidust ühepereelamute ehitamist , et nad saaksid tulla Ameerikasse ühes abikaasa ja lastega .",kergete puidust ühepereelamute,puidust ühepereelamute,puidust ühepereelamu,9,puidust,sg el,puit,10,ühepereelamute,pl g,ühepereelamu,elative_material,,elative_material,elative_material
5282863,"Nagu ka selle , et ei ole olemas ühist "" lastesõbralikku "" poliitilist huvigruppi - vaevalt annaks kümnelapseline miljonärist mehe usklik-konservatiivne koduperenaine kõik oma üksteist häält vaeste üksikemade kõrgendatud lastetoetuse eest .",kümnelapseline miljonärist mehe,miljonärist mehe,miljonärist mees,19,miljonärist,sg el,miljonär,20,mehe,sg g,mees,elative_attribute,,other,elative_attribute
825429,Aja puudusel on ta end välja kirjutanud enamikust meililistidest ega loe ka pidevalt Useneti uudiseid .,enamikust meililistidest,enamikust meililistidest,enamikust meililist,8,enamikust,sg el,enamik,9,meililistidest,pl el,meililist,error,syntax,other,other
13825961,"Et KGB ei kahtleks pakkuja siiruses koostööd teha , lisas Hanssen ühes hilisemas informatsioonis Moskvale teadmiseks kolme venelasest KGB ohvitseri nimed , kes tegid koostööd USAga .",kolme venelasest kgb ohvitseri,venelasest ohvitseri,venelasest ohvitser,18,venelasest,sg el,venelane,20,ohvitseri,sg g,ohvitser,elative_attribute,,elative_attribute,elative_attribute
12592881,Uue ajastu algus – just nii iseloomustas eilset anglosakside raketirünnakut Iraagi vastu juudi rahvusest Vene ärimagnaat ja poliitik Boriss Berezovski .,juudi rahvusest vene ärimagnaat ja poliitik boriss berezovski,rahvusest ärimagnaat,rahvusest ärimagnaat,14,rahvusest,sg el,rahvus,16,ärimagnaat,sg n,ärimagnaat,other,collective,other,other
797313,"Valdavalt on tegu meessoost nakatunutega , kuid esindatud on ka naissugu , viimaste ametlike andmete järgi on kirjas 24 nakatunud naist .","valdavalt on tegu meessoost nakatunutega , kuid esindatud on ka naissugu , viimaste ametlike andmete järgi on kirjas 24 nakatunud naist .",meessoost nakatunutega,meessoost nakatunu,4,meessoost,sg el,meessugu,5,nakatunutega,pl kom,nakatunu,other,collective,other,other
7699364,"Üürime vanahärra Bill Barnesi kahekorruselises ridaelamus kolme tuba , igas toas kaks eestlasest ajakirjanikku .",", igas toas kaks eestlasest ajakirjanikku",eestlasest ajakirjanikku,eestlasest ajakirjanik,13,eestlasest,sg el,eestlane,14,ajakirjanikku,sg p,ajakirjanik,elative_attribute,,elative_attribute,elative_attribute
2780583,Paarist nädalast või kuust kaugemale tulevikku piiluv rahvakild unistab aga juba uut liiki ekraanidest .,paarist nädalast või kuust,paarist nädalast,paarist nädal,1,paarist,sg el,paar,2,nädalast,sg el,nädal,other,quantifier construction,other,other
9622464,"Vanast Augustast viidi läbi osariigi läände teine raudtee , mis pidi ühendama linna uue Tennessee-liiniga .",vanast augustast,vanast augustast,vanast Augusta,1,vanast,sg el,vana,2,augustast,sg el,Augusta,error,adjective,other,other
11759890,Lisatasudena saavad nõunikud 4000 krooni ning 20percent ; põhipalgast tulemustasuna .,; põhipalgast tulemustasuna,põhipalgast tulemustasuna,põhipalgast tulemustasu,9,põhipalgast,sg el,põhipalk,10,tulemustasuna,sg es,tulemustasu,other,conjunction,other,other
16187666,"( 4 ) Füüsilisest isikust ettevõtja , kes on maksustamisperioodi kestel kustutatud äriregistrist või kes on teatanud Maksuameti kohalikule asutusele oma ettevõtluse lõpetamisest , ei ole kohustatud pärast toimingut tulumaksu avansilisi makseid maksma .","füüsilisest isikust ettevõtja , kes on maksustamisperioodi kestel kustutatud äriregistrist või kes on teatanud maksuameti kohalikule asutusele oma ettevõtluse lõpetamisest ,",isikust ettevõtja,isikust ettevõtja,5,isikust,sg el,isik,6,ettevõtja,sg n,ettevõtja,elative_attribute,,elative_attribute,other
5307720,"Ja pärast arupidamist võeti nõuks kurjavaimu püssi-peetrid malakatega maha lüüa , sest iga loomgi kaitseb oma pesa ja kes veel talumehe abilised on , kui mitte teravaks ihutud vikat ning kivist nui .",ning kivist nui,kivist nui,kivist nui,31,kivist,sg el,kivi,32,nui,sg n,nui,elative_material,,elative_material,elative_material
9222055,"“ Ootame veel vaid Hollandi Korvpalliliidust kinnituskirja , et ta on vaba mängija - mulluse hooaja veetis Kalicanin Rotterdami Idetradingis . ”",vaid hollandi korvpalliliidust kinnituskirja,korvpalliliidust kinnituskirja,korvpalliliidust kinnituskiri,6,korvpalliliidust,sg el,korvpalliliit,7,kinnituskirja,sg p,kinnituskiri,error,syntax,other,other
5283817,"Mõnedel andmetel oli hukkunute hulgas ka 6000-mehelist al Qaeda rahvusvahlist palgasõdurite kontingenti juhtinud Juma Namangani , keda peetakse Osama bin Ladeni üheks lähimaks kaasvõitlejaks .",al qaeda rahvusvahlist palgasõdurite,rahvusvahlist palgasõdurite,rahvusvahlist palgasõdur,10,rahvusvahlist,sg el,rahvusvahl,11,palgasõdurite,pl g,palgasõdur,error,adjective,other,elative_attribute
15380348,"Kahest plaadist soundtrack , mida juba Eestis müüakse , sisaldab kõrvu agressiivset uusrokki nagu Marilyn Manson ja P.O.D. ning hulka elektroonilisemat musa , kaasa arvatud teisel plaadil olevat originaalmuusikat filmist .","kahest plaadist soundtrack , mida juba eestis müüakse ,",plaadist soundtrack,plaadist soundtrack,2,plaadist,sg el,plaat,3,soundtrack,sg n,soundtrack,other,ellips,other,other
13467741,"Götzise võistluse suursoosik on ameeriklasest maailmameister Bryan Clay , kes sarnaselt Pahapillile soovib isikliku rekordit uuendada .","ameeriklasest maailmameister bryan clay , kes sarnaselt pahapillile soovib isikliku rekordit uuendada",ameeriklasest maailmameister,ameeriklasest maailmameister,5,ameeriklasest,sg el,ameeriklane,6,maailmameister,sg n,maailmameister,elative_attribute,,elative_attribute,elative_attribute
345716,"Nii sisu kui ka vormi arvestades on sellisel puhul tegu deverbaalse tuletisega , mis on moodustatud verbist  kaapi/ma  modifitseeriva liite abil :  kaapi/ma  :  kaabi/b > kaabi-tse/ma  .",verbist kaapi,verbist kaapi,verbist kaap,17,verbist,sg el,verb,18,kaapi,adt,kaap,error,syntax,other,other
14393669,"b ) “ füüsilisest isikust ettevõtja ” on iga füüsilisest isikust ettevõtjana tegutsev isik , kes on kohustatud :",“ füüsilisest isikust ettevõtja ”,isikust ettevõtja,isikust ettevõtja,5,isikust,sg el,isik,6,ettevõtja,sg n,ettevõtja,elative_attribute,,elative_attribute,other
7433595,"Lennundusajaloolased väidavad , et eesti soost Alexander Liwentaal sooritas õhulennu viis aastat enne kuulsaid vendasid Wrighte .",eesti soost alexander liwentaal,soost alexander,soost Alexander,6,soost,sg el,sugu,7,alexander,sg n,Alexander,other,collective,other,other
2573361,"Kui omanik on juriidiline isik , kannab ta muudatusettepaneku kohaselt vastutust võrdsetel alustel füüsilisest isikust sõidukiomanikuga .",füüsilisest isikust sõidukiomanikuga,isikust sõidukiomanikuga,isikust sõidukiomanik,15,isikust,sg el,isik,16,sõidukiomanikuga,sg kom,sõidukiomanik,elative_attribute,,elative_attribute,other
13549701,"Kõigepealt tuleb välja minna vanast hakvast asendist ning hetkelise pausi ajal taastada keha normaalne asend , tekitada "" vaba ruum "" .",vanast hakvast asendist,hakvast asendist,hakvast asend,6,hakvast,sg el,hakva,7,asendist,sg el,asend,error,misspelling,other,other
5815718,Vene kosmonaudid ja ameeriklasest kosmoseturist viibivad jaamas 5. maini ning pöörduvad siis tagasi Maale .,ja ameeriklasest kosmoseturist,ameeriklasest kosmoseturist,ameeriklasest kosmoseturist,4,ameeriklasest,sg el,ameeriklane,5,kosmoseturist,sg n,kosmoseturist,elative_attribute,,elative_attribute,elative_attribute
11130966,Viljandi eraldistardist sõit,viljandi eraldistardist sõit,eraldistardist sõit,eraldistardist sõit,2,eraldistardist,sg el,eraldistart,3,sõit,sg n,sõit,other,KUST MIS,other,other
11152115,Võimuvahetuse meeleolu on väärastanud ka inglise ärimehe Dennise ja tema hiinlasest kolleegi suhted .,ja tema hiinlasest kolleegi,hiinlasest kolleegi,hiinlasest kolleeg,11,hiinlasest,sg el,hiinlane,12,kolleegi,sg g,kolleeg,elative_attribute,,elative_attribute,elative_attribute
11811034,Peas olid süsimustade juustega artistil šinjoonist pats koos kahe mikroskoopilise sarvega .,šinjoonist pats koos kahe mikroskoopilise sarvega,šinjoonist pats,šinjoonist pats,6,šinjoonist,sg el,šinjoon,7,pats,sg n,pats,elative_material,,other,other
1888483,"Kõrvuti vanalinn ja klaasist uusehitised , sekka mõni stalinistlik kivimürakas - see annab nii linlasele endale kui ka linna külalisele kõige ausama ja vahetuma pildi Tallinna ajaloost .",ja klaasist uusehitised,klaasist uusehitised,klaasist uusehitis,4,klaasist,sg el,klaas,5,uusehitised,pl n,uusehitis,elative_material,,elative_material,elative_material
4828815,"Ka siin on kuidagi pime , kuid suured puidust lauad ning massiivsed toolid sisendavad turvalisust .",suured puidust lauad ning massiivsed toolid,puidust lauad,puidust laud,9,puidust,sg el,puit,10,lauad,pl n,laud,elative_material,,elative_material,elative_material
14600350,"Evald Veedla , füüsilisest isikust ettevõtja , elukoht Tabivere vald , Jõgevamaa , isikukood 32509072719 .",", füüsilisest isikust ettevõtja",isikust ettevõtja,isikust ettevõtja,5,isikust,sg el,isik,6,ettevõtja,sg n,ettevõtja,elative_attribute,,elative_attribute,other
1951475,"Valimiste-eelses olukorras on riigis vähenenud poliitiline stabiilsus , seda oleks aga vaja kriisist väljatulekuks .",kriisist väljatulekuks,kriisist väljatulekuks,kriisist väljatulek,13,kriisist,sg el,kriis,14,väljatulekuks,sg tr,väljatulek,other,KUST MIS,other,other
12417250,Viga said ka üks poolakast sõdur ja kaasas olnud tõlk .,ka üks poolakast sõdur,poolakast sõdur,poolakast sõdur,5,poolakast,sg el,poolakas,6,sõdur,sg n,sõdur,elative_attribute,,elative_attribute,elative_attribute
9690499,Juhtmest teleri sisse-välja lülitamine loetakse seadme valeks kasutamiseks .,juhtmest teleri,juhtmest teleri,juhtmest teler,1,juhtmest,sg el,juhe,2,teleri,sg g,teler,error,syntax,other,elative_attribute
1907690,Paradoksaalsel kombel pidasid ungarlased sotsialistist peaministrit Gyula Horni liiga kapitalismimeelseks .,sotsialistist peaministrit gyula horni,sotsialistist peaministrit,sotsialistist peaminister,5,sotsialistist,sg el,sotsialist,6,peaministrit,sg p,peaminister,elative_attribute,,elative_attribute,elative_attribute
3394000,"Reformierakondlasest abilinnapea ja linna koalitsiooninõukogu liige Peep Aaviksoo ütles , et linnavõim ei plaani volikogus ootamatult heaks kiidetud uusi palkasid esialgu muutma hakata .",reformierakondlasest abilinnapea ja linna koalitsiooninõukogu liige peep aaviksoo,reformierakondlasest abilinnapea,reformierakondlasest abilinnapea,1,reformierakondlasest,sg el,reformierakondlane,2,abilinnapea,sg n,abilinnapea,elative_attribute,,elative_attribute,elative_attribute
5878282,""" Inimestel pole kerge vabandust paluda , kuid ma usun , et see näitab tänase senati iseloomu , "" ütles üks vabanduse toetaja , vabariiklasest Virginia senaator George Allen .",", vabariiklasest virginia senaator george allen",vabariiklasest senaator,vabariiklasest senaator,25,vabariiklasest,sg el,vabariiklane,27,senaator,sg n,senaator,elative_attribute,,elative_attribute,elative_attribute
10996067,"Tekstiilist rooma kardinaid saab kergesti puhastada tolmuimejaga ( harjasotsikuga , väikesel imemisvõimsusel ) .",tekstiilist rooma kardinaid,tekstiilist kardinaid,tekstiilist kardin,1,tekstiilist,sg el,tekstiil,3,kardinaid,pl p,kardin,elative_material,,elative_material,elative_material
13865082,"Üks ameeriklasest miljonär pakkus mulle 1990. aastal kätt ja südant , aga ma isegi ei hakanud mõtlema sellele olin seal Moskva Suure Teatri trupiga .",üks ameeriklasest miljonär,ameeriklasest miljonär,ameeriklasest miljonär,2,ameeriklasest,sg el,ameeriklane,3,miljonär,sg n,miljonär,elative_attribute,,elative_attribute,elative_attribute
5377442,"Sellel seisavad 2700 tumehalli , kuni nelja ja poole meetri kõrgust eriti peeneteralisest betoonist sammast .",2700 eriti peeneteralisest betoonist sammast,betoonist sammast,betoonist sammas,14,betoonist,sg el,betoon,15,sammast,sg p,sammas,elative_material,,elative_material,elative_material
1903609,Perry on seni omaks võtnud vaid nelja miljoni krooni suuruse altkäemaksu euroliidu häda-abiprogrammi prantslasest direktori naisele .,vaid nelja miljoni krooni suuruse altkäemaksu euroliidu häda-abiprogrammi prantslasest direktori,prantslasest direktori,prantslasest direktor,14,prantslasest,sg el,prantslane,15,direktori,sg g,direktor,elative_attribute,,elative_attribute,elative_attribute
14238328,i ) põllumajandusväline füüsilisest isikust ettevõtjana tegutsemine Prantsusmaal :,füüsilisest isikust ettevõtjana,isikust ettevõtjana,isikust ettevõtja,5,isikust,sg el,isik,6,ettevõtjana,sg es,ettevõtja,elative_attribute,,elative_attribute,other
14304735,"Kindlustusinspektsiooni poolt välja töötatud uue kindlustusseaduse eelnõu projekti mitme sätte järgi seisaks inspektsioon kõrgemal teistest riikiliksest inspektsioonidest , ning oleks ühel pulgal ministeeriumiga .",teistest riikiliksest inspektsioonidest,riikiliksest inspektsioonidest,riikiliksest inspektsioon,16,riikiliksest,sg el,riikilikse,17,inspektsioonidest,pl el,inspektsioon,error,adjective,other,other
7473610,Siis võiks ehitada Kivisilla pildigalerii ja värskelt omandatud hoone vahele klaasist koridori .,ja klaasist koridori,klaasist koridori,klaasist koridor,11,klaasist,sg el,klaas,12,koridori,sg p,koridor,elative_material,,elative_material,elative_material
12466374,Inglismaa jalgpalli meistriliiga klubi Derby County argentiinlasest ründajat Esteban Fuertest ei lubatud passiprobleemide tõttu Suurbritanniasse .,inglismaa jalgpalli meistriliiga klubi derby county argentiinlasest ründajat esteban fuertest,argentiinlasest ründajat,argentiinlasest ründaja,7,argentiinlasest,sg el,argentiinlane,8,ründajat,sg p,ründaja,elative_attribute,,elative_attribute,elative_attribute
12019883,Laenutaotleja nr. 2 koolmeistrist vanapoiss Raplamaalt,koolmeistrist vanapoiss raplamaalt,koolmeistrist vanapoiss,koolmeistrist vanapoiss,4,koolmeistrist,sg el,koolmeister,5,vanapoiss,sg n,vanapoiss,elative_attribute,,elative_attribute,elative_attribute
10744062,Väiksema kanamuna suurused raheterad lõhkusid taevast alla sadades üleeile õhtupoolikul Võrumaal Sõmerpalus ruberoidist kuurikatuseid ning kilest ja klaasist kasvuhooneid .,ruberoidist kuurikatuseid ning kilest ja klaasist kasvuhooneid,ruberoidist kuurikatuseid,ruberoidist kuurikatus,13,ruberoidist,sg el,ruberoid,14,kuurikatuseid,pl p,kuurikatus,elative_material,,elative_material,elative_material
2412462,"Neil , kes kümne-kaheteistkümnetunnist vintsutust läbi Euroopa ikalduse - Poolamaa - sõites paljuks ei pea , tasub Rumeeniasse ja eriti Transilvaaniasse igal juhul minna .",kümne-kaheteistkümnetunnist vintsutust,kümne-kaheteistkümnetunnist vintsutust,kümne-kaheteistkümnetunnist vintsutus,4,kümne-kaheteistkümnetunnist,sg el,kümne-kaheteistkümnetund,5,vintsutust,sg p,vintsutus,error,adjective,other,other
5303985,"Tulenevalt riigihangete seadusest on alates 2003. aasta 1. jaanuarist riigiasutustel ja riigitulundusasutustel kohustus , kohalikel omavalitsustel ja kohalike omavalitsuse asutustel võimalus korraldada ühtseid riigihankeid riigihangete keskuse kaudu .","tulenevalt riigihangete seadusest on alates 2003. aasta 1. jaanuarist riigiasutustel ja riigitulundusasutustel kohustus , kohalikel omavalitsustel ja kohalike omavalitsuse asutustel võimalus korraldada ühtseid riigihankeid riigihangete keskuse kaudu .",jaanuarist kohustus,jaanuarist kohustus,9,jaanuarist,sg el,jaanuar,13,kohustus,sg n,kohustus,other,MIS AJAST MIS,other,other
5616325,Eestlastele lähedasemaks ja arusaadavamaks muudab etenduse Tanel Lepsoo tõlgitud katkend näidendist Tambet Tuisu esituses .,näidendist tambet tuisu esituses,näidendist esituses,näidendist esitus,11,näidendist,sg el,näidend,14,esituses,sg in,esitus,error,syntax,other,other
2369535,Peugeot 206 konkureeriv mudel on saadaval 3- ja 5-ukselisena ning alates suvest ka diiselmootoriga .,ning alates suvest ka diiselmootoriga,suvest diiselmootoriga,suvest diiselmootor,13,suvest,sg el,suvi,15,diiselmootoriga,sg kom,diiselmootor,other,conjunction,other,other
4676145,"Noormees lõi naist viis korda rauast sõrgkangiga pähe , võttis tema postikotist pensioniraha ja põgenes .",rauast sõrgkangiga,rauast sõrgkangiga,rauast sõrgkang,6,rauast,sg el,raud,7,sõrgkangiga,sg kom,sõrgkang,elative_material,,elative_material,elative_material
676516,"Leksikonid meenutavad hiiglaslikke muuseume , mille eksponaatide enamikust külastajate tulv hajameelselt mööda marsib .",", mille eksponaatide enamikust külastajate",enamikust külastajate,enamikust külastaja,8,enamikust,sg el,enamik,9,külastajate,pl g,külastaja,error,syntax,other,other
5618021,Tüdruku sooviks on aga jõuda USA-sse ja leida üles oma põgenikust isa .,oma põgenikust isa,põgenikust isa,põgenikust isa,11,põgenikust,sg el,põgenik,12,isa,sg n,isa,elative_attribute,,elative_attribute,elative_attribute
10602938,Sidumisnöörile tilgutatud küünlarasvast pitser muudab pakid väga uhkeks .,sidumisnöörile tilgutatud küünlarasvast pitser,küünlarasvast pitser,küünlarasvast pitser,3,küünlarasvast,sg el,küünlarasv,4,pitser,sg n,pitser,elative_material,,elative_material,elative_material
1758790,"EXPO-de eesmärgiks on ajast aega olnud eelkõige teadus- ja tehnikasaavutuste eksponeerimine , viimase veerandsaja jooksul on aga EXPO mõte olnud ideoloogilisem ning suunatud pigem globaalsetele kitsaskohtadele , millele lahenduse leidmiseks oodatakse kõikide riikide ühist jõupingutust .",ajast aega,ajast aega,ajast aeg,4,ajast,sg el,aeg,5,aega,sg p,aeg,other,KUST KUHU,other,other
9579473,"Paraku ei ole kuigivõrd kommenteeritud teose enda isikupärast asendit kõikmõeldavate eesti kirjanduse ajalugude seas , küll kinnitab T. Tasa eessõna usku Ristikivisse kui olulisse kirjanikku , keda olevat tõlgitud keeltesse , millesse teda tõepoolest võiks tõlkida .",teose enda isikupärast asendit,isikupärast asendit,isikupärast asend,8,isikupärast,sg el,isikupära,9,asendit,sg p,asend,error,adjective,other,other
125904,"TV 3 “ Seitsmeste uudiste ”  vorm - kaks meest stuudios , naisest rääkimata - tuletab oma ameerikalikkusega selgelt meelde , et televisioon pole rääkivate peade etluseks , vaid luust ja lihast inimeste värvikaks etenduseks .",", vaid luust ja lihast inimeste värvikaks etenduseks",luust etenduseks,luust etendus,30,luust,sg el,luu,35,etenduseks,sg tr,etendus,error,syntax,elative_material,elative_material
13562288,"Auto varastamise kaitseks on uste sees kaitsekilbid , mis muudavad võimatuks ukse avamise aknaklaasi vahelt sisse lükatava metallist joonlauaga .",ukse avamise aknaklaasi vahelt sisse lükatava metallist joonlauaga,metallist joonlauaga,metallist joonlaud,18,metallist,sg el,metall,19,joonlauaga,sg kom,joonlaud,elative_material,,elative_material,elative_material
1928329,"Vangipõlvest pääsenu ihalus ilusa elu järgi on nii suur , et paneb perenaised Kroonikat lugema , ajab ametnikud ja ärimehed seltskonnaajakirjades edvistama , sunnib pankureid klientide raha varastama ning pressib end isegi puruvaeste maakondade raamatupidamistesse , kus peaministri lõunasöögist saab peielaud ja puhkusereis palmide alla ristitakse koolituseks .",vangipõlvest pääsenu,vangipõlvest pääsenu,vangipõlvest pääsenu,1,vangipõlvest,sg el,vangipõli,2,pääsenu,sg g,pääsenu,other,u-ending,other,elative_attribute
7089678,"Ma pean tunnistama , et siis , kui ma olen avastanud , et keegi muhameedlasest kaupmees on mind kõvasti püganud , olen ka ise mõlgutanud samasuguseid rassistlikke mõtteid .",muhameedlasest kaupmees,muhameedlasest kaupmees,muhameedlasest kaupmees,15,muhameedlasest,sg el,muhameedlane,16,kaupmees,sg n,kaupmees,elative_attribute,,elative_attribute,elative_attribute
3768360,Finaali pääsesid peale Kallaste veel Cätlin Vatsel klubist Grand Cavalier ja Marek Lootus ratsaspordiklubist Oxford .,ratsaspordiklubist oxford,ratsaspordiklubist oxford,ratsaspordiklubist Oxford,14,ratsaspordiklubist,sg el,ratsaspordiklubi,15,oxford,sg n,Oxford,error,syntax,other,other
15379353,"Mehe kinnitusel on ta füüsilisest isikust ettevõtja , kes tegeleb seakasvatuse ja liha müümisega .","mehe kinnitusel on ta füüsilisest isikust ettevõtja , kes tegeleb seakasvatuse ja liha müümisega .",isikust ettevõtja,isikust ettevõtja,6,isikust,sg el,isik,7,ettevõtja,sg n,ettevõtja,elative_attribute,,elative_attribute,other
3945702,Bürokraadist ilukirjanikuks,bürokraadist ilukirjanikuks,bürokraadist ilukirjanikuks,bürokraadist ilukirjanik,1,bürokraadist,sg el,bürokraat,2,ilukirjanikuks,sg tr,ilukirjanik,other,KELLEST KELLEKS,elative_attribute,elative_attribute
591168,"Buck on Hannes Kaljujärv , armuunest pimestatuid noori mängivad Marika Barabansht-shikova ( Helena ) , Karin Tammaru ( Hermia ) , Ardo Ran Varres ( Lysander ) ja Veiko Täär ( Demetrius ) , kuninglikud rollid on Epp Eespäeval ja Riho Kütsaril , kaasa mängivad Margus Jaanovits , Aivar Tommingas , Indrek Taalmaa , Jüri Lumiste jt.",armuunest pimestatuid,armuunest pimestatuid,armuunest pimestatu,6,armuunest,sg el,armuuni,7,pimestatuid,pl p,pimestatu,error,adjective,other,elative_material
12690376,"Nüüd , kui enne Kreekasse minekut on Müürsepal silmapiiril eestlannast silmarõõm , on Tallinnabaasi kindlustamine eriti põhjendatud .",eestlannast silmarõõm,eestlannast silmarõõm,eestlannast silmarõõm,10,eestlannast,sg el,eestlanna,11,silmarõõm,sg n,silmarõõm,elative_attribute,,elative_attribute,elative_attribute
11476255,Kuuest riidenagist seinal olid kaks terved ja üks poolvigane .,kuuest riidenagist seinal olid kaks terved ja üks poolvigane .,riidenagist seinal,riidenagist sein,2,riidenagist,sg el,riidenagi,3,seinal,sg ad,sein,other,MIS KUS,other,elative_attribute
216187,Jõugu ainsa eesti rahvusest liikme Andrese üheks ülesandeks oli lammutustöökodadest uute numbrimärkide hankimine ning dokumentide ostmine .,jõugu ainsa eesti rahvusest liikme andrese,rahvusest liikme,rahvusest liige,4,rahvusest,sg el,rahvus,5,liikme,sg g,liige,other,collective,other,other
3866129,"Arst võtab peene nõela ja süstla abil rinnas olevast tükist rakuproovi ja saadab selle laborisse , kus uuritakse , kas see sisaldab pahaloomulisi rakke .",rinnas olevast tükist rakuproovi,tükist rakuproovi,tükist rakuproov,10,tükist,sg el,tükk,11,rakuproovi,sg g,rakuproov,error,syntax,other,other
10427639,"Vajadused võivad ulatuda peentest siid- ja sametkingakestest mugavate lahtiste jalatsiteni , tahtmised soojast karvasussist kergelt kõpsuva elegantse toakingani .",soojast karvasussist,soojast karvasussist,soojast karvasuss,13,soojast,sg el,soe,14,karvasussist,sg el,karvasuss,error,adjective,other,other
6868387,"Riigi rikkuse kaudse mõju sissetulekute ebavõrdsusele teiste tegurite kaudu saab leida eraldades lisas 11 esitatud kaudse mõju koefitsiendist ( 0 , 36 ) mõju SKP ruutliikme kaudu : 0 , 36 - 0 , 43 0 , 97 = -0 , 06 .","koefitsiendist ( 0 , 36 ) mõju skp ruutliikme kaudu : 0 , 36 - 0 , 43 0 , 97 = -0 , 06",koefitsiendist mõju,koefitsiendist mõju,18,koefitsiendist,sg el,koefitsient,22,mõju,sg g,mõju,error,syntax,other,other
585924,Risti piirkonda pidas admirali surmapaigana tõenäoliseks ka Pitka elu ja surma uurinud asjaarmastajast ajaloolane Voldemar Pinn .,ka pitka elu ja surma uurinud asjaarmastajast ajaloolane voldemar pinn,asjaarmastajast ajaloolane,asjaarmastajast ajaloolane,13,asjaarmastajast,sg el,asjaarmastaja,14,ajaloolane,sg n,ajaloolane,elative_attribute,,elative_attribute,elative_attribute
5645402,"Sampo suurimad aktsionärid olid enne esmaspäevast kokkulepet Soome riik ( 40,2 protsenti ) , kindlustusseltsid Varma-Sampo ( 12,3 protsenti ) ja Kaleva ( 2,5 protsenti ) ning Wahlroos ( 2,1 protsenti ) .",enne esmaspäevast kokkulepet,esmaspäevast kokkulepet,esmaspäevast kokkulepe,6,esmaspäevast,sg el,esmaspäev,7,kokkulepet,sg p,kokkulepe,error,adjective,other,other
8238674,"Ülejooksikust KGB ohvitser Vitali Jurtšenko tunnistas , et venelastel on USAs informeeritud agent .",ülejooksikust kgb ohvitser vitali jurtšenko,ülejooksikust ohvitser,ülejooksikust ohvitser,1,ülejooksikust,sg el,ülejooksik,3,ohvitser,sg n,ohvitser,elative_attribute,,elative_attribute,elative_attribute
14266340,Suuresti on kilest abi aga ka majapidamises .,kilest abi,kilest abi,kilest abi,3,kilest,sg el,kile,4,abi,sg p,abi,other,government,elative_material,elative_material
2549410,"Asjaarmastajast jalgrattasportlasena ajab mind Tallinna tänavapildis kõige enam närvi kolm nähtust : hoolimatud ja ülbed autojuhid , tuigerdavad ja "" pimedad "" jalakäijad ning kehvad või täiesti olematud jalgrattateed .",asjaarmastajast jalgrattasportlasena,asjaarmastajast jalgrattasportlasena,asjaarmastajast jalgrattasportlane,1,asjaarmastajast,sg el,asjaarmastaja,2,jalgrattasportlasena,sg es,jalgrattasportlane,elative_attribute,,elative_attribute,elative_attribute
2877279,"Riikides , kus puudub energiamahukas rasketööstus , tarbivad ligi 40% energiast ehitised .",ligi 40% energiast ehitised,energiast ehitised,energiast ehitis,11,energiast,sg el,energia,12,ehitised,pl n,ehitis,error,syntax,other,other
7545381,Muugal tegutsevast naftafirmast pool kuulub Hollandi suurkorporatsioonile PakTank .,muugal tegutsevast naftafirmast pool,naftafirmast pool,naftafirmast pool,3,naftafirmast,sg el,naftafirma,4,pool,sg n,pool,other,quantifier construction,other,other
10994089,"Natascha üritab läbi lüüa ka Hollywoodis , osaledes koos kaasmaalasest filmikuulsuse Jürgen Prochowiga USA põnevikus « Bounty Hunter » .",koos kaasmaalasest filmikuulsuse jürgen prochowiga,kaasmaalasest filmikuulsuse,kaasmaalasest filmikuulsus,10,kaasmaalasest,sg el,kaasmaalane,11,filmikuulsuse,sg g,filmikuulsus,elative_attribute,,elative_attribute,elative_attribute
6737879,Peaväravast siseneja pilku paeluvad kõigepealt Barcelona tuntuima arhitekti Gaudķ fantastilisi vorme meenutavad puuviljapüramiidid .,peaväravast siseneja,peaväravast siseneja,peaväravast siseneja,1,peaväravast,sg el,peavärav,2,siseneja,sg g,siseneja,other,ja-ending,other,other
269664,"J. H. Brunvand nimetab seda autentsuse indikaatoriks ja järjepidevuse allikaks : “ Kogu ehtne folkloor sõltub lõppkokkuvõttes jätkuvast suulisest levikust , mis harilikult toimub üsna homogeensetes “ rahvarühmades ” , ja läbi aja nende seesmiste mustrite ja motiivide säilitamisest , mis suulises edastamises traditsiooniliseks muutuvad ” ( Brunvand 1981 : 3 ) *8 .","lõppkokkuvõttes jätkuvast suulisest levikust , mis harilikult toimub üsna homogeensetes “ rahvarühmades ” , ja läbi aja nende seesmiste mustrite ja motiivide säilitamisest , mis suulises edastamises traditsiooniliseks muutuvad ” ( brunvand 1981 : 3 ) * 8 .",suulisest levikust,suulisest levik,17,suulisest,sg el,suuline,18,levikust,sg el,levik,error,adjective,other,other
4013818,"Hull kuuleb enamasti vaid normaalsete sõimu , saab aimu nende kärsitusest , hirmust "" lolliksminemise "" ees , kabuhirmust olukordades , kus nad arvavad kaotavat kontrolli oma olemise üle .",", kabuhirmust olukordades , kus nad arvavad kaotavat kontrolli oma olemise üle",kabuhirmust olukordades,kabuhirmust olukord,19,kabuhirmust,sg el,kabuhirm,20,olukordades,pl in,olukord,other,conjunction,other,other
15607632,"Häämad soovid naissoost motoristele ja ka väike meelekergendus värskest ajakirjandusest Vanem daam palub noormeest : « Pojake , kas sa ei aitaks mind üle tee ? »",naissoost motoristele,naissoost motoristele,naissoost motorist,3,naissoost,sg el,naissugu,4,motoristele,pl all,motorist,other,collective,other,other
6866431,"Lätist Trvetest on avastatud ahju saviseinale kraabitud luust ( ? ) vilepilli mängiva mehe kujutis , mis arvatavasti on pärit 13. sajandist ( Urtns 1970 , 227 , joon 3 ) .",ahju saviseinale kraabitud luust ( ? ) vilepilli,luust vilepilli,luust vilepill,8,luust,sg el,luu,12,vilepilli,sg p,vilepill,elative_material,,elative_material,elative_material
14940484,"Ühenduslüli on tehtud duralumiiniumist või valgevasest selliselt , et polüetüleenist ühenduslüli abil on teda võimalik ühendada erinevat tüüpi klappidega .",polüetüleenist ühenduslüli abil,polüetüleenist ühenduslüli,polüetüleenist ühenduslüli,10,polüetüleenist,sg el,polüetüleen,11,ühenduslüli,sg g,ühenduslüli,elative_material,,elative_material,elative_material
14492916,Ühe väikese võidu olid Kanter ja tema islandlasest treener Vesteinn Hafsteinsson aga saanud juba enne võistlust .,ja tema islandlasest treener vesteinn hafsteinsson,islandlasest treener,islandlasest treener,8,islandlasest,sg el,islandlane,9,treener,sg n,treener,elative_attribute,,elative_attribute,elative_attribute
11135142,"Jaanika ( 29 ) : « Veel aasta tagasi oli minu elu üsna üksluine : kodu ja töö , ja nii päevast päeva .",", ja nii päevast päeva",päevast päeva,päevast päev,22,päevast,sg el,päev,23,päeva,sg p,päev,other,KUST KUHU,other,other
2184465,"Paraguay itaallasest treener Cesare Maldini polnudki kõige pettunum : "" Mängisime 45 minutit väga hästi , kuid teisel poolajal andsime ohjad käest ja see maksis kätte .",paraguay itaallasest treener cesare maldini,itaallasest treener,itaallasest treener,2,itaallasest,sg el,itaallane,3,treener,sg n,treener,elative_attribute,,elative_attribute,elative_attribute
13233494,""" See ületas kõik mu ootused ! "" kiitis koreograafist kohtunik Bruno Tonioli .",koreograafist kohtunik bruno tonioli,koreograafist kohtunik,koreograafist kohtunik,10,koreograafist,sg el,koreograaf,11,kohtunik,sg n,kohtunik,elative_attribute,,elative_attribute,elative_attribute
887287,Narva linnavalitsuse pressisekretäri sõnul soovivad linnavõimude sanktsioneeritud piketist osavõtjad ministriga kohtuda .,linnavõimude sanktsioneeritud piketist osavõtjad,piketist osavõtjad,piketist osavõtja,8,piketist,sg el,pikett,9,osavõtjad,pl n,osavõtja,other,ja-ending,other,other
8136920,"13 aastat Euroopa Komisjonis töötanud soomlasest volinik ütles põgusas intervjuus Eesti Päevalehele , et pooldab Eesti ettevõtete tulumaksuvabastuse kaotamist .",13 aastat euroopa komisjonis töötanud soomlasest volinik,soomlasest volinik,soomlasest volinik,6,soomlasest,sg el,soomlane,7,volinik,sg n,volinik,elative_attribute,,elative_attribute,elative_attribute
1848711,Kreeka korvpalliklubi Saloniki Aris ameeriklasest ääremängija Joe Arlauckas jäi vahele dopinguaine nandrolooni tarvitamisega .,kreeka korvpalliklubi saloniki aris ameeriklasest ääremängija joe arlauckas,ameeriklasest ääremängija,ameeriklasest ääremängija,5,ameeriklasest,sg el,ameeriklane,6,ääremängija,sg n,ääremängija,elative_attribute,,elative_attribute,elative_attribute
6294314,"Keskerakondlasest abilinnapea Jüri Ratase sõnul saaks Keskerakond ka üksinda linna juhtimisega hakkama , kuid kolmapäeva pärastlõunal kogunev piirkonnajuhatus kaalub erinevate koalitsioonide moodustamise variante ning pole välistatud , et kutse esitatakse ka Res Publicale .",keskerakondlasest abilinnapea jüri ratase,keskerakondlasest abilinnapea,keskerakondlasest abilinnapea,1,keskerakondlasest,sg el,keskerakondlane,2,abilinnapea,sg n,abilinnapea,elative_attribute,,elative_attribute,elative_attribute
15101967,68m oleks ilusti 3000 tulnud aga mingi nohkarist plika püüdis kinni,mingi nohkarist plika,nohkarist plika,nohkarist plika,8,nohkarist,sg el,nohkar,9,plika,sg n,plika,elative_attribute,,elative_attribute,other
7612091,"“ Ametlikult esitleme radarit märtsi lõpul toimuval autonäitusel “ Motorex ” , kus iga asjast huvitatu saab aparaadi töövõimalusi oma silmaga näha , ” räägib Kukk .",iga asjast huvitatu,asjast huvitatu,asjast huvitatu,15,asjast,sg el,asi,16,huvitatu,sg n,huvitatu,other,u-ending,other,other
15455938,"Tuli kolleeg toimetusse , puust hang näpus .",", puust hang näpus",puust hang,puust hang,5,puust,sg el,puu,6,hang,sg n,hang,elative_material,,elative_material,elative_material
7964558,"Seni pilkepiltide aineks olnud maalrisell , kisakõrist rahvahullutaja , kanavargil käiva rebasena ülbe ja ühtlasi kohmetu-häbelik mühakas tõuseb porist ja pilgetest ühiskonna etteotsa .",", kisakõrist rahvahullutaja",kisakõrist rahvahullutaja,kisakõrist rahvahullutaja,7,kisakõrist,sg el,kisakõri,8,rahvahullutaja,sg n,rahvahullutaja,elative_attribute,,elative_attribute,other
7577541,"( Nina Hartley , feministist pornostaar ) .",", feministist pornostaar",feministist pornostaar,feministist pornostaar,5,feministist,sg el,feminist,6,pornostaar,sg n,pornostaar,elative_attribute,,elative_attribute,elative_attribute
14847686,Idee poolest ei tohiks ju raske olla võtta pildi infost kuupäev ja siis kleepida see etteantud ( asukoht võiks olla pildi alumise ja parempoolse ääre suhtes ) parameetrite alusel pildile .,infost kuupäev,infost kuupäev,infost kuupäev,10,infost,sg el,info,11,kuupäev,sg n,kuupäev,error,syntax,other,other
7775373,"Kampaaniast osalejaks loetakse spordiharrastaja , kes kuue kuu jooksul harjutab korrapäraselt 2-3 korda nädalas , kokku vähemalt 60 korda .",kampaaniast osalejaks,kampaaniast osalejaks,kampaaniast osaleja,1,kampaaniast,sg el,kampaania,2,osalejaks,sg tr,osaleja,other,ja-ending,other,other
14009873,RATTASPORT : Veronas alanud maanteesõidu MM-il asusid esimesena võistlustulle naisjuuniorid 16 km pikkusel eraldistardist sõidul .,16 km pikkusel eraldistardist sõidul,eraldistardist sõidul,eraldistardist sõit,14,eraldistardist,sg el,eraldistart,15,sõidul,sg ad,sõit,other,KUST MIS,other,other
2400361,"Tallinna prokuratuur pikendas kolmapäeval Venezuelas elava eestlasest miljonäri Harry Männili võimaliku natsimineviku uurimist , teatas BNS .",kolmapäeval venezuelas elava eestlasest miljonäri harry männili,eestlasest miljonäri,eestlasest miljonär,7,eestlasest,sg el,eestlane,8,miljonäri,sg g,miljonär,elative_attribute,,elative_attribute,elative_attribute
10011256,Itaalia keelest Aleksander Kurtna .,itaalia keelest aleksander kurtna .,keelest aleksander,keelest Aleksander,2,keelest,sg el,keel,3,aleksander,sg n,Aleksander,other,ellips,other,other
11317881,Vene keelest Margus Leemets .,vene keelest margus leemets .,keelest margus,keelest Margus,2,keelest,sg el,keel,3,margus,sg n,Margus,other,ellips,other,other
12299896,"Delfi rubriigi delfi@comment toimetaja Hans H. Luik ütles eile konverentsil “ Uus meedia ” , et toimetus on kaalunud võimalust kehtestada internetiportaalis avaldatud uudiseid ja arvamusi kommenteerivatele veebikasutajatele juba sügisest nõue avalikustada oma serveri nimi .",juba sügisest nõue avalikustada oma serveri nimi,sügisest nõue,sügisest nõue,31,sügisest,sg el,sügis,32,nõue,sg n,nõue,error,syntax,other,other
6248268,"Alagrupi favoriidiks kerkib ilmselt Fenerbahce , kes on juba sõlminud lepingu viimati Venemaa klubides liidrirolli kandnud meestega : lätlasest tsentri Kaspars Kambala ( mängis Kaasanis ) ning ameeriklasest ääre Jarod Stevensoniga ( Rostov ) .",: lätlasest tsentri kaspars kambala ( mängis kaasanis ) ning ameeriklasest ääre jarod stevensoniga ( rostov ),lätlasest tsentri,lätlasest tsenter,19,lätlasest,sg el,lätlane,20,tsentri,sg g,tsenter,elative_attribute,,elative_attribute,elative_attribute
10526656,"Loomulikult jääb mõrvamüsteeriumi ajaline haare vaid lugeja teada , satanistist ehitusmeister minevikus ja tema tegude tagajärgi uuriv meie aja detektiiv , kellele kõik soovitavad puhkust võtta , aimavad vaid põhjus-tagajärgede kestvust ja ulatust .","satanistist ehitusmeister minevikus ja tema tegude tagajärgi uuriv meie aja detektiiv , kellele kõik soovitavad puhkust võtta",satanistist ehitusmeister,satanistist ehitusmeister,10,satanistist,sg el,satanist,11,ehitusmeister,sg n,ehitusmeister,elative_attribute,,elative_attribute,elative_attribute
1899310,"Et rahval on õiglustunne , ja kui seda päevast päeva riivatakse riigijuhtimise igal tasandil , siis on negatiivne vastureageering vältimatu .",seda päevast päeva,päevast päeva,päevast päev,9,päevast,sg el,päev,10,päeva,sg p,päev,other,KUST KUHU,other,other
7628402,"Kohrutatud , maalitud või narmastatud nahast kõrvarõngad , käevõrud , kaelaehted - jube-jube-jube !!!","kohrutatud , maalitud või narmastatud nahast kõrvarõngad , käevõrud , kaelaehted - jube-jube-jube !!!",nahast kõrvarõngad,nahast kõrvarõngas,6,nahast,sg el,nahk,7,kõrvarõngad,pl n,kõrvarõngas,elative_material,,elative_material,elative_material
2275765,"Uibo hinnangul oli üheksakümnendate alguses munitsipaalpolitseist ülikoolilinnas siiski kasu , sest koos suudeti ära hoida kuritegevuse kasv .","uibo hinnangul oli üheksakümnendate alguses munitsipaalpolitseist ülikoolilinnas siiski kasu , sest koos suudeti ära hoida kuritegevuse kasv .",munitsipaalpolitseist ülikoolilinnas,munitsipaalpolitseist ülikoolilinn,6,munitsipaalpolitseist,sg el,munitsipaalpolitsei,7,ülikoolilinnas,sg in,ülikoolilinn,error,syntax,elative_attribute,other
2065835,"Reisikatamaraan Max Mols startis eile pärast ühetunnist viivitust Riia Reisisadamast oma esimesele reisile Stockholmi , vahendas ETA .",pärast ühetunnist viivitust,ühetunnist viivitust,ühetunnist viivitus,7,ühetunnist,sg el,ühetund,8,viivitust,sg p,viivitus,error,adjective,other,other
10698526,"Esmalt mängitakse Nico Mattanile ja Ag2r-ist tulevale Andrei Kivilevile , väiksematel tuuridel David Millarile , eraldistardist sõidu spetsialistile .",eraldistardist sõidu,eraldistardist sõidu,eraldistardist sõit,16,eraldistardist,sg el,eraldistart,17,sõidu,sg g,sõit,other,KUST MIS,other,other
4279492,"Konkursist osavõtnute hulgas oli palju neidki , kes avaldasid soovi omal jõul , ilma valitsuse toetuseta , kohapealsete jõudude abiga alustada millecentenariumi ürituste organiseerimist .","konkursist osavõtnute hulgas oli palju neidki , kes avaldasid soovi omal jõul , ilma valitsuse toetuseta , kohapealsete jõudude abiga alustada millecentenariumi ürituste organiseerimist .",konkursist osavõtnute,konkursist osavõtnu,1,konkursist,sg el,konkurss,2,osavõtnute,pl g,osavõtnu,other,u-ending,other,other
15560126,Allakirjutanu pruugib juba paar aega jalgrattapoest ostetud neoonkollast helkurvööd .,paar aega jalgrattapoest ostetud neoonkollast helkurvööd,neoonkollast helkurvööd,neoonkollast helkurvöö,8,neoonkollast,sg el,neoonkold,9,helkurvööd,sg p,helkurvöö,error,adjective,other,other
10969524,"Halbade laenudega seotud linnavalitsuse töötajate nimesid ei soovinud Ants Leemets esialgu avalikustada , täpsustas vaid , et jutt käib viiest-kuuest ametnikust .",viiest-kuuest ametnikust,viiest-kuuest ametnikust,viiest-kuuest ametnik,20,viiest-kuuest,sg el,viiest-kuub,21,ametnikust,sg el,ametnik,other,quantifier construction,other,other
8173882,Täpselt nagu mitmegi mõisahoones asuva kooli külge tekkis omal ajal kole silikaadist võimla .,kole silikaadist võimla,silikaadist võimla,silikaadist võimla,12,silikaadist,sg el,silikaat,13,võimla,sg n,võimla,elative_material,,elative_material,elative_material
297000,"Kui tähtaeg möödub tulemusteta , siis on võlausaldaja õigustatud otsekohe , niisiis ilma nõude tähtaja saabumiseta , nõudma rahuldust kinnisasjast , s.t. teostama sundtäitmist kinnisasjast kohtuotsuse alusel ( § 1133 ) .",kinnisasjast kohtuotsuse,kinnisasjast kohtuotsuse,kinnisasjast kohtuotsus,25,kinnisasjast,sg el,kinnisasi,26,kohtuotsuse,sg g,kohtuotsus,error,syntax,other,other
2175305,"Leitch meenutab eespool mainitud intervjuus : "" Florida anglistika kateeder ja tudengid teadsid küll ähmaselt , et Oras on eesti , ladina , saksa , prantsuse ja teistes keeltes töötav tõlkija , ent seda tööd peeti Euroopa minevikuga seotud kõrvalharrastuseks ja ainult vähesed andsid endale aru , et eesti kontekstis ei ole pagulasest tõlkija Ants Oras mitte ainuüksi renessanssluule viljakas uurija , vaid ka tooniandev literaat . """,", et eesti kontekstis ei ole pagulasest tõlkija ants oras mitte ainuüksi renessanssluule viljakas uurija , vaid ka tooniandev literaat",pagulasest tõlkija,pagulasest tõlkija,53,pagulasest,sg el,pagulane,54,tõlkija,sg n,tõlkija,elative_attribute,,elative_attribute,elative_attribute
153318,Piiblist nime panek oli tunnustus .,piiblist nime,piiblist nime,piiblist nimi,1,piiblist,sg el,piibel,2,nime,sg g,nimi,error,syntax,other,other
7147041,"Ameeriklasest rahvusvaheliste suhete professor Alan Kuperman Johns Hopkinsi Ülikooli Bologna keskusest arvab , et kuigi Itaalia rahuliikumine suunatud Bushi sõja vastu Iraagis , pole õige väita , et sõja vastased on ka Ameerika ning ameeriklaste vastu :",ameeriklasest rahvusvaheliste suhete professor alan kuperman johns,ameeriklasest professor,ameeriklasest professor,1,ameeriklasest,sg el,ameeriklane,4,professor,sg n,professor,elative_attribute,,elative_attribute,elative_attribute
7965595,Rannakülast kalakoormaga turul käinud kalur olevat tagasiteel neil ööbimas .,rannakülast kalakoormaga,rannakülast kalakoormaga,rannakülast kalakoorem,1,rannakülast,sg el,rannaküla,2,kalakoormaga,sg kom,kalakoorem,error,syntax,other,other
10812939,"Universaalsest maagilisest maailmatunnetusest ja ebausust kõneleb fakt , et vanglast lahkuja on pühitud luuaga kambrist välja , et ta enam tagasi ei tuleks , tabunimede ütlemiseks on kõikjal kasutatud eufemisme jne.",vanglast lahkuja,vanglast lahkuja,vanglast lahkuja,10,vanglast,sg el,vangla,11,lahkuja,sg n,lahkuja,other,ja-ending,other,other
7743464,"Maamaksust on plaanitud koguda 6,157 miljonit krooni , hasartmängumaksust 300 000 krooni .",", hasartmängumaksust 300 000 krooni",hasartmängumaksust krooni,hasartmängumaksust kroon,9,hasartmängumaksust,sg el,hasartmängumaks,11,krooni,sg p,kroon,other,ellips,other,other
10379233,"Tähetargast treener Miroslav Blazevic : "" MM-i finaalis kohtuvad Horvaatia ja Prantsusmaa ""","tähetargast treener miroslav blazevic : "" mm-i finaalis kohtuvad horvaatia ja prantsusmaa """,tähetargast treener,tähetargast treener,1,tähetargast,sg el,tähetark,2,treener,sg n,treener,elative_attribute,,elative_attribute,elative_attribute
14233169,"Mingis muus liikmesriigis kui Taanis täitunud kindlustus- või töötamisperioode või füüsilisest isikust ettevõtjana tegutsemise perioode võetakse arvesse loa andmisel liitumiseks heakskiidetud töötute kindlustusfondiga samal viisil , nagu oleks tegemist Taanis täitunud töötamisperioodide või füüsilisest isikust ettevõtjana tegutsemise perioodidega .",või füüsilisest isikust ettevõtjana,isikust ettevõtjana,isikust ettevõtja,12,isikust,sg el,isik,13,ettevõtjana,sg es,ettevõtja,elative_attribute,,elative_attribute,other
12051802,"Lameekraanist seinal saab tõelise kaifi vaid siis , kui see pole juhtmepundardesse mässitud .",lameekraanist seinal,lameekraanist seinal,lameekraanist sein,1,lameekraanist,sg el,lameekraan,2,seinal,sg ad,sein,other,MIS KUS,other,other
3170440,"Vastuväiteks tuuakse asjaolu , et paljud uue töökoha otsijad ongi lahkunud varasemast töökohast enda soovil ( ning saavad seetõttu ainult riiklikku , häbiväärselt madalat , 400 kroonist abiraha , mitte endise poole palgani ulatuvat töötuskindlustushüvitist ) .","ainult riiklikku , häbiväärselt madalat , 400 kroonist abiraha , mitte endise poole palgani ulatuvat töötuskindlustushüvitist",kroonist abiraha,kroonist abiraha,27,kroonist,sg el,kroon,28,abiraha,sg n,abiraha,error,adjective,other,other
10118548,"President Lennart Meri sõnul tuleb Eesti kodanikel homme valida Euroopa ja Venemaa vahel ning ei tohi unustada , et päevast päeva toodetakse Eestis endiselt nõukogude korda .",päevast päeva,päevast päeva,päevast päev,20,päevast,sg el,päev,21,päeva,sg p,päev,other,KUST KUHU,other,other
15525638,lugu minu ostust ordist :,lugu minu ostust ordist :,ostust ordist,ostust ordist,3,ostust,sg el,ost,4,ordist,sg n,ordist,other,ellips,other,other
400233,72. minutil vahetas eestlase välja norralasest ründaja Frank Strandli .,norralasest ründaja frank strandli,norralasest ründaja,norralasest ründaja,6,norralasest,sg el,norralane,7,ründaja,sg n,ründaja,elative_attribute,,elative_attribute,elative_attribute
353594,"Tugeva seltskonna meelitab Götzisesse ka naiste seitsmevõistlus , kuid oodatuim külaline , süürlannast olümpiavõitja Ghada Shouaa venitas reielihast ja jääb ihuarsti korraldusel kõrvale .",", süürlannast olümpiavõitja ghada shouaa",süürlannast olümpiavõitja,süürlannast olümpiavõitja,13,süürlannast,sg el,süürlanna,14,olümpiavõitja,sg n,olümpiavõitja,elative_attribute,,elative_attribute,elative_attribute
2155219,"Keskerakondlasest rahandusministri Harri Õunapuu kasutuses on uus ametiauto Chrysler 300M , teatas BNS .",keskerakondlasest rahandusministri harri õunapuu,keskerakondlasest rahandusministri,keskerakondlasest rahandusminister,1,keskerakondlasest,sg el,keskerakondlane,2,rahandusministri,sg g,rahandusminister,elative_attribute,,elative_attribute,elative_attribute
9636650,"A-grupist saavad edasi Holland ja Shotimaa , B-grupist Prantsusmaa ja Hispaania , C-grupist Venemaa ja Saksamaa ning D-grupist Portugal ja Horvaatia .",", b-grupist prantsusmaa",b-grupist prantsusmaa,b-grupist Prantsusmaa,8,b-grupist,sg el,B-grupp,9,prantsusmaa,sg n,Prantsusmaa,other,ellips,elative_attribute,other
16210496,"Füüsilisest isikust ettevõtjate puhul sõltub töötushüvitise ( Arbeitslosenhilfe ) maksmine sellest , kas asjaomane isik enne töötuks registreerimist töötas vähemalt ühe aasta peamiselt füüsilisest isikust ettevõtjana Saksamaa Liitvabariigi territooriumil ega ole lihtsalt seda tööd ajutiselt katkestanud .",füüsilisest isikust ettevõtjate puhul,isikust ettevõtjate,isikust ettevõtja,2,isikust,sg el,isik,3,ettevõtjate,pl g,ettevõtja,elative_attribute,,elative_attribute,other
8265337,"Lugedes sinu elulugu , on tähelepanuväärne , et üsna nullist alustanud eestlasest kunstnik Pariisis on suutnud vältida kommertsgaleriisid ja tõusnud võrdlemisi kiiresti eliitgaleriide huviorbiiti .",üsna nullist alustanud eestlasest kunstnik pariisis,eestlasest kunstnik,eestlasest kunstnik,12,eestlasest,sg el,eestlane,13,kunstnik,sg n,kunstnik,elative_attribute,,elative_attribute,elative_attribute
1915064,Taksoroolist otse trenni,taksoroolist otse trenni,taksoroolist trenni,taksoroolist trenn,1,taksoroolist,sg el,taksorool,3,trenni,sg g,trenn,other,KUST KUHU,other,elative_material
10973273,"Tema loodud endine aadlikust elumees Vorobjanin ei sarnane küll väliselt romaani tegelasele , on seda aga kahtlemata oma vaimult ja olemuselt .",tema loodud endine aadlikust elumees vorobjanin,aadlikust elumees,aadlikust elumees,4,aadlikust,sg el,aadlik,5,elumees,sg n,elumees,elative_attribute,,elative_attribute,elative_attribute
9202247,"See sai just selline , nagu me soovisime -- meie mängime , rahvas voorib meist mööda , siis kõlavad valjuhääldajast teadaanded ...",valjuhääldajast teadaanded,valjuhääldajast teadaanded,valjuhääldajast teadaanne,20,valjuhääldajast,sg el,valjuhääldaja,21,teadaanded,pl n,teadaanne,error,syntax,other,elative_attribute
10385269,"Inglise klubi Liverpool käskis 24-aastasel tšehhist võõrleegionäril Patrik Bergeril otsida endale uus klubi pärast seda , kui Berger keeldus osalemast Liverpooli ja Leedsi varumeeste vahelisel kohtumisel .",24-aastasel tšehhist võõrleegionäril patrik bergeril,tšehhist võõrleegionäril,tšehhist võõrleegionär,6,tšehhist,sg el,tšehh,7,võõrleegionäril,sg ad,võõrleegionär,elative_attribute,,elative_attribute,elative_attribute
12816786,"Ahtmes vahistati 22aastane Sergei , kelle korterist leiti kolm süstalt ja seitse hõbepaberist pakikest pruuni ainega .",ja seitse hõbepaberist pakikest pruuni ainega,hõbepaberist pakikest,hõbepaberist pakike,13,hõbepaberist,sg el,hõbepaber,14,pakikest,sg p,pakike,elative_material,,elative_material,elative_material
14742827,"Esimene kiiruskatse oli ebaõnnestunud ka jälgitavuselt , seeeest Lauluväljaku katse oli tipptopp .",seeeest lauluväljaku katse,seeeest katse,seeeest katse,8,seeeest,sg el,seeee,10,katse,sg n,katse,error,pos,other,other
10409106,"Aitab juba väikesest punasest lisandist riietuses , et endale tähelepanu tõmmata .",väikesest punasest lisandist riietuses,lisandist riietuses,lisandist riietus,5,lisandist,sg el,lisand,6,riietuses,sg in,riietus,other,MIS KUS,other,other
15743658,"Alepi sõnul on vihmad maha löönud osa varast otra , teistele viljadele on kahju väiksem .",varast otra,varast otra,varast oder,8,varast,sg el,vara,9,otra,adt,oder,error,adjective,other,other
5942401,"Ühispank viis alates tänasest oma hinnakirja sisse muudatused , mille kohaselt on üle 60aastastele klientidele kuni 500 krooni ulatuses sularaha väljavõtmine pangakontorist teenustasuta .",pangakontorist teenustasuta,pangakontorist teenustasuta,pangakontorist teenustasu,22,pangakontorist,sg el,pangakontor,23,teenustasuta,sg ab,teenustasu,error,syntax,other,other
9491269,"Pildistamiseks üritame mootori abil veel korra kärestikuni vastuvoolu tagasi sõita , kuid ei õnnestu - vool on paadi mootorist peajagu üle .",- vool on paadi mootorist peajagu üle,mootorist peajagu,mootorist peajagu,19,mootorist,sg el,mootor,20,peajagu,sg n,peajagu,other,copula,other,other
4244905,Samas on A-turniirist osavõtjate seas Tallinna saabujatest kõrgeima Elo koefitsiendiga ( 2655 ) maletaja Ulf Andersson ( Rootsi ) .,samas on a-turniirist osavõtjate seas tallinna saabujatest kõrgeima elo koefitsiendiga ( 2655 ) maletaja ulf andersson ( rootsi ) .,a-turniirist osavõtjate,a-turniirist osavõtja,3,a-turniirist,sg el,A-turniir,4,osavõtjate,pl g,osavõtja,other,ja-ending,other,other
10968961,"Enne reedest vooru oli variante mitu , kuna liider BC Tallinn edestas KK Baltikat ühe võiduga , niisamuti oli KK Tartul võit rohkem BC Kalevist .",enne reedest vooru,reedest vooru,reedest voor,2,reedest,sg el,reede,3,vooru,sg p,voor,error,adjective,other,other
7725839,"Kreeklased suutsid teisel poolajal Schmidti hästi kinni võtta - kui avapoolajal kogus ta 25 , siis teise 20 minuti jooksul vaid seitse silma ( mängust vaid üks korv ! ) .",( mängust vaid üks korv ! ),mängust korv,mängust korv,25,mängust,sg el,mäng,28,korv,sg n,korv,other,ellips,other,other
3927243,"Kolme alustala ümber ehitatud pleksiklaasist seinad on liigutatavad nii , et autoga pääseb sisse ja välja mõlemast otsast .",kolme alustala ümber ehitatud pleksiklaasist seinad,pleksiklaasist seinad,pleksiklaasist sein,5,pleksiklaasist,sg el,pleksiklaas,6,seinad,pl n,sein,elative_material,,elative_material,elative_material
11918173,Kallimasse hinnaklassi kuulub ka metallist või puidust-metallist või tekstiilist-metallist aiamööbel .,ka metallist või puidust-metallist või tekstiilist-metallist aiamööbel,metallist aiamööbel,metallist aiamööbel,5,metallist,sg el,metall,10,aiamööbel,sg n,aiamööbel,elative_material,,elative_material,elative_material
8811767,"Kõik tundsid : too oli eesti rahva lipp , mitte vaid seltsi lipp - eks eesti soost akadeemiline noorus kehastanud olematut Eesti riiki , kes muu .",eesti soost akadeemiline noorus,soost noorus,soost noorus,17,soost,sg el,sugu,19,noorus,sg n,noorus,other,collective,other,other
7931593,"Väga äkki ilmuvad puude vahelt kaks luukollast sarve , ogaline kärssnina ja punakad silmad .","kaks luukollast sarve , ogaline kärssnina ja punakad silmad",luukollast sarve,luukollast sarv,7,luukollast,sg el,luukold,8,sarve,sg g,sarv,error,adjective,other,other
3508057,"Teiste seas ka eesti soost kunstnik Mark Kalev Kostabi ja Chaplini kultuurikeskus , kes soovisid sinna paigutada Kostabi püsiekspositsiooni .",ka eesti soost kunstnik mark kalev,soost kunstnik,soost kunstnik,5,soost,sg el,sugu,6,kunstnik,sg n,kunstnik,other,collective,other,other
13499322,"Toona õnnestus turniiridel , käsitöökodadel ja õhtusel demonstratiivsel kindlusevallutusel kohale meelitada oodatust enam rahvast ning menust kannustatuna otsustasid korraldajad ettevõtmist jätkata .",menust kannustatuna,menust kannustatuna,menust kannustatu,16,menust,sg el,menu,17,kannustatuna,sg es,kannustatu,other,u-ending,other,other
7379988,"“ Möödunud aasta sügisel murdus Vastse-Roosa kordoni lähistel vana puidust piiripost ja see tuli tahes-tahtmata uuega asendada , ” loetles kapten Kõva .",vana puidust piiripost,puidust piiripost,puidust piiripost,10,puidust,sg el,puit,11,piiripost,sg n,piiripost,elative_material,,elative_material,elative_material
2601256,"Lõuna-Korea hollandlasest treener Guus Hiddink oli omadega uskumatult rahul : "" Need mängijad on võimelised väga kiiresti õppima , sest neil pole nii kõrgel tasemel mängimise kogemusi eriti palju .",lõuna-korea hollandlasest treener guus hiddink,hollandlasest treener,hollandlasest treener,2,hollandlasest,sg el,hollandlane,3,treener,sg n,treener,elative_attribute,,elative_attribute,elative_attribute
9512904,"Kiirustamisest hoolimata on jõutud kirikusse teha imekaunis marmorist mosaiikpõrand , hilisematel sajanditel on lisandunud mosaiigid seintele .",imekaunis marmorist mosaiikpõrand,marmorist mosaiikpõrand,marmorist mosaiikpõrand,8,marmorist,sg el,marmor,9,mosaiikpõrand,sg n,mosaiikpõrand,elative_material,,elative_material,elative_material
7251210,Viimased kolm aastat on töötatud füüsilisest isikust ettevõtjatena .,füüsilisest isikust ettevõtjatena,isikust ettevõtjatena,isikust ettevõtja,7,isikust,sg el,isik,8,ettevõtjatena,pl es,ettevõtja,elative_attribute,,elative_attribute,other
656258,"Samas on näha , et maailma liikumine tööstusajastust infoajastusse toob töö üha rohkem kodustesse ruumidesse .",tööstusajastust infoajastusse,tööstusajastust infoajastusse,tööstusajastust infoajastu,8,tööstusajastust,sg el,tööstusajastu,9,infoajastusse,sg ill,infoajastu,error,syntax,other,other
1287170,"Kohe saabumise järel sõitis Johannes Paulus oma kuulikindlast klaasist paavstiautos Arafati paleesse , kust palestiinlaste liider on valitsenud 1995.aastal Iisraelilt saadud omavalitsusalasid .",oma kuulikindlast klaasist paavstiautos,klaasist paavstiautos,klaasist paavstiauto,9,klaasist,sg el,klaas,10,paavstiautos,sg in,paavstiauto,elative_material,,elative_material,elative_material
12044132,"Kiirusejanustele pidi piisama suure sedaani S80 2,9 liitrisest turbost , mil koguni 272 hj .","suure sedaani s80 2,9 liitrisest turbost , mil koguni 272 hj",liitrisest turbost,liitrisest turbost,8,liitrisest,sg el,liitrine,9,turbost,sg n,turbost,error,adjective,other,other
6250433,"Füüsilisest isikust ettevõtja puhul on tasumisele kuuluva tulu- ja sotsiaalmaksu vähendamise võimalusi rohkem , kuid maksude korrektse tasumise kohustus lasub temal endal .",füüsilisest isikust ettevõtja puhul,isikust ettevõtja,isikust ettevõtja,2,isikust,sg el,isik,3,ettevõtja,sg g,ettevõtja,elative_attribute,,elative_attribute,other
5606933,"Valitsus võib tulenevalt terrorismiohust maailmas koostada järgmise aasta riigieelarve uue erakorralise prognoosi , mille tulemusel võib 2002. aasta riigieelarve maht väheneda .",terrorismiohust maailmas,terrorismiohust maailmas,terrorismiohust maailm,4,terrorismiohust,sg el,terrorismioht,5,maailmas,sg in,maailm,other,MIS KUS,other,other
5547552,"Soomlasest peatreener Henrik Dettmann on kindel , et teist korda sama reha peale ei astuta .",soomlasest peatreener henrik dettmann,soomlasest peatreener,soomlasest peatreener,1,soomlasest,sg el,soomlane,2,peatreener,sg n,peatreener,elative_attribute,,elative_attribute,elative_attribute
10866874,Riigiprokuratuur pöördus eile keskvalimiskomisjoni poole palvega tühistada Narva linnavolikogu endisest KGB ohvitserist saadiku Valdek Lansi mandaat ja tunnistada tema antud süümevanne valeks .,narva linnavolikogu endisest kgb ohvitserist saadiku valdek lansi,ohvitserist saadiku,ohvitserist saadik,12,ohvitserist,sg el,ohvitser,13,saadiku,sg g,saadik,elative_attribute,,elative_attribute,elative_attribute
6416727,"Remontijad ei ole ka mingi eluaegne klubi , sellest vaatepunktist alustaja võib muuta üsna kiiresti oma vaateid , kui tal tekib vajadus ja võimalus teistsuguse ülikoolikorralduse efektiivsuses veenduda .",sellest vaatepunktist alustaja,vaatepunktist alustaja,vaatepunktist alustaja,10,vaatepunktist,sg el,vaatepunkt,11,alustaja,sg n,alustaja,other,ja-ending,other,other
10966034,"Euroopa inimõiguste konventsiooni kuues artikkel , mis on juba aasta Eestile siduv , sätestab näiteks , et “ ... ajakirjanikke ja üldsust võidakse ... eemaldada kas kogu või osast protsessist kõlbluse , avaliku korra või riigi julgeoleku huvides või kui seda nõuavad alaealise huvid või osapoolte eraelu kaitse või erilistel asjaoludel , kus avalikkus võib kahjustada õigusemõistmise huve , ulatuses , mis on kohtu arvates vältimatult vajalik ” .","kas kogu või osast protsessist kõlbluse , avaliku korra või riigi julgeoleku huvides",protsessist kõlbluse,protsessist kõlblus,30,protsessist,sg el,protsess,31,kõlbluse,sg g,kõlblus,error,syntax,other,other
10800489,"“ Meeskond pidas kinni mängudistsipliinist , ” tundis Kalevi hollandlasest peatreener  Maarten van Gent  heameelt .",kalevi hollandlasest peatreener maarten van gent,hollandlasest peatreener,hollandlasest peatreener,10,hollandlasest,sg el,hollandlane,11,peatreener,sg n,peatreener,elative_attribute,,elative_attribute,elative_attribute
2900477,"Näiteks võiks reservlaenust abi olla vanematel , kes aitavad oma lapsi iseseisva elu alustamisel ja kodu soetamisel , samuti võiks laenu kasutada olemasoleva eluaseme renoveerimiseks , suvekodu soetamiseks , äriettevõtte asutamiseks või toimiva firma laienemisesse investeerimiseks .",reservlaenust abi,reservlaenust abi,reservlaenust abi,3,reservlaenust,sg el,reservlaen,4,abi,sg p,abi,other,government,other,other
13855829,"Kui tšehhist äss mullu Stanley Cupi võitjana hokist loobus , tunnistas ta , et mängunälg on kadunud .",tšehhist äss,tšehhist äss,tšehhist äss,2,tšehhist,sg el,tšehh,3,äss,sg n,äss,elative_attribute,,elative_attribute,elative_attribute
7268731,"Erialaliselt on rahvast seinast seina , alates arstidest , pedagoogidest , raamatupidajatest majandusjuhtide ja tollitöötajateni välja .","rahvast seinast seina , alates arstidest , pedagoogidest , raamatupidajatest majandusjuhtide ja tollitöötajateni välja",seinast seina,seinast sein,4,seinast,sg el,sein,5,seina,sg p,sein,other,KUST KUHU,other,other
2787919,"Keskerakondlasest riigikogu liikme Heimar Lengi hinnangul on Keskerakonna populaarsus võtnud sellised mõõtmed , et ilma selle erakonnata ei saaks rääkida enam ka Eesti riigist .",keskerakondlasest riigikogu liikme heimar lengi,keskerakondlasest liikme,keskerakondlasest liige,1,keskerakondlasest,sg el,keskerakondlane,3,liikme,sg g,liige,elative_attribute,,elative_attribute,elative_attribute
5397498,Ligikaudu samal ajal - alates 1996. aastast - avaldus CJT Suurbritannias ootamatult mitmel noorukil ja noorel täiskasvanul .,ligikaudu samal ajal - alates 1996. aastast - avaldus cjt suurbritannias ootamatult mitmel noorukil ja noorel täiskasvanul .,aastast avaldus,aastast avaldus,7,aastast,sg el,aasta,9,avaldus,sg n,avaldus,error,pos,other,other
10523992,"Vaheajal ei korraldata korrektseid kolonne koridoris ringiratast jalutajatest nagu minu kooliajal Tallinnas , vaid seistakse puhvetite ümber , raske keraamiline kandik , mille otsas tilbendab tibatilluke kohvitass või plastmassist shampusemuki näpu vahel .",või plastmassist shampusemuki näpu vahel,plastmassist näpu,plastmassist näpp,29,plastmassist,sg el,plastmass,31,näpu,sg g,näpp,error,syntax,elative_material,elative_material
16149260,"See võit intressides oleks antud juhul kas või riigipoolseks toetuseks nii Eesti Postile , veelgi enam aga tavakodanikust tarbijale ja omakorda selle kõige vähem kindlustatud osale .",aga tavakodanikust tarbijale,tavakodanikust tarbijale,tavakodanikust tarbija,18,tavakodanikust,sg el,tavakodanik,19,tarbijale,sg all,tarbija,elative_attribute,,elative_attribute,elative_attribute
7286934,"Kolmandat käsitlusviisi esindab järgmise põlvkonna , sajandivahetuse eesti soost ametniku nägemus - ametnikustaatus on ihaldusväärne , kuid probleemiks on see , et olemasolevad ametlikud ja mitteametlikud struktuurid ei luba eestlastel leida teenistust kodumaal .",eesti soost ametniku,soost ametniku,soost ametnik,9,soost,sg el,sugu,10,ametniku,sg g,ametnik,other,collective,other,other
11960699,Marko Asmeri norralasest mänedžer Harald Huysman pidas hoolealuse äsjast lepingut Inglismaa vormel-3 Hitech Racingu meeskonnaga suureks sammuks peaeesmärgi vormel-ühe suunas .,marko asmeri norralasest mänedžer harald huysman,norralasest mänedžer,norralasest mänedžer,3,norralasest,sg el,norralane,4,mänedžer,sg n,mänedžer,elative_attribute,,elative_attribute,elative_attribute
941613,"Sõjavangilaagris tutvuvad mehed jõuka juudi soost pankuri leitnant Rosenthaliga ( Marcel Dalio , 1900-1983 ) ning peagi satub kolmik kindlusvanglasse , mille komandandiks on preislane von Rauffenstein ( Erich von Stroheim , 1885-1957 ) .",jõuka juudi soost pankuri,soost pankuri,soost pankur,6,soost,sg el,sugu,7,pankuri,sg g,pankur,other,collective,other,other
6317538,Alates 1980. aastast Eesti Draamateatri näitleja .,alates 1980. aastast eesti draamateatri näitleja .,aastast näitleja,aastast näitleja,3,aastast,sg el,aasta,6,näitleja,sg n,näitleja,other,MIS AJAST KES,other,other
1773279,"Ka hiinlasest meedikult , kuid selgust , mis siis viga , ei ole .","ka hiinlasest meedikult , kuid selgust , mis siis viga , ei ole .",hiinlasest meedikult,hiinlasest meedik,2,hiinlasest,sg el,hiinlane,3,meedikult,sg abl,meedik,elative_attribute,,elative_attribute,elative_attribute
28715,"Age ja Toomas mainivad , et nende väga lähedased sõbrad Londonis on vanem abielupaar , austraallasest skulptor ja ta inglannast naine .",", austraallasest skulptor",austraallasest skulptor,austraallasest skulptor,16,austraallasest,sg el,austraallane,17,skulptor,sg n,skulptor,elative_attribute,,elative_attribute,elative_attribute
8751678,"Ta andis mulle siiski veskikividelt korjatud peotäie jahusegust tolmu , mille ma taskurätiku sisse keerasin ja kaasa viisin kui päratu varanduse . ”","veskikividelt korjatud peotäie jahusegust tolmu , mille ma taskurätiku sisse keerasin ja kaasa viisin kui päratu varanduse",jahusegust tolmu,jahusegust tolm,8,jahusegust,sg el,jahusegu,9,tolmu,sg p,tolm,error,adjective,elative_material,elative_material
10875235,Esikoha pärast konkureerisid Atlanta olümpiamängudel eraldistardist sõidus hõbemedali saanud hispaanlane  Abraham Olano  ja Rostockist pärit Ullrich .,eraldistardist sõidus,eraldistardist sõidus,eraldistardist sõit,6,eraldistardist,sg el,eraldistart,7,sõidus,sg in,sõit,other,KUST MIS,other,other
7814312,Hetke suurim moeröögatus on mullast sõrmused ja kaelakeed !,mullast sõrmused ja kaelakeed,mullast sõrmused,mullast sõrmus,5,mullast,sg el,muld,6,sõrmused,pl n,sõrmus,elative_material,,elative_material,elative_material
9867173,Kalevi korvpallimeeskonna hollandlasest treener Maarten van Gent ( 50 ) ei näinud oma mängijates pärast teisipäeval Poolas saadud dramaatilist võitu ( 78 : 76 ) Pruszkowi Mazowszanka Pekaesi üle võrreldes eelmiste kohtumistega olulist edasiminekut .,kalevi korvpallimeeskonna hollandlasest treener maarten van gent ( 50 ),hollandlasest treener,hollandlasest treener,3,hollandlasest,sg el,hollandlane,4,treener,sg n,treener,elative_attribute,,elative_attribute,elative_attribute
10106051,Kahju võib tekitada ka ravimite ( ka apteegi käsimüügiletist saadute ) väärkasutamine .,( ka apteegi käsimüügiletist saadute ),käsimüügiletist saadute,käsimüügiletist saadu,9,käsimüügiletist,sg el,käsimüügilett,10,saadute,pl g,saadu,other,u-ending,other,other
4730085,Kustutustööde käigus leidis tuletõrje majast surnukeha .,tuletõrje majast surnukeha,majast surnukeha,majast surnukeha,5,majast,sg el,maja,6,surnukeha,sg n,surnukeha,error,syntax,other,other
8863398,Postimehe andmetel peeti kaks Valgas elavat vene rahvusest elanikku kinni Shumilkino piiripunktis 27. jaanuari varahommikul kella 5.40 ajal.,kaks valgas elavat vene rahvusest elanikku,rahvusest elanikku,rahvusest elanik,8,rahvusest,sg el,rahvus,9,elanikku,sg p,elanik,other,collective,other,other
11993541,"Minu enda blogipidamine pole tähendanud , et näost näkku kontakt sõpradega väiksemaks jäänud oleks .",näost näkku,näost näkku,näost nägu,8,näost,sg el,nägu,9,näkku,adt,nägu,other,KUST KUHU,other,other
4803157,Soome keskkonnakeskuse naftatõrjelaev Halli alustas eile hommikul reisiparvlaeva Estonia vrakist nafta väljapumpamist .,estonia vrakist nafta,vrakist nafta,vrakist nafta,10,vrakist,sg el,vrakk,11,nafta,sg g,nafta,error,syntax,other,other
14617427,Algul on külaelanikud peale ühe raudse vanataadi neile maalitud roosilisest tulevikust vaimustuses .,algul on külaelanikud peale ühe raudse vanataadi neile maalitud roosilisest tulevikust vaimustuses .,tulevikust vaimustuses,tulevikust vaimustus,11,tulevikust,sg el,tulevik,12,vaimustuses,sg in,vaimustus,other,government,other,other
15650391,"Tänavu kulub linnaeelarvest laenumakseteks 4,75 mln kr.",linnaeelarvest laenumakseteks,linnaeelarvest laenumakseteks,linnaeelarvest laenumakse,3,linnaeelarvest,sg el,linnaeelarve,4,laenumakseteks,pl tr,laenumakse,error,syntax,other,other
